2017-10-01,0.0217,0.0322,0.0174,0.025,0.025,50068700.0,ADA
2017-10-02,0.0246,0.0301,0.02,0.0259,0.0259,57641300.0,ADA
2017-10-03,0.0258,0.0274,0.0207,0.0208,0.0208,16997800.0,ADA
2017-10-04,0.0209,0.0228,0.0209,0.0219,0.0219,9000050.0,ADA
2017-10-05,0.022,0.0222,0.0209,0.0215,0.0215,5562510.0,ADA
2017-10-06,0.0214,0.0215,0.0184,0.0185,0.0185,7780710.0,ADA
2017-10-07,0.0184,0.0211,0.0176,0.0209,0.0209,7411240.0,ADA
2017-10-08,0.0209,0.0236,0.0201,0.0205,0.0205,7727460.0,ADA
2017-10-09,0.0203,0.0228,0.0203,0.0221,0.0221,4663310.0,ADA
2017-10-10,0.0221,0.0224,0.0213,0.0215,0.0215,2725600.0,ADA
2017-10-11,0.0215,0.0226,0.021,0.0225,0.0225,3606720.0,ADA
2017-10-12,0.0225,0.0268,0.0218,0.0263,0.0263,8680640.0,ADA
2017-10-13,0.0261,0.0338,0.0252,0.0336,0.0336,15613600.0,ADA
2017-10-14,0.0339,0.0383,0.0293,0.0325,0.0325,27853200.0,ADA
2017-10-15,0.0329,0.0336,0.0287,0.03,0.03,7104990.0,ADA
2017-10-16,0.0299,0.0307,0.0286,0.0289,0.0289,6196030.0,ADA
2017-10-17,0.029,0.0296,0.0255,0.0272,0.0272,7039900.0,ADA
2017-10-18,0.0272,0.0274,0.0246,0.0267,0.0267,2336180.0,ADA
2017-10-19,0.0267,0.0271,0.0258,0.027,0.027,2897720.0,ADA
2017-10-20,0.027,0.0309,0.0266,0.0306,0.0306,8716410.0,ADA
2017-10-21,0.0308,0.0308,0.028,0.0284,0.0284,5344520.0,ADA
2017-10-22,0.0286,0.0287,0.0271,0.0277,0.0277,2930210.0,ADA
2017-10-23,0.0277,0.0281,0.0243,0.0255,0.0255,3517050.0,ADA
2017-10-24,0.0253,0.029,0.0238,0.0272,0.0272,7589560.0,ADA
2017-10-25,0.027,0.0278,0.0261,0.0275,0.0275,2561430.0,ADA
2017-10-26,0.0274,0.0276,0.0265,0.0271,0.0271,2437710.0,ADA
2017-10-27,0.0271,0.0275,0.0257,0.0264,0.0264,2511440.0,ADA
2017-10-28,0.0263,0.0269,0.0256,0.0259,0.0259,1739460.0,ADA
2017-10-29,0.0258,0.0298,0.0256,0.0286,0.0286,4746180.0,ADA
2017-10-30,0.0283,0.0289,0.0276,0.0286,0.0286,3781270.0,ADA
2017-10-31,0.0285,0.0307,0.0281,0.0304,0.0304,7304450.0,ADA
2017-11-01,0.0291,0.0292,0.023,0.023,0.023,9382780.0,ADA
2017-11-02,0.0231,0.025,0.0182,0.0213,0.0213,6165050.0,ADA
2017-11-03,0.0214,0.0232,0.0198,0.0226,0.0226,2836080.0,ADA
2017-11-04,0.0226,0.0238,0.022,0.022,0.022,2626920.0,ADA
2017-11-05,0.0221,0.023,0.0206,0.0206,0.0206,2396230.0,ADA
2017-11-06,0.021,0.0236,0.0205,0.0219,0.0219,4591160.0,ADA
2017-11-07,0.0218,0.0233,0.0214,0.0222,0.0222,2539540.0,ADA
2017-11-08,0.0219,0.0264,0.0217,0.0252,0.0252,6367000.0,ADA
2017-11-09,0.0252,0.0351,0.025,0.0321,0.0321,18716200.0,ADA
2017-11-10,0.0322,0.0333,0.0265,0.0271,0.0271,6766780.0,ADA
2017-11-11,0.0269,0.0297,0.0257,0.0274,0.0274,5532220.0,ADA
2017-11-12,0.0275,0.028,0.0226,0.024,0.024,7280250.0,ADA
2017-11-13,0.0244,0.0263,0.0235,0.0258,0.0258,4419440.0,ADA
2017-11-14,0.0258,0.0268,0.0253,0.0262,0.0262,3033290.0,ADA
2017-11-15,0.0261,0.0278,0.0253,0.0264,0.0264,6858800.0,ADA
2017-11-16,0.0266,0.0282,0.0257,0.0276,0.0276,4888130.0,ADA
2017-11-17,0.0271,0.0274,0.0252,0.0258,0.0258,3578870.0,ADA
2017-11-18,0.0256,0.0271,0.0247,0.0264,0.0264,2930550.0,ADA
2017-11-19,0.0262,0.0285,0.0256,0.0281,0.0281,4725050.0,ADA
2017-11-20,0.0282,0.0323,0.0276,0.0296,0.0296,16172400.0,ADA
2017-11-21,0.0296,0.0297,0.0274,0.0283,0.0283,5836790.0,ADA
2017-11-22,0.0284,0.029,0.0279,0.0285,0.0285,4938480.0,ADA
2017-11-23,0.0285,0.0287,0.0274,0.0274,0.0274,5132300.0,ADA
2017-11-24,0.0274,0.0286,0.027,0.0284,0.0284,5502350.0,ADA
2017-11-25,0.0283,0.0304,0.0277,0.0304,0.0304,6156460.0,ADA
2017-11-26,0.0304,0.0399,0.0301,0.0363,0.0363,30527100.0,ADA
2017-11-27,0.0366,0.0571,0.0366,0.0506,0.0506,77777296.0,ADA
2017-11-28,0.0506,0.1317,0.0479,0.1197,0.1197,240338000.0,ADA
2017-11-29,0.1182,0.1469,0.0814,0.0897,0.0897,210624992.0,ADA
2017-11-30,0.0949,0.1283,0.0949,0.1199,0.1199,124345000.0,ADA
2017-12-01,0.1166,0.1314,0.113,0.1314,0.1314,73657600.0,ADA
2017-12-02,0.1316,0.1389,0.1291,0.1324,0.1324,56712600.0,ADA
2017-12-03,0.1324,0.1392,0.1249,0.1318,0.1318,46458900.0,ADA
2017-12-04,0.1315,0.1459,0.1264,0.1359,0.1359,76392704.0,ADA
2017-12-05,0.1356,0.1364,0.1268,0.1275,0.1275,50381100.0,ADA
2017-12-06,0.1267,0.1329,0.1139,0.1178,0.1178,75688800.0,ADA
2017-12-07,0.1178,0.1242,0.1055,0.1055,0.1055,71024600.0,ADA
2017-12-08,0.1061,0.1207,0.0991,0.1155,0.1155,70092400.0,ADA
2017-12-09,0.1147,0.1387,0.1136,0.1196,0.1196,63308600.0,ADA
2017-12-10,0.1198,0.1198,0.1001,0.1103,0.1103,46376600.0,ADA
2017-12-11,0.1089,0.1214,0.1086,0.1214,0.1214,39513900.0,ADA
2017-12-12,0.1212,0.138,0.1142,0.1339,0.1339,60056800.0,ADA
2017-12-13,0.1337,0.1419,0.1224,0.1343,0.1343,61575000.0,ADA
2017-12-14,0.1337,0.2408,0.1318,0.2408,0.2408,309307008.0,ADA
2017-12-15,0.2332,0.2332,0.187,0.2135,0.2135,207311008.0,ADA
2017-12-16,0.2129,0.4472,0.2042,0.4047,0.4047,581052032.0,ADA
2017-12-17,0.3868,0.5924,0.378,0.513,0.513,628142976.0,ADA
2017-12-18,0.5119,0.5265,0.4674,0.5182,0.5182,253463008.0,ADA
2017-12-19,0.5203,0.5896,0.5011,0.5313,0.5313,279631008.0,ADA
2017-12-20,0.5337,0.5337,0.4416,0.4862,0.4862,182924000.0,ADA
2017-12-21,0.49,0.5236,0.4565,0.4779,0.4779,162926000.0,ADA
2017-12-22,0.479,0.479,0.2936,0.4072,0.4072,150972992.0,ADA
2017-12-23,0.4144,0.4504,0.3926,0.414,0.414,88865000.0,ADA
2017-12-24,0.4167,0.4167,0.347,0.39,0.39,67372304.0,ADA
2017-12-25,0.3923,0.4397,0.3628,0.4164,0.4164,122194000.0,ADA
2017-12-26,0.4136,0.4301,0.4056,0.4285,0.4285,94896000.0,ADA
2017-12-27,0.4271,0.4308,0.4011,0.4142,0.4142,82067504.0,ADA
2017-12-28,0.412,0.4189,0.3679,0.4077,0.4077,82263800.0,ADA
2017-12-29,0.4105,0.5569,0.4039,0.5293,0.5293,266403008.0,ADA
2017-12-30,0.5283,0.7774,0.4716,0.6392,0.6392,645155968.0,ADA
2017-12-31,0.6426,0.7544,0.6423,0.7197,0.7197,305947008.0,ADA
2018-01-01,0.7188,0.7301,0.6719,0.7287,0.7287,150186000.0,ADA
2018-01-02,0.7247,0.7946,0.6979,0.7826,0.7826,289712000.0,ADA
2018-01-03,0.7797,1.0857,0.7786,1.0797,1.0797,657398016.0,ADA
2018-01-04,1.094,1.3272,1.0376,1.1141,1.1141,593430016.0,ADA
2018-01-05,1.1711,1.2524,0.9035,0.9996,0.9996,508100000.0,ADA
2018-01-06,0.997,1.054,0.9292,1.0272,1.0272,297615008.0,ADA
2018-01-07,1.0242,1.044,0.9914,1.0085,1.0085,226067008.0,ADA
2018-01-08,0.9993,0.9993,0.7643,0.899,0.899,264460992.0,ADA
2018-01-09,0.8982,0.9194,0.7962,0.8147,0.8147,209492000.0,ADA
2018-01-10,0.8159,0.8163,0.6768,0.7931,0.7931,236472000.0,ADA
2018-01-11,0.7915,0.7915,0.5725,0.6884,0.6884,229000992.0,ADA
2018-01-12,0.6958,0.9323,0.66,0.8975,0.8975,365795008.0,ADA
2018-01-13,0.9174,0.9693,0.8365,0.8841,0.8841,313215008.0,ADA
2018-01-14,0.882,0.882,0.7495,0.8023,0.8023,160712000.0,ADA
2018-01-15,0.7958,0.8845,0.7774,0.7786,0.7786,972993024.0,ADA
2018-01-16,0.7806,0.7806,0.4799,0.6265,0.6265,1632649984.0,ADA
2018-01-17,0.6241,0.6785,0.4406,0.6291,0.6291,1713769984.0,ADA
2018-01-18,0.6313,0.711,0.5915,0.6598,0.6598,1285490048.0,ADA
2018-01-19,0.6495,0.6885,0.6159,0.6505,0.6505,584574016.0,ADA
2018-01-20,0.6566,0.7262,0.6476,0.7075,0.7075,738798976.0,ADA
2018-01-21,0.7064,0.7064,0.5908,0.6132,0.6132,847731008.0,ADA
2018-01-22,0.615,0.6315,0.5219,0.5705,0.5705,522984000.0,ADA
2018-01-23,0.5665,0.5922,0.52,0.5631,0.5631,375958016.0,ADA
2018-01-24,0.5634,0.636,0.5448,0.6222,0.6222,689838016.0,ADA
2018-01-25,0.6293,0.683,0.6216,0.6375,0.6375,654814016.0,ADA
2018-01-26,0.6339,0.6528,0.5662,0.6234,0.6234,810062016.0,ADA
2018-01-27,0.6235,0.633,0.5953,0.6168,0.6168,331308992.0,ADA
2018-01-28,0.6206,0.6819,0.6206,0.6703,0.6703,325145984.0,ADA
2018-01-29,0.6694,0.6694,0.6208,0.6232,0.6232,238318000.0,ADA
2018-01-30,0.6248,0.6248,0.5234,0.5319,0.5319,359622016.0,ADA
2018-01-31,0.5276,0.5503,0.4713,0.5193,0.5193,505904000.0,ADA
2018-02-01,0.5159,0.5353,0.412,0.4217,0.4217,595624000.0,ADA
2018-02-02,0.4195,0.4195,0.2747,0.3905,0.3905,1438809984.0,ADA
2018-02-03,0.401,0.5016,0.3308,0.4388,0.4388,1404499968.0,ADA
2018-02-04,0.4339,0.4801,0.3698,0.3793,0.3793,814753984.0,ADA
2018-02-05,0.385,0.3995,0.3196,0.3274,0.3274,658547968.0,ADA
2018-02-06,0.3312,0.3787,0.2665,0.3698,0.3698,1338390016.0,ADA
2018-02-07,0.3673,0.3772,0.3325,0.3404,0.3404,679744000.0,ADA
2018-02-08,0.3445,0.3675,0.3368,0.3566,0.3566,346383008.0,ADA
2018-02-09,0.3528,0.3941,0.3429,0.3916,0.3916,401271008.0,ADA
2018-02-10,0.3867,0.4628,0.3854,0.4059,0.4059,951824000.0,ADA
2018-02-11,0.4051,0.4052,0.3636,0.3698,0.3698,331944000.0,ADA
2018-02-12,0.3726,0.3933,0.3726,0.3843,0.3843,243039008.0,ADA
2018-02-13,0.3834,0.387,0.3599,0.3733,0.3733,225695008.0,ADA
2018-02-14,0.3738,0.4013,0.3704,0.3969,0.3969,299008992.0,ADA
2018-02-15,0.3947,0.4167,0.3899,0.4094,0.4094,348342016.0,ADA
2018-02-16,0.4101,0.4124,0.3927,0.4038,0.4038,192420000.0,ADA
2018-02-17,0.4024,0.4281,0.4011,0.4199,0.4199,341415008.0,ADA
2018-02-18,0.4184,0.42,0.3808,0.3856,0.3856,251314000.0,ADA
2018-02-19,0.3869,0.3966,0.3862,0.3915,0.3915,169966000.0,ADA
2018-02-20,0.3909,0.4043,0.3775,0.3788,0.3788,281249984.0,ADA
2018-02-21,0.3756,0.3835,0.3634,0.3644,0.3644,242378000.0,ADA
2018-02-22,0.3627,0.3721,0.3305,0.3379,0.3379,208342000.0,ADA
2018-02-23,0.3348,0.3512,0.3228,0.3453,0.3453,222508992.0,ADA
2018-02-24,0.3437,0.3525,0.3161,0.323,0.323,133524000.0,ADA
2018-02-25,0.3222,0.3546,0.3144,0.344,0.344,247808000.0,ADA
2018-02-26,0.3453,0.347,0.3222,0.3383,0.3383,201812992.0,ADA
2018-02-27,0.3391,0.3412,0.331,0.3355,0.3355,106757000.0,ADA
2018-02-28,0.3345,0.3362,0.3126,0.3126,0.3126,114757000.0,ADA
2018-03-01,0.312,0.312,0.2884,0.3044,0.3044,184691008.0,ADA
2018-03-02,0.3044,0.3071,0.2889,0.2935,0.2935,107240000.0,ADA
2018-03-03,0.293,0.3091,0.2925,0.2971,0.2971,115320000.0,ADA
2018-03-04,0.2963,0.3036,0.2862,0.3008,0.3008,94436000.0,ADA
2018-03-05,0.2999,0.3177,0.2911,0.2976,0.2976,202675008.0,ADA
2018-03-06,0.2959,0.303,0.284,0.2854,0.2854,110305000.0,ADA
2018-03-07,0.2847,0.2876,0.2363,0.2473,0.2473,190792992.0,ADA
2018-03-08,0.2482,0.2544,0.2211,0.2217,0.2217,167808992.0,ADA
2018-03-09,0.2213,0.2251,0.1918,0.2222,0.2222,246848992.0,ADA
2018-03-10,0.2252,0.2266,0.2089,0.2099,0.2099,129138000.0,ADA
2018-03-11,0.2097,0.2273,0.1982,0.2235,0.2235,161362000.0,ADA
2018-03-12,0.2241,0.2373,0.2197,0.2237,0.2237,184250000.0,ADA
2018-03-13,0.2231,0.2291,0.2154,0.223,0.223,98868704.0,ADA
2018-03-14,0.2234,0.2331,0.196,0.1996,0.1996,144156000.0,ADA
2018-03-15,0.1988,0.2016,0.1725,0.1857,0.1857,204232992.0,ADA
2018-03-16,0.1868,0.1868,0.1751,0.1789,0.1789,97455296.0,ADA
2018-03-17,0.1788,0.1792,0.1531,0.1548,0.1548,81096600.0,ADA
2018-03-18,0.1539,0.162,0.127,0.1562,0.1562,189688992.0,ADA
2018-03-19,0.1607,0.1976,0.1569,0.1976,0.1976,321964000.0,ADA
2018-03-20,0.1934,0.212,0.1803,0.2049,0.2049,249683008.0,ADA
2018-03-21,0.2053,0.2275,0.2014,0.2132,0.2132,257686000.0,ADA
2018-03-22,0.2154,0.222,0.1921,0.2035,0.2035,201540000.0,ADA
2018-03-23,0.2023,0.2028,0.1814,0.1893,0.1893,148850000.0,ADA
2018-03-24,0.1888,0.2012,0.183,0.1892,0.1892,132660000.0,ADA
2018-03-25,0.1884,0.1891,0.1817,0.1846,0.1846,59349400.0,ADA
2018-03-26,0.184,0.1854,0.1611,0.1678,0.1678,117497000.0,ADA
2018-03-27,0.1682,0.1692,0.1502,0.1549,0.1549,107510000.0,ADA
2018-03-28,0.1552,0.1656,0.1545,0.1601,0.1601,60260800.0,ADA
2018-03-29,0.1601,0.1606,0.1457,0.1469,0.1469,103465000.0,ADA
2018-03-30,0.1467,0.1518,0.1363,0.1472,0.1472,119874000.0,ADA
2018-03-31,0.1471,0.1606,0.1449,0.1559,0.1559,113124000.0,ADA
2018-04-01,0.1566,0.1608,0.1413,0.1508,0.1508,100833000.0,ADA
2018-04-02,0.1517,0.1588,0.1486,0.1564,0.1564,102697000.0,ADA
2018-04-03,0.1579,0.1734,0.1553,0.1724,0.1724,155987008.0,ADA
2018-04-04,0.1712,0.1792,0.1536,0.1554,0.1554,154800992.0,ADA
2018-04-05,0.1556,0.1562,0.1437,0.1488,0.1488,113407000.0,ADA
2018-04-06,0.1484,0.1505,0.1418,0.1445,0.1445,51827500.0,ADA
2018-04-07,0.1449,0.1515,0.1438,0.1488,0.1488,48205400.0,ADA
2018-04-08,0.1488,0.1585,0.1488,0.1566,0.1566,51093100.0,ADA
2018-04-09,0.1571,0.1657,0.1475,0.1531,0.1531,93021904.0,ADA
2018-04-10,0.1532,0.1578,0.1493,0.1563,0.1563,55981300.0,ADA
2018-04-11,0.1568,0.1664,0.1541,0.166,0.166,91793296.0,ADA
2018-04-12,0.1668,0.2145,0.1645,0.2122,0.2122,488007008.0,ADA
2018-04-13,0.2116,0.2184,0.1966,0.2005,0.2005,230412992.0,ADA
2018-04-14,0.1987,0.2065,0.1947,0.2009,0.2009,113212000.0,ADA
2018-04-15,0.2014,0.2234,0.1999,0.2214,0.2214,169798000.0,ADA
2018-04-16,0.2219,0.2566,0.2118,0.2566,0.2566,678780992.0,ADA
2018-04-17,0.2551,0.2726,0.2428,0.2437,0.2437,520975008.0,ADA
2018-04-18,0.2427,0.2624,0.2427,0.2603,0.2603,181118000.0,ADA
2018-04-19,0.2675,0.2738,0.2608,0.2724,0.2724,240910000.0,ADA
2018-04-20,0.271,0.3016,0.2697,0.3012,0.3012,349348992.0,ADA
2018-04-21,0.3023,0.3076,0.2727,0.2906,0.2906,294632992.0,ADA
2018-04-22,0.2875,0.2969,0.2808,0.2855,0.2855,160968000.0,ADA
2018-04-23,0.2856,0.2896,0.2836,0.2885,0.2885,127213000.0,ADA
2018-04-24,0.2885,0.3187,0.2873,0.3129,0.3129,369016992.0,ADA
2018-04-25,0.3128,0.3128,0.2652,0.2717,0.2717,351596000.0,ADA
2018-04-26,0.2708,0.295,0.2599,0.2943,0.2943,220715008.0,ADA
2018-04-27,0.2946,0.3075,0.2878,0.2885,0.2885,197183008.0,ADA
2018-04-28,0.2871,0.365,0.2871,0.3579,0.3579,636742016.0,ADA
2018-04-29,0.3607,0.3879,0.3475,0.3651,0.3651,671886976.0,ADA
2018-04-30,0.3643,0.3643,0.3366,0.3433,0.3433,298712000.0,ADA
2018-05-01,0.343,0.3633,0.3237,0.3587,0.3587,365521984.0,ADA
2018-05-02,0.3576,0.3767,0.3493,0.3724,0.3724,272855008.0,ADA
2018-05-03,0.3719,0.3897,0.3688,0.3697,0.3697,300814016.0,ADA
2018-05-04,0.3708,0.3708,0.3508,0.3602,0.3602,171266000.0,ADA
2018-05-05,0.3613,0.3736,0.361,0.3663,0.3663,139447008.0,ADA
2018-05-06,0.3659,0.3659,0.3415,0.35,0.35,148186000.0,ADA
2018-05-07,0.3499,0.3499,0.3235,0.3352,0.3352,171384992.0,ADA
2018-05-08,0.3356,0.3482,0.3231,0.3284,0.3284,142455008.0,ADA
2018-05-09,0.3284,0.3284,0.3045,0.3236,0.3236,178122000.0,ADA
2018-05-10,0.3239,0.3279,0.2963,0.2971,0.2971,122958000.0,ADA
2018-05-11,0.2968,0.2995,0.2481,0.2601,0.2601,348752000.0,ADA
2018-05-12,0.2626,0.2834,0.2413,0.2709,0.2709,255480992.0,ADA
2018-05-13,0.2716,0.2902,0.2644,0.2859,0.2859,179522000.0,ADA
2018-05-14,0.2859,0.2861,0.2611,0.2734,0.2734,161643008.0,ADA
2018-05-15,0.2743,0.2788,0.2577,0.2602,0.2602,97408800.0,ADA
2018-05-16,0.2591,0.2602,0.2437,0.2564,0.2564,108749000.0,ADA
2018-05-17,0.2574,0.2631,0.2422,0.2437,0.2437,83683800.0,ADA
2018-05-18,0.2428,0.2468,0.2348,0.2455,0.2455,79212200.0,ADA
2018-05-19,0.2462,0.2484,0.2389,0.2433,0.2433,57778000.0,ADA
2018-05-20,0.2431,0.2608,0.241,0.2561,0.2561,101310000.0,ADA
2018-05-21,0.2561,0.2612,0.2471,0.2488,0.2488,85090304.0,ADA
2018-05-22,0.2494,0.2501,0.2234,0.2244,0.2244,78363296.0,ADA
2018-05-23,0.2244,0.2262,0.1988,0.2029,0.2029,124268000.0,ADA
2018-05-24,0.2033,0.2133,0.1931,0.209,0.209,127678000.0,ADA
2018-05-25,0.2091,0.2106,0.1973,0.2007,0.2007,83368000.0,ADA
2018-05-26,0.1998,0.2055,0.1959,0.1966,0.1966,60616400.0,ADA
2018-05-27,0.1964,0.1964,0.1923,0.1936,0.1936,58991000.0,ADA
2018-05-28,0.1937,0.195,0.174,0.1748,0.1748,95106200.0,ADA
2018-05-29,0.1755,0.2087,0.1742,0.2032,0.2032,185184000.0,ADA
2018-05-30,0.2037,0.218,0.2012,0.2111,0.2111,222612000.0,ADA
2018-05-31,0.2104,0.2301,0.2062,0.2252,0.2252,202076000.0,ADA
2018-06-01,0.2245,0.2292,0.217,0.2225,0.2225,130538000.0,ADA
2018-06-02,0.2227,0.2295,0.2192,0.2277,0.2277,116435000.0,ADA
2018-06-03,0.2277,0.2368,0.2251,0.2282,0.2282,117208000.0,ADA
2018-06-04,0.2282,0.2312,0.2123,0.214,0.214,115605000.0,ADA
2018-06-05,0.2142,0.2217,0.2048,0.2205,0.2205,119846000.0,ADA
2018-06-06,0.2206,0.2209,0.2107,0.2157,0.2157,84766304.0,ADA
2018-06-07,0.2161,0.2194,0.2096,0.2111,0.2111,76949400.0,ADA
2018-06-08,0.2108,0.2108,0.2026,0.2054,0.2054,68728600.0,ADA
2018-06-09,0.2053,0.2097,0.2021,0.2021,0.2021,51481400.0,ADA
2018-06-10,0.2015,0.2015,0.1711,0.1769,0.1769,137836000.0,ADA
2018-06-11,0.1763,0.1819,0.1679,0.1813,0.1813,89350704.0,ADA
2018-06-12,0.1813,0.1829,0.1628,0.1666,0.1666,82885904.0,ADA
2018-06-13,0.1661,0.1668,0.1512,0.1604,0.1604,99731600.0,ADA
2018-06-14,0.1602,0.1765,0.1554,0.1724,0.1724,199562000.0,ADA
2018-06-15,0.1722,0.1722,0.1619,0.1627,0.1627,73950496.0,ADA
2018-06-16,0.1627,0.1646,0.1599,0.163,0.163,42213400.0,ADA
2018-06-17,0.1631,0.1645,0.161,0.1614,0.1614,35748800.0,ADA
2018-06-18,0.1611,0.1675,0.1567,0.1641,0.1641,55507800.0,ADA
2018-06-19,0.1647,0.1699,0.1621,0.1672,0.1672,69854400.0,ADA
2018-06-20,0.1668,0.1673,0.1568,0.162,0.162,83625600.0,ADA
2018-06-21,0.1621,0.1638,0.1576,0.1586,0.1586,41237700.0,ADA
2018-06-22,0.1585,0.159,0.1374,0.1398,0.1398,79062000.0,ADA
2018-06-23,0.1403,0.1433,0.1349,0.1379,0.1379,38721800.0,ADA
2018-06-24,0.1384,0.1386,0.122,0.1327,0.1327,73037504.0,ADA
2018-06-25,0.1323,0.1383,0.1286,0.1353,0.1353,57752100.0,ADA
2018-06-26,0.1356,0.1361,0.1261,0.1261,0.1261,32927500.0,ADA
2018-06-27,0.1266,0.128,0.1239,0.1274,0.1274,37072400.0,ADA
2018-06-28,0.1274,0.1285,0.1185,0.1193,0.1193,42250100.0,ADA
2018-06-29,0.1194,0.1274,0.1147,0.1257,0.1257,65802200.0,ADA
2018-06-30,0.126,0.1384,0.126,0.1377,0.1377,104599000.0,ADA
2018-07-01,0.1383,0.1457,0.1339,0.1422,0.1422,108733000.0,ADA
2018-07-02,0.1426,0.1619,0.1386,0.1583,0.1583,161860000.0,ADA
2018-07-03,0.1585,0.1667,0.1495,0.1507,0.1507,108280000.0,ADA
2018-07-04,0.1502,0.1599,0.1469,0.151,0.151,86594896.0,ADA
2018-07-05,0.1516,0.1546,0.1451,0.1489,0.1489,73881296.0,ADA
2018-07-06,0.1487,0.1487,0.1395,0.1461,0.1461,69138800.0,ADA
2018-07-07,0.1463,0.1504,0.1389,0.1504,0.1504,47965500.0,ADA
2018-07-08,0.15,0.1514,0.1448,0.1454,0.1454,48142400.0,ADA
2018-07-09,0.1453,0.1461,0.1399,0.14,0.14,42768500.0,ADA
2018-07-10,0.1397,0.1407,0.1288,0.1288,0.1288,62318800.0,ADA
2018-07-11,0.1288,0.1339,0.1265,0.1315,0.1315,50179700.0,ADA
2018-07-12,0.1316,0.1316,0.1232,0.1272,0.1272,37623900.0,ADA
2018-07-13,0.1273,0.1417,0.126,0.1379,0.1379,92778496.0,ADA
2018-07-14,0.1384,0.1399,0.1339,0.1371,0.1371,55022100.0,ADA
2018-07-15,0.137,0.1455,0.1353,0.1423,0.1423,50143900.0,ADA
2018-07-16,0.1423,0.1568,0.141,0.1561,0.1561,90578096.0,ADA
2018-07-17,0.1549,0.1746,0.1504,0.1709,0.1709,133441000.0,ADA
2018-07-18,0.1703,0.1929,0.1703,0.1794,0.1794,323366016.0,ADA
2018-07-19,0.179,0.1895,0.1723,0.1809,0.1809,216980992.0,ADA
2018-07-20,0.1799,0.1826,0.1616,0.1622,0.1622,215667008.0,ADA
2018-07-21,0.162,0.1688,0.1557,0.1636,0.1636,125996000.0,ADA
2018-07-22,0.1639,0.1778,0.1631,0.1703,0.1703,139332992.0,ADA
2018-07-23,0.1695,0.1794,0.164,0.164,0.164,147071008.0,ADA
2018-07-24,0.1647,0.1768,0.1613,0.1732,0.1732,191390000.0,ADA
2018-07-25,0.1724,0.1753,0.1668,0.1727,0.1727,123649000.0,ADA
2018-07-26,0.1724,0.1747,0.1625,0.1648,0.1648,84282200.0,ADA
2018-07-27,0.1645,0.1687,0.1567,0.1655,0.1655,103693000.0,ADA
2018-07-28,0.1662,0.1662,0.16,0.1634,0.1634,51592200.0,ADA
2018-07-29,0.1642,0.1648,0.1604,0.1633,0.1633,47319500.0,ADA
2018-07-30,0.1632,0.1632,0.1493,0.1541,0.1541,69612600.0,ADA
2018-07-31,0.1541,0.1542,0.1408,0.1433,0.1433,93183800.0,ADA
2018-08-01,0.1431,0.145,0.1372,0.1409,0.1409,79987900.0,ADA
2018-08-02,0.1413,0.1425,0.1305,0.1319,0.1319,68531400.0,ADA
2018-08-03,0.1314,0.1348,0.1245,0.1303,0.1303,77768900.0,ADA
2018-08-04,0.1308,0.1346,0.1254,0.1275,0.1275,54577300.0,ADA
2018-08-05,0.1273,0.132,0.1255,0.1317,0.1317,43901500.0,ADA
2018-08-06,0.1309,0.1364,0.1282,0.1306,0.1306,57534800.0,ADA
2018-08-07,0.1309,0.1331,0.1246,0.1254,0.1254,57321700.0,ADA
2018-08-08,0.1256,0.1256,0.1126,0.1138,0.1138,82209700.0,ADA
2018-08-09,0.1145,0.1271,0.1145,0.1235,0.1235,93016600.0,ADA
2018-08-10,0.1241,0.125,0.1137,0.1164,0.1164,71125700.0,ADA
2018-08-11,0.1164,0.1167,0.1092,0.1124,0.1124,65816400.0,ADA
2018-08-12,0.1125,0.1148,0.1117,0.113,0.113,35031500.0,ADA
2018-08-13,0.1132,0.1157,0.1027,0.1029,0.1029,56974900.0,ADA
2018-08-14,0.1028,0.1028,0.087,0.0947,0.0947,111693000.0,ADA
2018-08-15,0.0955,0.1011,0.0947,0.095,0.095,91346700.0,ADA
2018-08-16,0.095,0.0986,0.0932,0.0953,0.0953,50188900.0,ADA
2018-08-17,0.0957,0.1099,0.0952,0.1099,0.1099,103569000.0,ADA
2018-08-18,0.1098,0.1125,0.0975,0.0998,0.0998,101454000.0,ADA
2018-08-19,0.0997,0.1044,0.0981,0.1024,0.1024,51106900.0,ADA
2018-08-20,0.1022,0.1037,0.0936,0.0938,0.0938,53939600.0,ADA
2018-08-21,0.0932,0.0961,0.0919,0.095,0.095,49545100.0,ADA
2018-08-22,0.095,0.1001,0.0881,0.0901,0.0901,64566000.0,ADA
2018-08-23,0.0902,0.0933,0.0892,0.0925,0.0925,37397400.0,ADA
2018-08-24,0.0928,0.0944,0.0909,0.0941,0.0941,35302400.0,ADA
2018-08-25,0.0943,0.095,0.0923,0.0943,0.0943,30674700.0,ADA
2018-08-26,0.0943,0.0946,0.0914,0.0933,0.0933,26907400.0,ADA
2018-08-27,0.0932,0.1008,0.0925,0.1003,0.1003,55515600.0,ADA
2018-08-28,0.1006,0.1067,0.1,0.1055,0.1055,79059500.0,ADA
2018-08-29,0.1056,0.1089,0.1022,0.1055,0.1055,83582300.0,ADA
2018-08-30,0.1052,0.1071,0.0973,0.1006,0.1006,64807500.0,ADA
2018-08-31,0.1009,0.1028,0.0993,0.1022,0.1022,42250400.0,ADA
2018-09-01,0.1019,0.1089,0.1019,0.1068,0.1068,70208900.0,ADA
2018-09-02,0.1069,0.1072,0.1025,0.1044,0.1044,58391900.0,ADA
2018-09-03,0.1046,0.1052,0.1025,0.1036,0.1036,53687200.0,ADA
2018-09-04,0.1035,0.1065,0.1034,0.1053,0.1053,54317400.0,ADA
2018-09-05,0.1053,0.1062,0.0876,0.0876,0.0876,98708900.0,ADA
2018-09-06,0.0875,0.0894,0.0831,0.0887,0.0887,73239200.0,ADA
2018-09-07,0.0885,0.0896,0.0835,0.084,0.084,41868100.0,ADA
2018-09-08,0.0841,0.0851,0.0775,0.0782,0.0782,35208700.0,ADA
2018-09-09,0.0784,0.0811,0.075,0.0766,0.0766,47870100.0,ADA
2018-09-10,0.0773,0.0781,0.0722,0.0735,0.0735,44682000.0,ADA
2018-09-11,0.0742,0.0747,0.0671,0.0705,0.0705,47614500.0,ADA
2018-09-12,0.0708,0.0708,0.0617,0.0667,0.0667,91272400.0,ADA
2018-09-13,0.0671,0.0709,0.0657,0.0698,0.0698,86011700.0,ADA
2018-09-14,0.0701,0.0707,0.0661,0.0682,0.0682,62256800.0,ADA
2018-09-15,0.0679,0.0704,0.0678,0.0693,0.0693,34842300.0,ADA
2018-09-16,0.0692,0.07,0.0666,0.07,0.07,32643600.0,ADA
2018-09-17,0.0699,0.0703,0.0634,0.0639,0.0639,48609600.0,ADA
2018-09-18,0.0636,0.0702,0.0626,0.0694,0.0694,67159000.0,ADA
2018-09-19,0.0691,0.0744,0.0674,0.0724,0.0724,96071300.0,ADA
2018-09-20,0.0724,0.0827,0.0715,0.0815,0.0815,103788000.0,ADA
2018-09-21,0.0818,0.0899,0.0812,0.0876,0.0876,212274000.0,ADA
2018-09-22,0.0877,0.0884,0.0803,0.0832,0.0832,82526800.0,ADA
2018-09-23,0.0835,0.0932,0.0829,0.0898,0.0898,149996000.0,ADA
2018-09-24,0.0897,0.0914,0.0823,0.0828,0.0828,89522100.0,ADA
2018-09-25,0.0823,0.0823,0.0754,0.081,0.081,87535200.0,ADA
2018-09-26,0.081,0.0829,0.0772,0.0795,0.0795,64321400.0,ADA
2018-09-27,0.0795,0.0876,0.0784,0.086,0.086,101911000.0,ADA
2018-09-28,0.0864,0.0883,0.082,0.084,0.084,89113600.0,ADA
2018-09-29,0.0837,0.0864,0.0817,0.0846,0.0846,55854000.0,ADA
2018-09-30,0.0844,0.0868,0.0834,0.0852,0.0852,49853100.0,ADA
2018-10-01,0.0853,0.0858,0.0826,0.0845,0.0845,42076400.0,ADA
2018-10-02,0.0846,0.0847,0.0824,0.0825,0.0825,34775200.0,ADA
2018-10-03,0.082,0.0824,0.0792,0.0808,0.0808,38063700.0,ADA
2018-10-04,0.0808,0.0828,0.0805,0.0813,0.0813,31665100.0,ADA
2018-10-05,0.0814,0.0831,0.0807,0.083,0.083,31160900.0,ADA
2018-10-06,0.0833,0.0837,0.081,0.0813,0.0813,26277600.0,ADA
2018-10-07,0.0815,0.0852,0.0807,0.0847,0.0847,34848400.0,ADA
2018-10-08,0.0845,0.0882,0.0832,0.0866,0.0866,62079800.0,ADA
2018-10-09,0.0868,0.0875,0.0845,0.0864,0.0864,38710200.0,ADA
2018-10-10,0.0863,0.0864,0.0835,0.0847,0.0847,35888200.0,ADA
2018-10-11,0.0845,0.0846,0.07,0.0709,0.0709,72659700.0,ADA
2018-10-12,0.0703,0.0759,0.0698,0.0732,0.0732,40979000.0,ADA
2018-10-13,0.0726,0.0749,0.0725,0.0731,0.0731,23571900.0,ADA
2018-10-14,0.0731,0.0738,0.0707,0.0713,0.0713,26250600.0,ADA
2018-10-15,0.0704,0.0786,0.0698,0.0748,0.0748,71953000.0,ADA
2018-10-16,0.0748,0.0766,0.0744,0.0758,0.0758,26555800.0,ADA
2018-10-17,0.0759,0.0783,0.0751,0.0774,0.0774,36907800.0,ADA
2018-10-18,0.0775,0.078,0.0743,0.0751,0.0751,28634400.0,ADA
2018-10-19,0.075,0.0765,0.0744,0.0758,0.0758,18153800.0,ADA
2018-10-20,0.0758,0.0771,0.0752,0.0763,0.0763,20363900.0,ADA
2018-10-21,0.0763,0.0775,0.0756,0.0759,0.0759,17620200.0,ADA
2018-10-22,0.0758,0.0765,0.0751,0.0758,0.0758,16871700.0,ADA
2018-10-23,0.0759,0.0761,0.0731,0.0747,0.0747,20710600.0,ADA
2018-10-24,0.0746,0.0757,0.0742,0.0743,0.0743,14151400.0,ADA
2018-10-25,0.0743,0.0743,0.0732,0.0739,0.0739,12567300.0,ADA
2018-10-26,0.0737,0.074,0.0727,0.0737,0.0737,13464800.0,ADA
2018-10-27,0.0737,0.0738,0.0729,0.0729,0.0729,10316000.0,ADA
2018-10-28,0.073,0.0733,0.0724,0.0732,0.0732,11226100.0,ADA
2018-10-29,0.073,0.0732,0.0689,0.0696,0.0696,21315700.0,ADA
2018-10-30,0.0696,0.07,0.0692,0.0696,0.0696,11418800.0,ADA
2018-10-31,0.0697,0.0698,0.0679,0.0697,0.0697,16366000.0,ADA
2018-11-01,0.0697,0.0715,0.0691,0.0709,0.0709,11256600.0,ADA
2018-11-02,0.0708,0.073,0.0708,0.0726,0.0726,18823400.0,ADA
2018-11-03,0.0726,0.0726,0.0708,0.0715,0.0715,14948900.0,ADA
2018-11-04,0.0715,0.0773,0.0713,0.0762,0.0762,52924200.0,ADA
2018-11-05,0.076,0.0789,0.0747,0.0761,0.0761,34358100.0,ADA
2018-11-06,0.0763,0.081,0.0763,0.081,0.081,49473200.0,ADA
2018-11-07,0.081,0.0813,0.078,0.0785,0.0785,36852900.0,ADA
2018-11-08,0.0784,0.0794,0.0763,0.0765,0.0765,32149600.0,ADA
2018-11-09,0.0763,0.0774,0.0739,0.0742,0.0742,23756800.0,ADA
2018-11-10,0.0742,0.076,0.0741,0.0752,0.0752,15012100.0,ADA
2018-11-11,0.0752,0.0774,0.0744,0.0765,0.0765,23663500.0,ADA
2018-11-12,0.0768,0.0772,0.0749,0.076,0.076,20975100.0,ADA
2018-11-13,0.0759,0.076,0.0733,0.0736,0.0736,20329300.0,ADA
2018-11-14,0.0734,0.0734,0.0618,0.0648,0.0648,54964400.0,ADA
2018-11-15,0.0648,0.0652,0.0583,0.0635,0.0635,60267800.0,ADA
2018-11-16,0.0632,0.0641,0.0602,0.0612,0.0612,27544700.0,ADA
2018-11-17,0.0611,0.0611,0.0596,0.0607,0.0607,17926300.0,ADA
2018-11-18,0.0608,0.0629,0.0608,0.0619,0.0619,16669400.0,ADA
2018-11-19,0.0619,0.0619,0.052,0.0526,0.0526,53737000.0,ADA
2018-11-20,0.0527,0.0527,0.0429,0.0448,0.0448,65556800.0,ADA
2018-11-21,0.0451,0.0482,0.043,0.0478,0.0478,33938000.0,ADA
2018-11-22,0.0479,0.0485,0.0443,0.0443,0.0443,18689900.0,ADA
2018-11-23,0.0441,0.0447,0.0417,0.0434,0.0434,24258500.0,ADA
2018-11-24,0.0434,0.0443,0.0369,0.0385,0.0385,25740400.0,ADA
2018-11-25,0.0386,0.0388,0.0328,0.0377,0.0377,40704000.0,ADA
2018-11-26,0.0378,0.0394,0.0341,0.0358,0.0358,31641100.0,ADA
2018-11-27,0.0357,0.037,0.034,0.0365,0.0365,17966300.0,ADA
2018-11-28,0.0365,0.0441,0.0365,0.042,0.042,47624500.0,ADA
2018-11-29,0.0423,0.0445,0.0397,0.0419,0.0419,39544072.0,ADA
2018-11-30,0.042,0.0423,0.0377,0.0389,0.0389,28861638.0,ADA
2018-12-01,0.039,0.0425,0.0382,0.0415,0.0415,19314340.0,ADA
2018-12-02,0.0413,0.0433,0.0407,0.0417,0.0417,23206022.0,ADA
2018-12-03,0.0419,0.0419,0.038,0.0387,0.0387,21282052.0,ADA
2018-12-04,0.0386,0.0398,0.0374,0.0377,0.0377,23563420.0,ADA
2018-12-05,0.0377,0.0377,0.0343,0.0343,0.0343,26250706.0,ADA
2018-12-06,0.0343,0.0355,0.0308,0.0308,0.0308,27195356.0,ADA
2018-12-07,0.0308,0.0308,0.0274,0.0299,0.0299,31750703.0,ADA
2018-12-08,0.0298,0.0318,0.0289,0.0307,0.0307,19987029.0,ADA
2018-12-09,0.0306,0.0325,0.0302,0.0317,0.0317,16588923.0,ADA
2018-12-10,0.0317,0.0321,0.0298,0.0302,0.0302,12553718.0,ADA
2018-12-11,0.0301,0.0304,0.0289,0.0296,0.0296,10444630.0,ADA
2018-12-12,0.0294,0.0311,0.0293,0.0306,0.0306,11071814.0,ADA
2018-12-13,0.0306,0.0307,0.029,0.0292,0.0292,11234574.0,ADA
2018-12-14,0.0292,0.0296,0.0279,0.0284,0.0284,9205270.0,ADA
2018-12-15,0.0284,0.0286,0.0278,0.0283,0.0283,8387951.0,ADA
2018-12-16,0.0282,0.0297,0.0282,0.0291,0.0291,10366600.0,ADA
2018-12-17,0.0292,0.0339,0.0291,0.0328,0.0328,37555983.0,ADA
2018-12-18,0.0328,0.0349,0.0322,0.0347,0.0347,78783798.0,ADA
2018-12-19,0.0349,0.0383,0.0345,0.0345,0.0345,43168563.0,ADA
2018-12-20,0.0342,0.0399,0.034,0.0394,0.0394,43040801.0,ADA
2018-12-21,0.0391,0.0455,0.0386,0.0408,0.0408,93581789.0,ADA
2018-12-22,0.0407,0.0422,0.0386,0.042,0.042,31227245.0,ADA
2018-12-23,0.0422,0.0449,0.0418,0.0442,0.0442,40656189.0,ADA
2018-12-24,0.0443,0.0493,0.0443,0.0457,0.0457,57936797.0,ADA
2018-12-25,0.0457,0.0457,0.0392,0.0415,0.0415,38493643.0,ADA
2018-12-26,0.0416,0.043,0.0391,0.0412,0.0412,27218408.0,ADA
2018-12-27,0.0412,0.0417,0.0365,0.0369,0.0369,22969394.0,ADA
2018-12-28,0.037,0.0426,0.0365,0.0419,0.0419,26948332.0,ADA
2018-12-29,0.0419,0.0439,0.0412,0.0415,0.0415,30992034.0,ADA
2018-12-30,0.0416,0.0437,0.0408,0.0433,0.0433,27767173.0,ADA
2018-12-31,0.0432,0.0434,0.0405,0.0411,0.0411,19280456.0,ADA
2019-01-01,0.041,0.0425,0.0403,0.0425,0.0425,14962901.0,ADA
2019-01-02,0.0426,0.0456,0.042,0.0453,0.0453,24151526.0,ADA
2019-01-03,0.0451,0.0453,0.0425,0.0427,0.0427,21126963.0,ADA
2019-01-04,0.0426,0.0441,0.0425,0.0438,0.0438,16024029.0,ADA
2019-01-05,0.0437,0.0456,0.0434,0.0447,0.0447,25100964.0,ADA
2019-01-06,0.0447,0.0496,0.0447,0.0493,0.0493,51366407.0,ADA
2019-01-07,0.0493,0.0507,0.0476,0.048,0.048,45688430.0,ADA
2019-01-08,0.0481,0.05,0.0467,0.0485,0.0485,34626382.0,ADA
2019-01-09,0.0486,0.0527,0.0485,0.0522,0.0522,55364234.0,ADA
2019-01-10,0.052,0.0546,0.0428,0.0445,0.0445,91162431.0,ADA
2019-01-11,0.0443,0.0452,0.0427,0.0441,0.0441,35963010.0,ADA
2019-01-12,0.0442,0.0446,0.0431,0.0437,0.0437,18224445.0,ADA
2019-01-13,0.0438,0.0438,0.0398,0.0402,0.0402,21758341.0,ADA
2019-01-14,0.0402,0.0445,0.0402,0.0441,0.0441,30269130.0,ADA
2019-01-15,0.0442,0.0444,0.042,0.0428,0.0428,24504026.0,ADA
2019-01-16,0.0428,0.0452,0.0425,0.0448,0.0448,35481506.0,ADA
2019-01-17,0.0449,0.0462,0.044,0.0453,0.0453,38222964.0,ADA
2019-01-18,0.0453,0.0453,0.044,0.0443,0.0443,18937099.0,ADA
2019-01-19,0.0443,0.0464,0.044,0.0458,0.0458,23657401.0,ADA
2019-01-20,0.0457,0.046,0.0426,0.0435,0.0435,26755021.0,ADA
2019-01-21,0.0435,0.0437,0.0425,0.0429,0.0429,16583935.0,ADA
2019-01-22,0.0429,0.0441,0.0419,0.0436,0.0436,22963399.0,ADA
2019-01-23,0.0435,0.0441,0.0427,0.0429,0.0429,15241102.0,ADA
2019-01-24,0.0429,0.0435,0.0425,0.043,0.043,12440167.0,ADA
2019-01-25,0.0431,0.0432,0.0425,0.0427,0.0427,12663795.0,ADA
2019-01-26,0.0427,0.0435,0.0425,0.0426,0.0426,13550563.0,ADA
2019-01-27,0.0427,0.0427,0.0409,0.0412,0.0412,20835106.0,ADA
2019-01-28,0.0411,0.0413,0.0373,0.0388,0.0388,30041137.0,ADA
2019-01-29,0.0387,0.0394,0.037,0.0383,0.0383,19526239.0,ADA
2019-01-30,0.0382,0.0401,0.0378,0.0397,0.0397,26151501.0,ADA
2019-01-31,0.0397,0.0403,0.038,0.0384,0.0384,22222102.0,ADA
2019-02-01,0.0384,0.0391,0.0371,0.0387,0.0387,18778624.0,ADA
2019-02-02,0.0386,0.0393,0.0382,0.0393,0.0393,12312316.0,ADA
2019-02-03,0.0393,0.0394,0.0378,0.038,0.038,12940762.0,ADA
2019-02-04,0.0381,0.0386,0.0378,0.0379,0.0379,12233073.0,ADA
2019-02-05,0.0378,0.0383,0.0374,0.0379,0.0379,13348305.0,ADA
2019-02-06,0.038,0.038,0.0361,0.0367,0.0367,17351383.0,ADA
2019-02-07,0.0367,0.0372,0.0363,0.0364,0.0364,12424740.0,ADA
2019-02-08,0.0364,0.0412,0.0362,0.0408,0.0408,32705206.0,ADA
2019-02-09,0.0408,0.042,0.0405,0.0411,0.0411,18529364.0,ADA
2019-02-10,0.0411,0.043,0.04,0.0428,0.0428,22634046.0,ADA
2019-02-11,0.0428,0.0428,0.0415,0.0417,0.0417,17847243.0,ADA
2019-02-12,0.0417,0.042,0.0406,0.0418,0.0418,14893311.0,ADA
2019-02-13,0.0418,0.0423,0.041,0.0411,0.0411,12736279.0,ADA
2019-02-14,0.0411,0.0414,0.0402,0.0405,0.0405,11428289.0,ADA
2019-02-15,0.0405,0.0414,0.0403,0.0406,0.0406,13336096.0,ADA
2019-02-16,0.0406,0.0413,0.0406,0.041,0.041,11097835.0,ADA
2019-02-17,0.041,0.0418,0.0406,0.0415,0.0415,15275650.0,ADA
2019-02-18,0.0415,0.0467,0.0414,0.0456,0.0456,36845045.0,ADA
2019-02-19,0.0457,0.048,0.0457,0.0462,0.0462,42563542.0,ADA
2019-02-20,0.0462,0.0477,0.0453,0.0476,0.0476,25594088.0,ADA
2019-02-21,0.0476,0.0478,0.0447,0.045,0.045,25111686.0,ADA
2019-02-22,0.045,0.0462,0.0448,0.0462,0.0462,17691041.0,ADA
2019-02-23,0.046,0.0489,0.0457,0.0486,0.0486,27665132.0,ADA
2019-02-24,0.0487,0.0505,0.0421,0.0425,0.0425,51650807.0,ADA
2019-02-25,0.0422,0.0446,0.0422,0.044,0.044,24692109.0,ADA
2019-02-26,0.044,0.044,0.0428,0.0433,0.0433,16641229.0,ADA
2019-02-27,0.0433,0.0438,0.0421,0.0433,0.0433,18346578.0,ADA
2019-02-28,0.0432,0.0437,0.0429,0.0431,0.0431,14678619.0,ADA
2019-03-01,0.0431,0.0441,0.0431,0.0433,0.0433,12997143.0,ADA
2019-03-02,0.0432,0.0435,0.0425,0.0428,0.0428,11304262.0,ADA
2019-03-03,0.0429,0.043,0.0422,0.0423,0.0423,11011516.0,ADA
2019-03-04,0.0423,0.0425,0.0398,0.0406,0.0406,18487838.0,ADA
2019-03-05,0.0406,0.0434,0.0403,0.0432,0.0432,20952203.0,ADA
2019-03-06,0.0432,0.0435,0.0424,0.0428,0.0428,15221352.0,ADA
2019-03-07,0.0429,0.0436,0.0425,0.0429,0.0429,17201355.0,ADA
2019-03-08,0.043,0.0438,0.0425,0.0427,0.0427,20315017.0,ADA
2019-03-09,0.0427,0.047,0.0427,0.0467,0.0467,52185658.0,ADA
2019-03-10,0.0468,0.0468,0.0445,0.0457,0.0457,27465021.0,ADA
2019-03-11,0.0457,0.0485,0.045,0.0476,0.0476,54732769.0,ADA
2019-03-12,0.0477,0.0482,0.0459,0.0474,0.0474,35348848.0,ADA
2019-03-13,0.0474,0.0486,0.0462,0.0466,0.0466,29855262.0,ADA
2019-03-14,0.0466,0.0483,0.0463,0.0481,0.0481,26216581.0,ADA
2019-03-15,0.048,0.0508,0.048,0.0501,0.0501,42730117.0,ADA
2019-03-16,0.0501,0.0519,0.0497,0.0516,0.0516,44616837.0,ADA
2019-03-17,0.0516,0.0518,0.05,0.0502,0.0502,28870444.0,ADA
2019-03-18,0.0503,0.0511,0.0497,0.0505,0.0505,37198857.0,ADA
2019-03-19,0.0505,0.0537,0.0498,0.0526,0.0526,46089907.0,ADA
2019-03-20,0.0527,0.0539,0.0514,0.0539,0.0539,47370105.0,ADA
2019-03-21,0.054,0.055,0.0508,0.0529,0.0529,66543590.0,ADA
2019-03-22,0.0529,0.0592,0.0527,0.0581,0.0581,119817467.0,ADA
2019-03-23,0.058,0.0647,0.057,0.0638,0.0638,137854803.0,ADA
2019-03-24,0.0637,0.0643,0.0597,0.0617,0.0617,102441666.0,ADA
2019-03-25,0.0619,0.0619,0.0575,0.059,0.059,74748664.0,ADA
2019-03-26,0.0592,0.0624,0.0591,0.0624,0.0624,79200005.0,ADA
2019-03-27,0.0622,0.0683,0.0613,0.0676,0.0676,113386031.0,ADA
2019-03-28,0.0676,0.0676,0.065,0.0658,0.0658,78259559.0,ADA
2019-03-29,0.0658,0.0728,0.0658,0.0713,0.0713,125904169.0,ADA
2019-03-30,0.0713,0.0737,0.0684,0.0717,0.0717,94907668.0,ADA
2019-03-31,0.0717,0.0721,0.0694,0.0697,0.0697,67772020.0,ADA
2019-04-01,0.0697,0.0728,0.069,0.0723,0.0723,81836246.0,ADA
2019-04-02,0.0723,0.0855,0.0709,0.0855,0.0855,201276067.0,ADA
2019-04-03,0.0854,0.1,0.0848,0.0907,0.0907,300935984.0,ADA
2019-04-04,0.0905,0.0941,0.0833,0.0874,0.0874,182769802.0,ADA
2019-04-05,0.0874,0.0922,0.0873,0.0912,0.0912,122685904.0,ADA
2019-04-06,0.0912,0.0937,0.0879,0.0903,0.0903,114652737.0,ADA
2019-04-07,0.0902,0.0913,0.0885,0.0905,0.0905,100804121.0,ADA
2019-04-08,0.0905,0.0916,0.0833,0.087,0.087,134978650.0,ADA
2019-04-09,0.087,0.087,0.0817,0.0837,0.0837,122878696.0,ADA
2019-04-10,0.0838,0.0925,0.0835,0.09,0.09,131422301.0,ADA
2019-04-11,0.0899,0.0907,0.0776,0.0834,0.0834,163656337.0,ADA
2019-04-12,0.0836,0.0854,0.0804,0.0835,0.0835,110371615.0,ADA
2019-04-13,0.0835,0.0855,0.0829,0.0837,0.0837,71755835.0,ADA
2019-04-14,0.0837,0.0855,0.0814,0.0846,0.0846,82514758.0,ADA
2019-04-15,0.0846,0.0856,0.0814,0.0823,0.0823,73555913.0,ADA
2019-04-16,0.0823,0.0839,0.0805,0.0838,0.0838,65962870.0,ADA
2019-04-17,0.0838,0.0846,0.0821,0.0831,0.0831,66210752.0,ADA
2019-04-18,0.0831,0.0839,0.0814,0.0818,0.0818,70016365.0,ADA
2019-04-19,0.0817,0.0818,0.0782,0.0795,0.0795,82646736.0,ADA
2019-04-20,0.0795,0.0795,0.0754,0.0765,0.0765,77410325.0,ADA
2019-04-21,0.0766,0.078,0.072,0.0741,0.0741,89301951.0,ADA
2019-04-22,0.0741,0.0794,0.0722,0.078,0.078,90476347.0,ADA
2019-04-23,0.0781,0.0803,0.0743,0.0745,0.0745,100698845.0,ADA
2019-04-24,0.0745,0.0758,0.0687,0.0726,0.0726,90318024.0,ADA
2019-04-25,0.0726,0.076,0.0687,0.0692,0.0692,96537993.0,ADA
2019-04-26,0.0693,0.0708,0.0669,0.0692,0.0692,83227767.0,ADA
2019-04-27,0.0692,0.0716,0.0683,0.0702,0.0702,50161507.0,ADA
2019-04-28,0.0702,0.0706,0.068,0.0686,0.0686,42979831.0,ADA
2019-04-29,0.0686,0.069,0.0642,0.0646,0.0646,69287156.0,ADA
2019-04-30,0.0647,0.0703,0.0647,0.0703,0.0703,62990602.0,ADA
2019-05-01,0.0703,0.0708,0.0675,0.069,0.069,58865338.0,ADA
2019-05-02,0.069,0.0697,0.0683,0.0686,0.0686,55122570.0,ADA
2019-05-03,0.0686,0.0719,0.0677,0.0699,0.0699,77726743.0,ADA
2019-05-04,0.0699,0.072,0.0658,0.0669,0.0669,75467766.0,ADA
2019-05-05,0.0669,0.068,0.0657,0.0661,0.0661,49098472.0,ADA
2019-05-06,0.0662,0.0685,0.0637,0.0668,0.0668,60289464.0,ADA
2019-05-07,0.0668,0.0686,0.064,0.064,0.064,53650713.0,ADA
2019-05-08,0.064,0.065,0.0622,0.0646,0.0646,40605280.0,ADA
2019-05-09,0.0646,0.0651,0.0604,0.0617,0.0617,60306852.0,ADA
2019-05-10,0.0617,0.0648,0.0591,0.0634,0.0634,87926145.0,ADA
2019-05-11,0.0634,0.0784,0.063,0.0752,0.0752,187252193.0,ADA
2019-05-12,0.0751,0.0768,0.0684,0.0701,0.0701,141023789.0,ADA
2019-05-13,0.0701,0.0766,0.0695,0.0731,0.0731,124764722.0,ADA
2019-05-14,0.073,0.0846,0.0729,0.0845,0.0845,192076841.0,ADA
2019-05-15,0.0846,0.0949,0.0836,0.094,0.094,207490352.0,ADA
2019-05-16,0.094,0.1004,0.0843,0.0882,0.0882,270983571.0,ADA
2019-05-17,0.0882,0.0908,0.0766,0.0833,0.0833,208531469.0,ADA
2019-05-18,0.0833,0.0849,0.0789,0.0791,0.0791,116482954.0,ADA
2019-05-19,0.0791,0.0882,0.0786,0.087,0.087,145752504.0,ADA
2019-05-20,0.087,0.087,0.0801,0.0848,0.0848,133738559.0,ADA
2019-05-21,0.0848,0.0864,0.0825,0.0846,0.0846,97465476.0,ADA
2019-05-22,0.0846,0.0855,0.0777,0.078,0.078,130856368.0,ADA
2019-05-23,0.0779,0.0807,0.0742,0.0807,0.0807,101768393.0,ADA
2019-05-24,0.0807,0.0834,0.0784,0.0809,0.0809,106320607.0,ADA
2019-05-25,0.0809,0.0826,0.0798,0.0805,0.0805,62522128.0,ADA
2019-05-26,0.0805,0.0869,0.0787,0.086,0.086,111190328.0,ADA
2019-05-27,0.086,0.0935,0.0854,0.0917,0.0917,171736300.0,ADA
2019-05-28,0.0915,0.0932,0.0876,0.0928,0.0928,180587854.0,ADA
2019-05-29,0.0929,0.0938,0.0862,0.0909,0.0909,154832177.0,ADA
2019-05-30,0.0908,0.0968,0.0817,0.0845,0.0845,232348614.0,ADA
2019-05-31,0.0845,0.0899,0.0819,0.0894,0.0894,136542078.0,ADA
2019-06-01,0.0895,0.0928,0.0864,0.0905,0.0905,151835927.0,ADA
2019-06-02,0.0907,0.0975,0.0906,0.0966,0.0966,187162218.0,ADA
2019-06-03,0.0966,0.0983,0.0885,0.0887,0.0887,227861801.0,ADA
2019-06-04,0.0884,0.0884,0.0798,0.0825,0.0825,184181601.0,ADA
2019-06-05,0.0827,0.0851,0.0805,0.0834,0.0834,118371207.0,ADA
2019-06-06,0.0834,0.084,0.0789,0.0835,0.0835,154264120.0,ADA
2019-06-07,0.0834,0.0877,0.0828,0.0858,0.0858,139056742.0,ADA
2019-06-08,0.0859,0.0866,0.0823,0.0842,0.0842,126559141.0,ADA
2019-06-09,0.0842,0.0843,0.0776,0.0795,0.0795,122067718.0,ADA
2019-06-10,0.0794,0.0857,0.0784,0.0855,0.0855,139307413.0,ADA
2019-06-11,0.0856,0.0892,0.0826,0.088,0.088,152723260.0,ADA
2019-06-12,0.088,0.0966,0.0865,0.0965,0.0965,247353617.0,ADA
2019-06-13,0.0963,0.097,0.0887,0.0897,0.0897,228176588.0,ADA
2019-06-14,0.0898,0.0912,0.0857,0.0906,0.0906,205015950.0,ADA
2019-06-15,0.0907,0.0927,0.0905,0.0917,0.0917,159441139.0,ADA
2019-06-16,0.0917,0.0943,0.0906,0.0923,0.0923,197578316.0,ADA
2019-06-17,0.0923,0.0939,0.0916,0.0936,0.0936,158000946.0,ADA
2019-06-18,0.0936,0.0937,0.0887,0.0891,0.0891,146225452.0,ADA
2019-06-19,0.0892,0.0916,0.089,0.09,0.09,114753636.0,ADA
2019-06-20,0.09,0.0903,0.0856,0.0874,0.0874,159470236.0,ADA
2019-06-21,0.0874,0.0913,0.0874,0.0896,0.0896,124230175.0,ADA
2019-06-22,0.0896,0.0978,0.0893,0.0944,0.0944,243264334.0,ADA
2019-06-23,0.0944,0.1021,0.0941,0.0966,0.0966,245604694.0,ADA
2019-06-24,0.0966,0.0991,0.0941,0.0977,0.0977,135761450.0,ADA
2019-06-25,0.0978,0.0982,0.0937,0.0964,0.0964,193143079.0,ADA
2019-06-26,0.0964,0.1069,0.0962,0.0968,0.0968,340512938.0,ADA
2019-06-27,0.0978,0.0995,0.0826,0.0864,0.0864,253512191.0,ADA
2019-06-28,0.0865,0.0897,0.0849,0.0893,0.0893,195954056.0,ADA
2019-06-29,0.0893,0.0911,0.0847,0.0904,0.0904,169271858.0,ADA
2019-06-30,0.0905,0.0912,0.0821,0.0821,0.0821,161855807.0,ADA
2019-07-01,0.0821,0.0859,0.0805,0.0838,0.0838,168654990.0,ADA
2019-07-02,0.0838,0.0846,0.0768,0.0811,0.0811,180980795.0,ADA
2019-07-03,0.081,0.0838,0.0802,0.083,0.083,154492406.0,ADA
2019-07-04,0.083,0.083,0.0776,0.0778,0.0778,142713204.0,ADA
2019-07-05,0.0778,0.0781,0.076,0.0765,0.0765,116391599.0,ADA
2019-07-06,0.0765,0.0803,0.0763,0.0773,0.0773,128961683.0,ADA
2019-07-07,0.0773,0.0803,0.077,0.08,0.08,104984613.0,ADA
2019-07-08,0.0799,0.0823,0.079,0.0805,0.0805,114339528.0,ADA
2019-07-09,0.0805,0.0808,0.0774,0.078,0.078,122935384.0,ADA
2019-07-10,0.078,0.0783,0.0698,0.0719,0.0719,119999742.0,ADA
2019-07-11,0.0719,0.072,0.063,0.0652,0.0652,118873479.0,ADA
2019-07-12,0.0652,0.0708,0.0636,0.0698,0.0698,118155306.0,ADA
2019-07-13,0.0698,0.0709,0.0646,0.0668,0.0668,101320396.0,ADA
2019-07-14,0.0668,0.0672,0.0594,0.0594,0.0594,101190601.0,ADA
2019-07-15,0.0594,0.0603,0.0555,0.0595,0.0595,123473435.0,ADA
2019-07-16,0.0595,0.061,0.0508,0.0521,0.0521,103254765.0,ADA
2019-07-17,0.052,0.0579,0.0501,0.0552,0.0552,97931569.0,ADA
2019-07-18,0.0552,0.0595,0.0536,0.0588,0.0588,88644359.0,ADA
2019-07-19,0.0588,0.0608,0.0567,0.0598,0.0598,63433080.0,ADA
2019-07-20,0.0598,0.0651,0.0596,0.063,0.063,71844245.0,ADA
2019-07-21,0.0629,0.0642,0.0596,0.0612,0.0612,53461725.0,ADA
2019-07-22,0.0612,0.0621,0.0583,0.0595,0.0595,53620676.0,ADA
2019-07-23,0.0595,0.0596,0.0554,0.0558,0.0558,59728000.0,ADA
2019-07-24,0.0558,0.0591,0.054,0.059,0.059,60954091.0,ADA
2019-07-25,0.0591,0.0606,0.0584,0.0587,0.0587,46420719.0,ADA
2019-07-26,0.0587,0.0629,0.0571,0.0629,0.0629,57109967.0,ADA
2019-07-27,0.0629,0.0637,0.0575,0.0599,0.0599,55521873.0,ADA
2019-07-28,0.0599,0.06,0.0572,0.0595,0.0595,30475480.0,ADA
2019-07-29,0.0594,0.062,0.0584,0.0604,0.0604,42220706.0,ADA
2019-07-30,0.0604,0.0612,0.0588,0.0599,0.0599,32759716.0,ADA
2019-07-31,0.0599,0.0609,0.0594,0.0602,0.0602,47344104.0,ADA
2019-08-01,0.0602,0.0603,0.058,0.0589,0.0589,44730276.0,ADA
2019-08-02,0.0589,0.0589,0.0566,0.0574,0.0574,50056238.0,ADA
2019-08-03,0.0574,0.0584,0.0569,0.0578,0.0578,37149597.0,ADA
2019-08-04,0.0578,0.0582,0.0562,0.0563,0.0563,45039556.0,ADA
2019-08-05,0.0563,0.0584,0.0561,0.0567,0.0567,54461468.0,ADA
2019-08-06,0.0567,0.0567,0.053,0.0534,0.0534,48272768.0,ADA
2019-08-07,0.0534,0.0541,0.0514,0.0519,0.0519,46290310.0,ADA
2019-08-08,0.0519,0.0529,0.0504,0.052,0.052,47971636.0,ADA
2019-08-09,0.0519,0.0521,0.0475,0.0476,0.0476,43195564.0,ADA
2019-08-10,0.0476,0.0531,0.0476,0.052,0.052,64446721.0,ADA
2019-08-11,0.052,0.0559,0.0519,0.055,0.055,58526307.0,ADA
2019-08-12,0.0548,0.0548,0.0526,0.0529,0.0529,35518598.0,ADA
2019-08-13,0.0529,0.053,0.05,0.0526,0.0526,48509716.0,ADA
2019-08-14,0.0526,0.0535,0.047,0.047,0.047,65540879.0,ADA
2019-08-15,0.0471,0.048,0.0455,0.0475,0.0475,43373582.0,ADA
2019-08-16,0.0475,0.0475,0.0449,0.0468,0.0468,44228391.0,ADA
2019-08-17,0.0469,0.048,0.0463,0.0474,0.0474,34826995.0,ADA
2019-08-18,0.0474,0.0512,0.047,0.0507,0.0507,38253394.0,ADA
2019-08-19,0.0507,0.0508,0.0497,0.0503,0.0503,32307052.0,ADA
2019-08-20,0.0503,0.0503,0.0488,0.0492,0.0492,32132614.0,ADA
2019-08-21,0.0492,0.0492,0.046,0.0471,0.0471,43633315.0,ADA
2019-08-22,0.0472,0.0512,0.0467,0.0494,0.0494,60163312.0,ADA
2019-08-23,0.0494,0.0503,0.0489,0.0498,0.0498,54095276.0,ADA
2019-08-24,0.0498,0.0512,0.0483,0.0502,0.0502,87164790.0,ADA
2019-08-25,0.0502,0.0526,0.0487,0.0494,0.0494,104616408.0,ADA
2019-08-26,0.0495,0.0509,0.0489,0.0497,0.0497,86216611.0,ADA
2019-08-27,0.0497,0.05,0.0482,0.0498,0.0498,38041608.0,ADA
2019-08-28,0.0499,0.0503,0.0457,0.0458,0.0458,65386760.0,ADA
2019-08-29,0.0458,0.0458,0.0434,0.0447,0.0447,53919498.0,ADA
2019-08-30,0.0447,0.0459,0.0443,0.0448,0.0448,51959377.0,ADA
2019-08-31,0.0448,0.0456,0.0441,0.045,0.045,44165774.0,ADA
2019-09-01,0.045,0.0454,0.0437,0.0445,0.0445,31928554.0,ADA
2019-09-02,0.0446,0.0461,0.0434,0.0454,0.0454,42959888.0,ADA
2019-09-03,0.0454,0.0474,0.0448,0.0468,0.0468,63769389.0,ADA
2019-09-04,0.0468,0.0468,0.0452,0.0455,0.0455,40737362.0,ADA
2019-09-05,0.0455,0.0455,0.044,0.0444,0.0444,47778879.0,ADA
2019-09-06,0.0444,0.0448,0.0438,0.0444,0.0444,44478144.0,ADA
2019-09-07,0.0444,0.0466,0.0438,0.0462,0.0462,40837132.0,ADA
2019-09-08,0.0462,0.0477,0.0462,0.0467,0.0467,46948887.0,ADA
2019-09-09,0.0467,0.0472,0.0455,0.0469,0.0469,64445050.0,ADA
2019-09-10,0.0469,0.0481,0.0459,0.0465,0.0465,48839823.0,ADA
2019-09-11,0.0465,0.0466,0.0446,0.045,0.045,51727434.0,ADA
2019-09-12,0.045,0.0464,0.0444,0.0455,0.0455,43222873.0,ADA
2019-09-13,0.0455,0.0458,0.045,0.0458,0.0458,38257028.0,ADA
2019-09-14,0.0458,0.0471,0.045,0.0465,0.0465,51690256.0,ADA
2019-09-15,0.0465,0.0471,0.0462,0.0468,0.0468,41237028.0,ADA
2019-09-16,0.0468,0.0477,0.0461,0.0471,0.0471,45484816.0,ADA
2019-09-17,0.0471,0.0504,0.0471,0.049,0.049,85720809.0,ADA
2019-09-18,0.0489,0.0549,0.0489,0.0533,0.0533,138254972.0,ADA
2019-09-19,0.0533,0.0546,0.0499,0.0525,0.0525,129365460.0,ADA
2019-09-20,0.0525,0.0526,0.0505,0.0523,0.0523,96532515.0,ADA
2019-09-21,0.0523,0.0533,0.0513,0.0519,0.0519,81964425.0,ADA
2019-09-22,0.0519,0.052,0.0479,0.0491,0.0491,86152016.0,ADA
2019-09-23,0.049,0.0496,0.0463,0.0463,0.0463,70372238.0,ADA
2019-09-24,0.0463,0.0467,0.036,0.0376,0.0376,118474845.0,ADA
2019-09-25,0.0376,0.0403,0.0364,0.0394,0.0394,126192409.0,ADA
2019-09-26,0.0394,0.0403,0.0356,0.0382,0.0382,98838746.0,ADA
2019-09-27,0.0382,0.0399,0.0372,0.0395,0.0395,80670014.0,ADA
2019-09-28,0.0395,0.0398,0.0384,0.0388,0.0388,39805245.0,ADA
2019-09-29,0.0388,0.0389,0.0366,0.0375,0.0375,43311030.0,ADA
2019-09-30,0.0375,0.0393,0.0364,0.0389,0.0389,57274489.0,ADA
2019-10-01,0.0389,0.04,0.0384,0.0385,0.0385,38320345.0,ADA
2019-10-02,0.0385,0.0395,0.0379,0.0394,0.0394,36838965.0,ADA
2019-10-03,0.0394,0.0397,0.0379,0.0384,0.0384,37098921.0,ADA
2019-10-04,0.0384,0.0404,0.0379,0.0397,0.0397,48050293.0,ADA
2019-10-05,0.0397,0.04,0.0388,0.0397,0.0397,37111642.0,ADA
2019-10-06,0.0397,0.0403,0.0389,0.0393,0.0393,38119872.0,ADA
2019-10-07,0.0393,0.0419,0.0386,0.0417,0.0417,69132008.0,ADA
2019-10-08,0.0417,0.0422,0.0405,0.0414,0.0414,56654019.0,ADA
2019-10-09,0.0414,0.0433,0.041,0.0426,0.0426,61997644.0,ADA
2019-10-10,0.0426,0.0426,0.0409,0.0417,0.0417,51703356.0,ADA
2019-10-11,0.0417,0.0422,0.0406,0.0406,0.0406,46907954.0,ADA
2019-10-12,0.0405,0.0412,0.0405,0.0405,0.0405,34809571.0,ADA
2019-10-13,0.0405,0.0418,0.0405,0.0413,0.0413,34184264.0,ADA
2019-10-14,0.0413,0.0422,0.0411,0.0418,0.0418,41060020.0,ADA
2019-10-15,0.0418,0.0419,0.0394,0.0398,0.0398,47200973.0,ADA
2019-10-16,0.0398,0.04,0.0378,0.0387,0.0387,44617563.0,ADA
2019-10-17,0.0387,0.0395,0.0382,0.0395,0.0395,36229682.0,ADA
2019-10-18,0.0395,0.0396,0.0376,0.0381,0.0381,39606481.0,ADA
2019-10-19,0.0381,0.0397,0.0378,0.0392,0.0392,40431590.0,ADA
2019-10-20,0.0392,0.0396,0.0384,0.0395,0.0395,33137956.0,ADA
2019-10-21,0.0395,0.0396,0.0387,0.0393,0.0393,36963295.0,ADA
2019-10-22,0.0393,0.0401,0.0388,0.0388,0.0388,39376928.0,ADA
2019-10-23,0.0388,0.039,0.0358,0.0364,0.0364,48257597.0,ADA
2019-10-24,0.0364,0.0381,0.0362,0.0377,0.0377,49800737.0,ADA
2019-10-25,0.0377,0.0418,0.0376,0.0412,0.0412,80455620.0,ADA
2019-10-26,0.0412,0.0432,0.0397,0.0405,0.0405,122861124.0,ADA
2019-10-27,0.0405,0.043,0.0396,0.0423,0.0423,122643092.0,ADA
2019-10-28,0.0423,0.0446,0.0421,0.0424,0.0424,101906301.0,ADA
2019-10-29,0.0423,0.0438,0.0423,0.0434,0.0434,83357024.0,ADA
2019-10-30,0.0434,0.0443,0.0413,0.042,0.042,87541890.0,ADA
2019-10-31,0.042,0.0428,0.0405,0.0416,0.0416,65333066.0,ADA
2019-11-01,0.0416,0.0429,0.0412,0.0423,0.0423,60880836.0,ADA
2019-11-02,0.0423,0.0427,0.0421,0.0426,0.0426,47127524.0,ADA
2019-11-03,0.0426,0.0427,0.0414,0.0419,0.0419,38559537.0,ADA
2019-11-04,0.0419,0.0433,0.0416,0.0432,0.0432,62120502.0,ADA
2019-11-05,0.0433,0.0449,0.0432,0.0443,0.0443,82868890.0,ADA
2019-11-06,0.0443,0.0461,0.0438,0.045,0.045,71743244.0,ADA
2019-11-07,0.0449,0.045,0.0427,0.0436,0.0436,63525683.0,ADA
2019-11-08,0.0436,0.0438,0.0414,0.0423,0.0423,70275427.0,ADA
2019-11-09,0.0423,0.0428,0.0421,0.0424,0.0424,41365741.0,ADA
2019-11-10,0.0424,0.0442,0.0424,0.044,0.044,71691724.0,ADA
2019-11-11,0.044,0.0441,0.0425,0.0432,0.0432,57846910.0,ADA
2019-11-12,0.0433,0.0446,0.0432,0.0438,0.0438,79520150.0,ADA
2019-11-13,0.0437,0.044,0.0433,0.0435,0.0435,42332677.0,ADA
2019-11-14,0.0435,0.0435,0.0424,0.0431,0.0431,53295194.0,ADA
2019-11-15,0.0431,0.0444,0.0423,0.044,0.044,81592975.0,ADA
2019-11-16,0.044,0.0447,0.0435,0.0442,0.0442,61781146.0,ADA
2019-11-17,0.0442,0.0464,0.0437,0.0454,0.0454,74834540.0,ADA
2019-11-18,0.0454,0.0467,0.0435,0.0438,0.0438,106595679.0,ADA
2019-11-19,0.0437,0.0445,0.0414,0.0425,0.0425,91311583.0,ADA
2019-11-20,0.0426,0.0428,0.0408,0.0412,0.0412,69854303.0,ADA
2019-11-21,0.0412,0.0412,0.0377,0.0384,0.0384,67101708.0,ADA
2019-11-22,0.0384,0.0387,0.0346,0.0371,0.0371,93310135.0,ADA
2019-11-23,0.0372,0.0384,0.0367,0.0383,0.0383,58979321.0,ADA
2019-11-24,0.0384,0.0389,0.0356,0.0356,0.0356,62998664.0,ADA
2019-11-25,0.0355,0.0372,0.0333,0.036,0.036,96694224.0,ADA
2019-11-26,0.036,0.0371,0.0357,0.037,0.037,57431469.0,ADA
2019-11-27,0.037,0.0398,0.0358,0.039,0.039,76841561.0,ADA
2019-11-28,0.0391,0.04,0.0386,0.0392,0.0392,60743402.0,ADA
2019-11-29,0.0392,0.042,0.0392,0.0414,0.0414,99506198.0,ADA
2019-11-30,0.0414,0.0423,0.0401,0.0404,0.0404,64184925.0,ADA
2019-12-01,0.0404,0.0404,0.0385,0.0396,0.0396,59641355.0,ADA
2019-12-02,0.0396,0.0398,0.0376,0.0381,0.0381,43069273.0,ADA
2019-12-03,0.038,0.0388,0.0372,0.0379,0.0379,34356882.0,ADA
2019-12-04,0.0379,0.0385,0.0366,0.0374,0.0374,51692273.0,ADA
2019-12-05,0.0374,0.039,0.037,0.0379,0.0379,39975671.0,ADA
2019-12-06,0.0379,0.0383,0.0375,0.0383,0.0383,30049656.0,ADA
2019-12-07,0.0383,0.0392,0.0382,0.0388,0.0388,30151245.0,ADA
2019-12-08,0.0388,0.0392,0.0384,0.0389,0.0389,25653004.0,ADA
2019-12-09,0.0389,0.039,0.0374,0.0375,0.0375,31176738.0,ADA
2019-12-10,0.0375,0.0376,0.0363,0.0366,0.0366,32469759.0,ADA
2019-12-11,0.0366,0.0373,0.0363,0.0367,0.0367,46812213.0,ADA
2019-12-12,0.0367,0.0369,0.0362,0.0367,0.0367,41806143.0,ADA
2019-12-13,0.0367,0.0374,0.0366,0.0371,0.0371,42557713.0,ADA
2019-12-14,0.0372,0.0375,0.0361,0.0364,0.0364,39951085.0,ADA
2019-12-15,0.0364,0.0368,0.0348,0.0367,0.0367,28289226.0,ADA
2019-12-16,0.0367,0.0367,0.0336,0.0343,0.0343,41961581.0,ADA
2019-12-17,0.0343,0.0343,0.0313,0.0318,0.0318,54217973.0,ADA
2019-12-18,0.0318,0.0347,0.0309,0.0345,0.0345,61099755.0,ADA
2019-12-19,0.0345,0.0348,0.0331,0.0333,0.0333,43861871.0,ADA
2019-12-20,0.0333,0.034,0.0329,0.034,0.034,32935799.0,ADA
2019-12-21,0.034,0.0341,0.0329,0.0333,0.0333,25280467.0,ADA
2019-12-22,0.0333,0.0345,0.0332,0.0345,0.0345,24856105.0,ADA
2019-12-23,0.0344,0.0346,0.0332,0.0332,0.0332,36538149.0,ADA
2019-12-24,0.0332,0.0351,0.0329,0.0342,0.0342,30932185.0,ADA
2019-12-25,0.0342,0.0344,0.0333,0.0337,0.0337,19588981.0,ADA
2019-12-26,0.0337,0.0348,0.0335,0.0343,0.0343,28317661.0,ADA
2019-12-27,0.0343,0.0344,0.0322,0.0331,0.0331,42498574.0,ADA
2019-12-28,0.0331,0.0342,0.0331,0.0336,0.0336,23018616.0,ADA
2019-12-29,0.0336,0.0347,0.0334,0.0343,0.0343,23696263.0,ADA
2019-12-30,0.0343,0.0346,0.0335,0.0336,0.0336,21940559.0,ADA
2019-12-31,0.0336,0.0339,0.0328,0.0328,0.0328,25320349.0,ADA
2020-01-01,0.0328,0.0338,0.0327,0.0335,0.0335,22948374.0,ADA
2020-01-02,0.0335,0.0335,0.0324,0.0328,0.0328,20843933.0,ADA
2020-01-03,0.0327,0.0344,0.0325,0.0342,0.0342,30162644.0,ADA
2020-01-04,0.0342,0.0347,0.0339,0.0346,0.0346,29535780.0,ADA
2020-01-05,0.0346,0.0354,0.0345,0.0347,0.0347,21479178.0,ADA
2020-01-06,0.0348,0.0373,0.0347,0.0373,0.0373,37988443.0,ADA
2020-01-07,0.0373,0.0378,0.0367,0.037,0.037,51562679.0,ADA
2020-01-08,0.0371,0.0386,0.036,0.0364,0.0364,49193345.0,ADA
2020-01-09,0.0364,0.0364,0.0357,0.0364,0.0364,26562775.0,ADA
2020-01-10,0.0363,0.037,0.0348,0.0369,0.0369,47483943.0,ADA
2020-01-11,0.0369,0.0376,0.0365,0.0368,0.0368,63485488.0,ADA
2020-01-12,0.0368,0.0377,0.0366,0.0377,0.0377,56546260.0,ADA
2020-01-13,0.0377,0.0379,0.0368,0.037,0.037,56296774.0,ADA
2020-01-14,0.037,0.0422,0.037,0.0417,0.0417,125280205.0,ADA
2020-01-15,0.0416,0.043,0.0404,0.0426,0.0426,111350540.0,ADA
2020-01-16,0.0426,0.0431,0.0402,0.0414,0.0414,76686221.0,ADA
2020-01-17,0.0414,0.0457,0.0411,0.045,0.045,106282893.0,ADA
2020-01-18,0.045,0.0455,0.0432,0.0449,0.0449,89192475.0,ADA
2020-01-19,0.0449,0.0458,0.0414,0.042,0.042,91187159.0,ADA
2020-01-20,0.0419,0.0443,0.0419,0.0439,0.0439,70100648.0,ADA
2020-01-21,0.0438,0.0465,0.0435,0.046,0.046,95915865.0,ADA
2020-01-22,0.0459,0.0463,0.0453,0.0457,0.0457,67145740.0,ADA
2020-01-23,0.0457,0.0458,0.0422,0.0433,0.0433,75034252.0,ADA
2020-01-24,0.0434,0.0452,0.0414,0.045,0.045,77503651.0,ADA
2020-01-25,0.045,0.0452,0.0431,0.0432,0.0432,57389975.0,ADA
2020-01-26,0.0432,0.0446,0.043,0.0446,0.0446,62759584.0,ADA
2020-01-27,0.0446,0.0488,0.0442,0.0479,0.0479,97006750.0,ADA
2020-01-28,0.0478,0.0543,0.0475,0.0529,0.0529,207996791.0,ADA
2020-01-29,0.0529,0.0573,0.0525,0.0535,0.0535,187136957.0,ADA
2020-01-30,0.0535,0.0569,0.0524,0.0561,0.0561,153009927.0,ADA
2020-01-31,0.056,0.0566,0.0523,0.0538,0.0538,130754832.0,ADA
2020-02-01,0.0538,0.0571,0.0533,0.0561,0.0561,110646744.0,ADA
2020-02-02,0.0561,0.0584,0.0549,0.0558,0.0558,161454526.0,ADA
2020-02-03,0.0557,0.0577,0.0554,0.057,0.057,106658349.0,ADA
2020-02-04,0.057,0.0577,0.0542,0.056,0.056,108933030.0,ADA
2020-02-05,0.056,0.0599,0.0557,0.0592,0.0592,138149930.0,ADA
2020-02-06,0.0592,0.0606,0.0583,0.0598,0.0598,136652022.0,ADA
2020-02-07,0.0598,0.0623,0.0596,0.0598,0.0598,132154529.0,ADA
2020-02-08,0.0598,0.0611,0.0576,0.0599,0.0599,135969080.0,ADA
2020-02-09,0.0599,0.0622,0.0599,0.0618,0.0618,137945918.0,ADA
2020-02-10,0.0618,0.0619,0.0585,0.0604,0.0604,137083309.0,ADA
2020-02-11,0.0603,0.0632,0.0589,0.0632,0.0632,203550299.0,ADA
2020-02-12,0.0632,0.0702,0.0632,0.0684,0.0684,220517194.0,ADA
2020-02-13,0.0683,0.0721,0.066,0.0686,0.0686,251519040.0,ADA
2020-02-14,0.0686,0.071,0.0675,0.0706,0.0706,183283803.0,ADA
2020-02-15,0.0706,0.0711,0.0628,0.0639,0.0639,190925360.0,ADA
2020-02-16,0.064,0.0669,0.0574,0.0627,0.0627,206918460.0,ADA
2020-02-17,0.0626,0.0626,0.056,0.06,0.06,198079705.0,ADA
2020-02-18,0.0601,0.063,0.0583,0.0626,0.0626,184674402.0,ADA
2020-02-19,0.0626,0.0629,0.0574,0.0576,0.0576,166141952.0,ADA
2020-02-20,0.0574,0.0587,0.0559,0.0583,0.0583,201763470.0,ADA
2020-02-21,0.0582,0.0599,0.0577,0.0586,0.0586,180464940.0,ADA
2020-02-22,0.0586,0.059,0.057,0.0583,0.0583,132866696.0,ADA
2020-02-23,0.0583,0.0617,0.0582,0.0615,0.0615,190486306.0,ADA
2020-02-24,0.0615,0.0617,0.0575,0.059,0.059,203582107.0,ADA
2020-02-25,0.059,0.059,0.0561,0.0564,0.0564,178219320.0,ADA
2020-02-26,0.0563,0.0565,0.0474,0.0495,0.0495,207080422.0,ADA
2020-02-27,0.0494,0.0519,0.0465,0.0497,0.0497,158104506.0,ADA
2020-02-28,0.0497,0.0512,0.0471,0.0486,0.0486,153965236.0,ADA
2020-02-29,0.0486,0.0499,0.0475,0.0475,0.0475,94074240.0,ADA
2020-03-01,0.0475,0.0482,0.0453,0.0459,0.0459,96716580.0,ADA
2020-03-02,0.0459,0.0496,0.0456,0.049,0.049,106582073.0,ADA
2020-03-03,0.0489,0.0494,0.0478,0.0488,0.0488,117373434.0,ADA
2020-03-04,0.0488,0.0503,0.0482,0.049,0.049,136505373.0,ADA
2020-03-05,0.049,0.0523,0.049,0.0511,0.0511,112291733.0,ADA
2020-03-06,0.051,0.0517,0.0503,0.0514,0.0514,100834828.0,ADA
2020-03-07,0.0515,0.0517,0.0486,0.0489,0.0489,90448414.0,ADA
2020-03-08,0.0489,0.0489,0.043,0.0433,0.0433,111437013.0,ADA
2020-03-09,0.0432,0.0439,0.0393,0.0415,0.0415,125578007.0,ADA
2020-03-10,0.0416,0.043,0.0408,0.0415,0.0415,103411534.0,ADA
2020-03-11,0.0415,0.0417,0.0377,0.0396,0.0396,103084587.0,ADA
2020-03-12,0.0396,0.0397,0.024,0.024,0.024,179944369.0,ADA
2020-03-13,0.024,0.0292,0.0191,0.0284,0.0284,202296978.0,ADA
2020-03-14,0.0285,0.029,0.0257,0.026,0.026,65051355.0,ADA
2020-03-15,0.026,0.0288,0.0258,0.0271,0.0271,67311254.0,ADA
2020-03-16,0.0271,0.0271,0.0222,0.0241,0.0241,94985576.0,ADA
2020-03-17,0.0241,0.0262,0.0241,0.0252,0.0252,75837864.0,ADA
2020-03-18,0.0252,0.026,0.0246,0.0253,0.0253,77546807.0,ADA
2020-03-19,0.0253,0.0317,0.0253,0.0305,0.0305,119348856.0,ADA
2020-03-20,0.0304,0.0337,0.0275,0.0294,0.0294,142131507.0,ADA
2020-03-21,0.0294,0.0303,0.0281,0.0294,0.0294,94598888.0,ADA
2020-03-22,0.0294,0.0303,0.027,0.0271,0.0271,78698656.0,ADA
2020-03-23,0.0271,0.0291,0.0268,0.0291,0.0291,92453323.0,ADA
2020-03-24,0.0291,0.0303,0.0287,0.0302,0.0302,88827461.0,ADA
2020-03-25,0.0302,0.0304,0.029,0.0294,0.0294,83388812.0,ADA
2020-03-26,0.0294,0.0307,0.0294,0.0307,0.0307,81633746.0,ADA
2020-03-27,0.0307,0.0312,0.0292,0.0293,0.0293,85517314.0,ADA
2020-03-28,0.0293,0.03,0.0282,0.0298,0.0298,85338156.0,ADA
2020-03-29,0.0297,0.0298,0.0282,0.0282,0.0282,71027468.0,ADA
2020-03-30,0.0282,0.0301,0.0281,0.0299,0.0299,81661518.0,ADA
2020-03-31,0.0298,0.0306,0.0297,0.0306,0.0306,79871856.0,ADA
2020-04-01,0.0306,0.0309,0.0296,0.0309,0.0309,92295629.0,ADA
2020-04-02,0.0308,0.0331,0.0308,0.032,0.032,106987595.0,ADA
2020-04-03,0.032,0.0327,0.0317,0.0323,0.0323,89797915.0,ADA
2020-04-04,0.0323,0.0326,0.0319,0.0325,0.0325,89146986.0,ADA
2020-04-05,0.0325,0.0326,0.0317,0.032,0.032,64845688.0,ADA
2020-04-06,0.032,0.0356,0.0319,0.0356,0.0356,117138444.0,ADA
2020-04-07,0.0357,0.0369,0.0348,0.0351,0.0351,117230378.0,ADA
2020-04-08,0.0351,0.0366,0.0351,0.0363,0.0363,100892760.0,ADA
2020-04-09,0.0363,0.0366,0.0356,0.0362,0.0362,86398496.0,ADA
2020-04-10,0.0362,0.0362,0.0325,0.0332,0.0332,95977717.0,ADA
2020-04-11,0.0332,0.034,0.0328,0.0334,0.0334,75648110.0,ADA
2020-04-12,0.0333,0.0347,0.0331,0.0338,0.0338,73751090.0,ADA
2020-04-13,0.0338,0.0338,0.0321,0.0331,0.0331,84000833.0,ADA
2020-04-14,0.0331,0.0337,0.0328,0.033,0.033,74633336.0,ADA
2020-04-15,0.033,0.0337,0.0318,0.0319,0.0319,68238170.0,ADA
2020-04-16,0.0319,0.0346,0.0312,0.0344,0.0344,101314082.0,ADA
2020-04-17,0.0344,0.0349,0.0343,0.0346,0.0346,79385032.0,ADA
2020-04-18,0.0346,0.0368,0.0346,0.0366,0.0366,89893450.0,ADA
2020-04-19,0.0366,0.0368,0.0356,0.0358,0.0358,87523446.0,ADA
2020-04-20,0.0358,0.0367,0.0342,0.0342,0.0342,94301264.0,ADA
2020-04-21,0.0342,0.035,0.034,0.0347,0.0347,86348514.0,ADA
2020-04-22,0.0347,0.0367,0.0345,0.0366,0.0366,78891247.0,ADA
2020-04-23,0.0366,0.0418,0.0365,0.0406,0.0406,162468133.0,ADA
2020-04-24,0.0406,0.0438,0.0406,0.0419,0.0419,176233805.0,ADA
2020-04-25,0.0419,0.0437,0.0414,0.0424,0.0424,101619888.0,ADA
2020-04-26,0.0424,0.0462,0.0422,0.0459,0.0459,150611026.0,ADA
2020-04-27,0.0459,0.0477,0.0446,0.0466,0.0466,168989553.0,ADA
2020-04-28,0.0466,0.0481,0.0463,0.0472,0.0472,144584234.0,ADA
2020-04-29,0.0472,0.052,0.047,0.0517,0.0517,192508665.0,ADA
2020-04-30,0.0517,0.0543,0.0476,0.0478,0.0478,242494651.0,ADA
2020-05-01,0.0478,0.052,0.0478,0.0513,0.0513,169546436.0,ADA
2020-05-02,0.0512,0.0515,0.0499,0.051,0.051,128138136.0,ADA
2020-05-03,0.051,0.0517,0.0483,0.0489,0.0489,139890791.0,ADA
2020-05-04,0.049,0.0502,0.0465,0.0497,0.0497,172243659.0,ADA
2020-05-05,0.0497,0.0505,0.049,0.0494,0.0494,128066777.0,ADA
2020-05-06,0.0493,0.0511,0.049,0.0498,0.0498,131357244.0,ADA
2020-05-07,0.0497,0.0515,0.0489,0.0511,0.0511,143479708.0,ADA
2020-05-08,0.0511,0.0535,0.051,0.0523,0.0523,172647716.0,ADA
2020-05-09,0.0523,0.053,0.0515,0.0517,0.0517,141642170.0,ADA
2020-05-10,0.0517,0.0517,0.045,0.0477,0.0477,227335947.0,ADA
2020-05-11,0.0477,0.0495,0.0455,0.0481,0.0481,206327743.0,ADA
2020-05-12,0.0481,0.0509,0.0479,0.0504,0.0504,170879029.0,ADA
2020-05-13,0.0504,0.052,0.0497,0.0515,0.0515,148356780.0,ADA
2020-05-14,0.0514,0.0519,0.0505,0.0509,0.0509,144469842.0,ADA
2020-05-15,0.0509,0.0518,0.05,0.0505,0.0505,142644324.0,ADA
2020-05-16,0.0504,0.0512,0.0501,0.0509,0.0509,123913484.0,ADA
2020-05-17,0.0509,0.0521,0.0509,0.0513,0.0513,115459525.0,ADA
2020-05-18,0.0513,0.0548,0.0511,0.0543,0.0543,182874558.0,ADA
2020-05-19,0.0542,0.0569,0.0529,0.0564,0.0564,186581379.0,ADA
2020-05-20,0.0565,0.0573,0.0546,0.0569,0.0569,203310636.0,ADA
2020-05-21,0.0569,0.0575,0.0506,0.0522,0.0522,228349552.0,ADA
2020-05-22,0.0523,0.0569,0.0515,0.0558,0.0558,224368473.0,ADA
2020-05-23,0.0558,0.0564,0.0545,0.0553,0.0553,131277191.0,ADA
2020-05-24,0.0553,0.056,0.0526,0.0526,0.0526,108565176.0,ADA
2020-05-25,0.0522,0.0543,0.0511,0.054,0.054,183914563.0,ADA
2020-05-26,0.0539,0.0542,0.052,0.0534,0.0534,162232160.0,ADA
2020-05-27,0.0535,0.0559,0.0532,0.0552,0.0552,185161265.0,ADA
2020-05-28,0.0551,0.0672,0.055,0.0646,0.0646,368087319.0,ADA
2020-05-29,0.0646,0.0667,0.0629,0.0647,0.0647,393626086.0,ADA
2020-05-30,0.0648,0.0773,0.0638,0.077,0.077,591436389.0,ADA
2020-05-31,0.0769,0.086,0.0726,0.0744,0.0744,848945702.0,ADA
2020-06-01,0.0742,0.0824,0.0737,0.0812,0.0812,681780739.0,ADA
2020-06-02,0.081,0.0824,0.074,0.0785,0.0785,588732846.0,ADA
2020-06-03,0.0785,0.0857,0.0774,0.0854,0.0854,558410068.0,ADA
2020-06-04,0.0854,0.0901,0.0844,0.089,0.089,593406534.0,ADA
2020-06-05,0.0891,0.0892,0.0843,0.0854,0.0854,357717348.0,ADA
2020-06-06,0.0854,0.0872,0.0852,0.086,0.086,230814839.0,ADA
2020-06-07,0.086,0.0886,0.083,0.0867,0.0867,317140969.0,ADA
2020-06-08,0.0867,0.087,0.0846,0.0864,0.0864,212837063.0,ADA
2020-06-09,0.0864,0.0865,0.0834,0.0834,0.0834,213123819.0,ADA
2020-06-10,0.0834,0.0838,0.08,0.0835,0.0835,326625303.0,ADA
2020-06-11,0.0835,0.0851,0.0743,0.0754,0.0754,321763381.0,ADA
2020-06-12,0.0754,0.0807,0.0752,0.0796,0.0796,244019082.0,ADA
2020-06-13,0.0796,0.0797,0.0776,0.079,0.079,161430428.0,ADA
2020-06-14,0.0791,0.0792,0.0764,0.0767,0.0767,142625976.0,ADA
2020-06-15,0.0767,0.0799,0.0698,0.0784,0.0784,330333741.0,ADA
2020-06-16,0.0784,0.0797,0.0771,0.0791,0.0791,216508724.0,ADA
2020-06-17,0.0791,0.0837,0.0776,0.0834,0.0834,294705845.0,ADA
2020-06-18,0.0834,0.0845,0.0804,0.0822,0.0822,244522788.0,ADA
2020-06-19,0.0821,0.0821,0.079,0.0796,0.0796,211649408.0,ADA
2020-06-20,0.0796,0.0804,0.0774,0.0793,0.0793,167247006.0,ADA
2020-06-21,0.0793,0.0809,0.0783,0.0785,0.0785,151949750.0,ADA
2020-06-22,0.0785,0.0836,0.0784,0.0836,0.0836,202271174.0,ADA
2020-06-23,0.0834,0.084,0.0815,0.0829,0.0829,184078790.0,ADA
2020-06-24,0.083,0.087,0.0806,0.0826,0.0826,302220208.0,ADA
2020-06-25,0.0826,0.0835,0.0795,0.0817,0.0817,207010907.0,ADA
2020-06-26,0.0817,0.082,0.0799,0.0806,0.0806,163378517.0,ADA
2020-06-27,0.0806,0.0812,0.0761,0.0777,0.0777,148184221.0,ADA
2020-06-28,0.0777,0.0814,0.0763,0.0804,0.0804,188871400.0,ADA
2020-06-29,0.0804,0.0843,0.0803,0.0839,0.0839,275593606.0,ADA
2020-06-30,0.0838,0.085,0.082,0.0831,0.0831,208687716.0,ADA
2020-07-01,0.0831,0.0961,0.0825,0.096,0.096,411496623.0,ADA
2020-07-02,0.0969,0.0969,0.0891,0.0943,0.0943,416119935.0,ADA
2020-07-03,0.0943,0.1015,0.0927,0.0965,0.0965,449087829.0,ADA
2020-07-04,0.0967,0.1006,0.0961,0.1,0.1,325220889.0,ADA
2020-07-05,0.1,0.1,0.0944,0.0982,0.0982,262132088.0,ADA
2020-07-06,0.0982,0.1056,0.0973,0.1052,0.1052,336062177.0,ADA
2020-07-07,0.105,0.1188,0.1031,0.1176,0.1176,575537073.0,ADA
2020-07-08,0.1175,0.1366,0.1155,0.1299,0.1299,1161107597.0,ADA
2020-07-09,0.1299,0.1299,0.1183,0.1243,0.1243,659099388.0,ADA
2020-07-10,0.1242,0.1244,0.111,0.1183,0.1183,513272164.0,ADA
2020-07-11,0.1183,0.1267,0.1179,0.1252,0.1252,393237278.0,ADA
2020-07-12,0.1253,0.1278,0.1212,0.1268,0.1268,340033778.0,ADA
2020-07-13,0.1268,0.1348,0.1222,0.1242,0.1242,553867759.0,ADA
2020-07-14,0.1243,0.1343,0.1216,0.132,0.132,449379996.0,ADA
2020-07-15,0.132,0.1324,0.1276,0.1304,0.1304,292680348.0,ADA
2020-07-16,0.1304,0.1325,0.1195,0.1259,0.1259,423824351.0,ADA
2020-07-17,0.126,0.1265,0.1219,0.1225,0.1225,231984862.0,ADA
2020-07-18,0.1223,0.1243,0.1185,0.1225,0.1225,221333949.0,ADA
2020-07-19,0.1225,0.1246,0.1212,0.1237,0.1237,159010744.0,ADA
2020-07-20,0.1237,0.124,0.1169,0.1179,0.1179,176280625.0,ADA
2020-07-21,0.1179,0.1242,0.1169,0.123,0.123,208927328.0,ADA
2020-07-22,0.123,0.1243,0.1206,0.1239,0.1239,157853191.0,ADA
2020-07-23,0.124,0.1259,0.1237,0.1238,0.1238,201587814.0,ADA
2020-07-24,0.1239,0.1241,0.1211,0.1219,0.1219,198707994.0,ADA
2020-07-25,0.1219,0.1447,0.1219,0.1436,0.1436,630341415.0,ADA
2020-07-26,0.143,0.1537,0.1413,0.1481,0.1481,743098554.0,ADA
2020-07-27,0.1479,0.1493,0.1303,0.1388,0.1388,745732008.0,ADA
2020-07-28,0.1388,0.1502,0.1355,0.1486,0.1486,638080213.0,ADA
2020-07-29,0.1486,0.1494,0.1392,0.1399,0.1399,451915306.0,ADA
2020-07-30,0.14,0.1422,0.1373,0.1406,0.1406,257573326.0,ADA
2020-07-31,0.1407,0.141,0.1365,0.1388,0.1388,230659122.0,ADA
2020-08-01,0.1388,0.1458,0.1385,0.1436,0.1436,362476706.0,ADA
2020-08-02,0.1438,0.1471,0.1302,0.1335,0.1335,421324884.0,ADA
2020-08-03,0.1335,0.1381,0.1326,0.1373,0.1373,248378861.0,ADA
2020-08-04,0.1373,0.1476,0.1368,0.143,0.143,376096013.0,ADA
2020-08-05,0.1431,0.1452,0.1417,0.1427,0.1427,274829818.0,ADA
2020-08-06,0.1427,0.1456,0.1406,0.144,0.144,278613533.0,ADA
2020-08-07,0.1441,0.1469,0.135,0.1392,0.1392,620550177.0,ADA
2020-08-08,0.1391,0.1474,0.1381,0.1458,0.1458,325527430.0,ADA
2020-08-09,0.1463,0.152,0.1428,0.1452,0.1452,426878183.0,ADA
2020-08-10,0.1454,0.1466,0.1429,0.1439,0.1439,311836534.0,ADA
2020-08-11,0.1437,0.1448,0.1335,0.1374,0.1374,595072471.0,ADA
2020-08-12,0.1374,0.1389,0.1249,0.1374,0.1374,434540366.0,ADA
2020-08-13,0.1375,0.1432,0.1336,0.1412,0.1412,470617782.0,ADA
2020-08-14,0.1413,0.1425,0.1381,0.1383,0.1383,355732406.0,ADA
2020-08-15,0.1383,0.1406,0.1373,0.1383,0.1383,343504347.0,ADA
2020-08-16,0.1383,0.1392,0.1364,0.1385,0.1385,284566479.0,ADA
2020-08-17,0.1385,0.1441,0.1384,0.1409,0.1409,425628203.0,ADA
2020-08-18,0.1408,0.1431,0.1362,0.1374,0.1374,340692990.0,ADA
2020-08-19,0.1374,0.138,0.1281,0.1293,0.1293,383288760.0,ADA
2020-08-20,0.1293,0.1339,0.1277,0.1336,0.1336,314037833.0,ADA
2020-08-21,0.1335,0.1339,0.1231,0.1238,0.1238,363034924.0,ADA
2020-08-22,0.1237,0.1257,0.12,0.1253,0.1253,296099193.0,ADA
2020-08-23,0.1252,0.1257,0.1205,0.1216,0.1216,232234230.0,ADA
2020-08-24,0.1216,0.1263,0.1209,0.1245,0.1245,278021259.0,ADA
2020-08-25,0.1245,0.1246,0.1084,0.1133,0.1133,431857368.0,ADA
2020-08-26,0.1133,0.1178,0.1113,0.1153,0.1153,314761939.0,ADA
2020-08-27,0.1153,0.1161,0.1044,0.1068,0.1068,361935073.0,ADA
2020-08-28,0.1069,0.1108,0.1064,0.1095,0.1095,275672159.0,ADA
2020-08-29,0.1095,0.1176,0.1088,0.1167,0.1167,315465775.0,ADA
2020-08-30,0.1167,0.1184,0.1143,0.1174,0.1174,297044001.0,ADA
2020-08-31,0.1175,0.1264,0.1136,0.1227,0.1227,453559242.0,ADA
2020-09-01,0.1226,0.1274,0.12,0.1254,0.1254,451299015.0,ADA
2020-09-02,0.1255,0.1265,0.112,0.1156,0.1156,427391906.0,ADA
2020-09-03,0.1155,0.1164,0.0956,0.0962,0.0962,486369862.0,ADA
2020-09-04,0.096,0.104,0.0941,0.1024,0.1024,514623980.0,ADA
2020-09-05,0.1024,0.104,0.0874,0.0899,0.0899,481176027.0,ADA
2020-09-06,0.0899,0.0952,0.0868,0.0931,0.0931,454580262.0,ADA
2020-09-07,0.0931,0.0938,0.0869,0.0933,0.0933,463220961.0,ADA
2020-09-08,0.0932,0.0966,0.0889,0.091,0.091,610082646.0,ADA
2020-09-09,0.0911,0.0957,0.0898,0.0933,0.0933,572617714.0,ADA
2020-09-10,0.0934,0.0997,0.0934,0.0972,0.0972,809239666.0,ADA
2020-09-11,0.0972,0.0975,0.0933,0.097,0.097,771197364.0,ADA
2020-09-12,0.0971,0.0987,0.0953,0.0976,0.0976,699214252.0,ADA
2020-09-13,0.0976,0.0998,0.0929,0.0949,0.0949,771663332.0,ADA
2020-09-14,0.0949,0.0982,0.0936,0.0968,0.0968,851692143.0,ADA
2020-09-15,0.0968,0.0979,0.0933,0.0935,0.0935,813329600.0,ADA
2020-09-16,0.0934,0.0937,0.0899,0.0916,0.0916,822410832.0,ADA
2020-09-17,0.0917,0.0945,0.0911,0.0942,0.0942,825621808.0,ADA
2020-09-18,0.0942,0.0942,0.09,0.0911,0.0911,699241250.0,ADA
2020-09-19,0.0909,0.0931,0.0906,0.0917,0.0917,617795834.0,ADA
2020-09-20,0.0917,0.0922,0.0884,0.0894,0.0894,682896131.0,ADA
2020-09-21,0.0895,0.0903,0.0784,0.0804,0.0804,566692193.0,ADA
2020-09-22,0.0804,0.083,0.0799,0.0818,0.0818,316907647.0,ADA
2020-09-23,0.0818,0.0827,0.0764,0.0768,0.0768,294814764.0,ADA
2020-09-24,0.0768,0.0836,0.0761,0.0829,0.0829,373385375.0,ADA
2020-09-25,0.0829,0.0982,0.0828,0.0969,0.0969,657875487.0,ADA
2020-09-26,0.0969,0.0995,0.093,0.0955,0.0955,438309287.0,ADA
2020-09-27,0.0956,0.1023,0.0949,0.1012,0.1012,495061616.0,ADA
2020-09-28,0.1012,0.1065,0.1005,0.1007,0.1007,573226385.0,ADA
2020-09-29,0.1007,0.1033,0.0979,0.1011,0.1011,450401208.0,ADA
2020-09-30,0.1011,0.1013,0.0973,0.1011,0.1011,396298081.0,ADA
2020-10-01,0.1012,0.1043,0.096,0.0979,0.0979,499813016.0,ADA
2020-10-02,0.0979,0.0998,0.0905,0.0929,0.0929,602540074.0,ADA
2020-10-03,0.0929,0.0952,0.0926,0.0937,0.0937,334059453.0,ADA
2020-10-04,0.0937,0.0968,0.0929,0.0963,0.0963,482409858.0,ADA
2020-10-05,0.0963,0.0988,0.0963,0.0977,0.0977,432817915.0,ADA
2020-10-06,0.0976,0.0985,0.0922,0.0929,0.0929,783688997.0,ADA
2020-10-07,0.0929,0.0944,0.0901,0.0939,0.0939,420412929.0,ADA
2020-10-08,0.0939,0.0968,0.0909,0.0962,0.0962,457557890.0,ADA
2020-10-09,0.0962,0.1025,0.0954,0.1018,0.1018,521111427.0,ADA
2020-10-10,0.1015,0.1105,0.1014,0.105,0.105,923715999.0,ADA
2020-10-11,0.1049,0.1089,0.1044,0.1065,0.1065,797480085.0,ADA
2020-10-12,0.1065,0.1131,0.1027,0.11,0.11,821299646.0,ADA
2020-10-13,0.11,0.1141,0.1083,0.1089,0.1089,823217250.0,ADA
2020-10-14,0.1093,0.1122,0.1057,0.1073,0.1073,713264192.0,ADA
2020-10-15,0.1072,0.1076,0.105,0.1066,0.1066,562197282.0,ADA
2020-10-16,0.1067,0.1073,0.1025,0.1041,0.1041,553561875.0,ADA
2020-10-17,0.1042,0.107,0.1034,0.1061,0.1061,472005226.0,ADA
2020-10-18,0.106,0.1076,0.1053,0.1074,0.1074,432851134.0,ADA
2020-10-19,0.1074,0.1109,0.1062,0.1087,0.1087,490775169.0,ADA
2020-10-20,0.1086,0.1088,0.1012,0.1025,0.1025,707955235.0,ADA
2020-10-21,0.1025,0.1083,0.1018,0.1062,0.1062,779410098.0,ADA
2020-10-22,0.1061,0.1124,0.1055,0.1106,0.1106,933335640.0,ADA
2020-10-23,0.1107,0.1118,0.1056,0.1081,0.1081,1110973426.0,ADA
2020-10-24,0.1081,0.1097,0.1075,0.1081,0.1081,868194496.0,ADA
2020-10-25,0.1081,0.1087,0.1062,0.1064,0.1064,722743351.0,ADA
2020-10-26,0.1064,0.1074,0.0994,0.1031,0.1031,880221833.0,ADA
2020-10-27,0.1031,0.1055,0.1021,0.1028,0.1028,913522301.0,ADA
2020-10-28,0.1028,0.1033,0.0956,0.099,0.099,876721856.0,ADA
2020-10-29,0.099,0.1007,0.095,0.0954,0.0954,883054979.0,ADA
2020-10-30,0.0954,0.0956,0.0904,0.0934,0.0934,855782606.0,ADA
2020-10-31,0.0934,0.0953,0.0922,0.0931,0.0931,662592018.0,ADA
2020-11-01,0.0931,0.0985,0.0929,0.0982,0.0982,609565848.0,ADA
2020-11-02,0.0982,0.0999,0.0918,0.0921,0.0921,817756720.0,ADA
2020-11-03,0.0921,0.0938,0.088,0.0934,0.0934,859629132.0,ADA
2020-11-04,0.0934,0.096,0.0921,0.0954,0.0954,1041738045.0,ADA
2020-11-05,0.0954,0.0976,0.0922,0.097,0.097,554496501.0,ADA
2020-11-06,0.097,0.1097,0.0967,0.1091,0.1091,717731179.0,ADA
2020-11-07,0.1091,0.1132,0.0994,0.1014,0.1014,861840303.0,ADA
2020-11-08,0.1014,0.1083,0.1002,0.1066,0.1066,625787081.0,ADA
2020-11-09,0.1066,0.108,0.1015,0.1053,0.1053,802272881.0,ADA
2020-11-10,0.1053,0.1086,0.1039,0.1058,0.1058,700753239.0,ADA
2020-11-11,0.1058,0.1084,0.1055,0.106,0.106,631585357.0,ADA
2020-11-12,0.106,0.1065,0.1028,0.1045,0.1045,634274545.0,ADA
2020-11-13,0.1045,0.1078,0.1041,0.1064,0.1064,477838893.0,ADA
2020-11-14,0.1064,0.1068,0.1017,0.1042,0.1042,432474021.0,ADA
2020-11-15,0.1042,0.1051,0.0988,0.1005,0.1005,358303857.0,ADA
2020-11-16,0.1005,0.1049,0.0997,0.104,0.104,400498894.0,ADA
2020-11-17,0.1055,0.112,0.1051,0.1096,0.1096,622568575.0,ADA
2020-11-18,0.1096,0.1115,0.1035,0.1064,0.1064,692683323.0,ADA
2020-11-19,0.1064,0.1077,0.1045,0.1059,0.1059,590674104.0,ADA
2020-11-20,0.1059,0.1182,0.1058,0.1182,0.1182,688553865.0,ADA
2020-11-21,0.1182,0.1336,0.1168,0.1329,0.1329,1385060441.0,ADA
2020-11-22,0.1329,0.1527,0.1202,0.1448,0.1448,2294032111.0,ADA
2020-11-23,0.1448,0.1582,0.1425,0.1535,0.1535,2203606417.0,ADA
2020-11-24,0.1536,0.1821,0.1536,0.1663,0.1663,2566224959.0,ADA
2020-11-25,0.1663,0.1749,0.1499,0.1552,0.1552,1773041978.0,ADA
2020-11-26,0.1551,0.1602,0.1234,0.1383,0.1383,2523183035.0,ADA
2020-11-27,0.1383,0.1446,0.1314,0.141,0.141,1505708870.0,ADA
2020-11-28,0.1411,0.1716,0.1396,0.1648,0.1648,1932319047.0,ADA
2020-11-29,0.1649,0.1706,0.1576,0.1666,0.1666,1731327207.0,ADA
2020-11-30,0.1666,0.1728,0.1606,0.1713,0.1713,2151589401.0,ADA
2020-12-01,0.1714,0.1739,0.1466,0.156,0.156,2071556993.0,ADA
2020-12-02,0.156,0.1597,0.1514,0.1586,0.1586,1367595805.0,ADA
2020-12-03,0.1586,0.168,0.1559,0.1642,0.1642,1287927034.0,ADA
2020-12-04,0.1642,0.1645,0.147,0.1482,0.1482,1200621758.0,ADA
2020-12-05,0.1482,0.1614,0.1468,0.1597,0.1597,1036100099.0,ADA
2020-12-06,0.1597,0.1624,0.1534,0.1589,0.1589,886137949.0,ADA
2020-12-07,0.1589,0.159,0.1517,0.1541,0.1541,789426235.0,ADA
2020-12-08,0.1541,0.1549,0.139,0.1409,0.1409,939164987.0,ADA
2020-12-09,0.1409,0.1498,0.1305,0.1482,0.1482,1320752603.0,ADA
2020-12-10,0.1482,0.1485,0.14,0.142,0.142,798550525.0,ADA
2020-12-11,0.142,0.1427,0.1352,0.1394,0.1394,704854539.0,ADA
2020-12-12,0.1394,0.1473,0.1392,0.1445,0.1445,519780650.0,ADA
2020-12-13,0.1445,0.1563,0.1435,0.154,0.154,675025744.0,ADA
2020-12-14,0.154,0.158,0.1498,0.158,0.158,587078385.0,ADA
2020-12-15,0.1581,0.1597,0.1534,0.1543,0.1543,607184172.0,ADA
2020-12-16,0.1543,0.1676,0.15,0.1676,0.1676,976699798.0,ADA
2020-12-17,0.1676,0.1743,0.1616,0.1635,0.1635,1188727265.0,ADA
2020-12-18,0.1634,0.1686,0.1592,0.165,0.165,1101018945.0,ADA
2020-12-19,0.165,0.1705,0.1633,0.1647,0.1647,586684840.0,ADA
2020-12-20,0.1647,0.1677,0.1587,0.162,0.162,729191687.0,ADA
2020-12-21,0.162,0.1654,0.1479,0.1527,0.1527,1139902285.0,ADA
2020-12-22,0.1526,0.16,0.1495,0.1562,0.1562,1138400652.0,ADA
2020-12-23,0.1562,0.1574,0.1274,0.1364,0.1364,1484453886.0,ADA
2020-12-24,0.1365,0.1543,0.1321,0.1529,0.1529,1470292430.0,ADA
2020-12-25,0.1529,0.1668,0.1505,0.1576,0.1576,1119917804.0,ADA
2020-12-26,0.1576,0.162,0.1498,0.1578,0.1578,1191970341.0,ADA
2020-12-27,0.1578,0.1652,0.1504,0.1544,0.1544,1578354821.0,ADA
2020-12-28,0.1544,0.1786,0.1534,0.1767,0.1767,1732151278.0,ADA
2020-12-29,0.1767,0.1962,0.174,0.1922,0.1922,2967669490.0,ADA
2020-12-30,0.192,0.1931,0.1757,0.184,0.184,1849432294.0,ADA
2020-12-31,0.184,0.1857,0.1766,0.1814,0.1814,1132268396.0,ADA
2021-01-01,0.1814,0.1842,0.172,0.1753,0.1753,1122218004.0,ADA
2021-01-02,0.1754,0.1843,0.1692,0.1774,0.1774,1408849503.0,ADA
2021-01-03,0.1774,0.2087,0.1734,0.205,0.205,2303857908.0,ADA
2021-01-04,0.2052,0.2397,0.1944,0.2248,0.2248,3260699085.0,ADA
2021-01-05,0.2248,0.2649,0.2085,0.2583,0.2583,4097207384.0,ADA
2021-01-06,0.2585,0.3463,0.2562,0.3319,0.3319,6170988899.0,ADA
2021-01-07,0.3323,0.3533,0.2832,0.3,0.3,5149188551.0,ADA
2021-01-08,0.3004,0.3202,0.2665,0.3056,0.3056,4560690774.0,ADA
2021-01-09,0.3056,0.3386,0.2967,0.333,0.333,3655608662.0,ADA
2021-01-10,0.333,0.3404,0.2846,0.3049,0.3049,3732911205.0,ADA
2021-01-11,0.305,0.305,0.233,0.2755,0.2755,4768803200.0,ADA
2021-01-12,0.2752,0.3134,0.2657,0.287,0.287,4037298874.0,ADA
2021-01-13,0.2867,0.3145,0.2724,0.3136,0.3136,2656935143.0,ADA
2021-01-14,0.3135,0.3236,0.2998,0.3104,0.3104,2686785563.0,ADA
2021-01-15,0.3106,0.3297,0.2807,0.3025,0.3025,3171984602.0,ADA
2021-01-16,0.3025,0.3654,0.3023,0.3524,0.3524,4476161884.0,ADA
2021-01-17,0.3523,0.3957,0.3428,0.3799,0.3799,5617481333.0,ADA
2021-01-18,0.3797,0.3954,0.3662,0.3714,0.3714,3480282508.0,ADA
2021-01-19,0.3715,0.383,0.3636,0.3691,0.3691,2957453653.0,ADA
2021-01-20,0.3689,0.3762,0.332,0.3754,0.3754,3281600988.0,ADA
2021-01-21,0.3754,0.3787,0.3014,0.3102,0.3102,3567902823.0,ADA
2021-01-22,0.3101,0.3592,0.2836,0.3496,0.3496,4066222238.0,ADA
2021-01-23,0.3493,0.3572,0.3367,0.3456,0.3456,2781033955.0,ADA
2021-01-24,0.3456,0.3686,0.3388,0.3539,0.3539,2539663711.0,ADA
2021-01-25,0.3538,0.3635,0.3417,0.3439,0.3439,2339817092.0,ADA
2021-01-26,0.3438,0.3498,0.3258,0.3442,0.3442,2557745015.0,ADA
2021-01-27,0.3442,0.3442,0.3055,0.3131,0.3131,2666764972.0,ADA
2021-01-28,0.313,0.3354,0.3061,0.3333,0.3333,2980005125.0,ADA
2021-01-29,0.3523,0.3668,0.332,0.3481,0.3481,3367098094.0,ADA
2021-01-30,0.3481,0.3727,0.3375,0.3626,0.3626,2866173268.0,ADA
2021-01-31,0.3626,0.3754,0.339,0.3449,0.3449,2455679992.0,ADA
2021-02-01,0.3448,0.4172,0.3342,0.402,0.402,3838085988.0,ADA
2021-02-02,0.403,0.4526,0.3888,0.4262,0.4262,6504904708.0,ADA
2021-02-03,0.426,0.4474,0.415,0.4414,0.4414,3648896566.0,ADA
2021-02-04,0.4414,0.447,0.4102,0.4411,0.4411,3553059567.0,ADA
2021-02-05,0.4411,0.5567,0.4396,0.5379,0.5379,6808411306.0,ADA
2021-02-06,0.5378,0.6576,0.523,0.6279,0.6279,8109402422.0,ADA
2021-02-07,0.6288,0.7025,0.5869,0.6632,0.6632,11252055619.0,ADA
2021-02-08,0.6624,0.7194,0.6343,0.6825,0.6825,9056514740.0,ADA
2021-02-09,0.6821,0.709,0.6694,0.7035,0.7035,5885048711.0,ADA
2021-02-10,0.7035,0.9439,0.7035,0.9303,0.9303,12667653584.0,ADA
2021-02-11,0.9308,0.9733,0.8719,0.9277,0.9277,10627183208.0,ADA
2021-02-12,0.9271,0.9451,0.8711,0.9256,0.9256,8035829512.0,ADA
2021-02-13,0.9254,0.9499,0.833,0.9057,0.9057,7532474269.0,ADA
2021-02-14,0.9063,0.9146,0.8152,0.8484,0.8484,7159401195.0,ADA
2021-02-15,0.8478,0.9082,0.7171,0.861,0.861,8979888269.0,ADA
2021-02-16,0.8607,0.9042,0.8409,0.871,0.871,6948621245.0,ADA
2021-02-17,0.8709,0.896,0.8265,0.8909,0.8909,5841828077.0,ADA
2021-02-18,0.8909,0.9569,0.8909,0.9141,0.9141,4918032801.0,ADA
2021-02-19,0.9143,0.9438,0.8853,0.9276,0.9276,4582877242.0,ADA
2021-02-20,0.9275,1.194,0.9169,1.123,1.123,11454890463.0,ADA
2021-02-21,1.1216,1.1499,1.0793,1.1005,1.1005,7042361463.0,ADA
2021-02-22,1.1004,1.1342,0.8515,1.0992,1.0992,10562051438.0,ADA
2021-02-23,1.0988,1.1337,0.8241,0.9547,0.9547,11201900117.0,ADA
2021-02-24,0.955,1.0748,0.9026,1.0517,1.0517,8481334623.0,ADA
2021-02-25,1.0513,1.1727,1.018,1.0791,1.0791,8248286269.0,ADA
2021-02-26,1.0808,1.29,0.9951,1.2411,1.2411,14884142108.0,ADA
2021-02-27,1.2421,1.4767,1.2341,1.3249,1.3249,19141980288.0,ADA
2021-02-28,1.3236,1.3611,1.1661,1.3081,1.3081,15732556180.0,ADA
2021-03-01,1.3098,1.3424,1.2393,1.2924,1.2924,9775330112.0,ADA
2021-03-02,1.2936,1.2996,1.1887,1.2256,1.2256,8118255105.0,ADA
2021-03-03,1.2257,1.2635,1.2142,1.2166,1.2166,4937160428.0,ADA
2021-03-04,1.2164,1.2297,1.0692,1.1149,1.1149,7164490224.0,ADA
2021-03-05,1.1146,1.1951,1.0412,1.1685,1.1685,7325099027.0,ADA
2021-03-06,1.1675,1.1807,1.0901,1.131,1.131,5348048000.0,ADA
2021-03-07,1.1308,1.1423,1.1083,1.1334,1.1334,4204795553.0,ADA
2021-03-08,1.1329,1.1762,1.1079,1.1181,1.1181,3557114309.0,ADA
2021-03-09,1.1181,1.2149,1.1133,1.1952,1.1952,5317733184.0,ADA
2021-03-10,1.1951,1.2047,1.124,1.135,1.135,4215428913.0,ADA
2021-03-11,1.1344,1.1383,1.1116,1.1248,1.1248,3633460869.0,ADA
2021-03-12,1.1248,1.1281,1.0328,1.0391,1.0391,4224893050.0,ADA
2021-03-13,1.0389,1.1829,0.9931,1.1033,1.1033,5871086057.0,ADA
2021-03-14,1.103,1.103,1.0592,1.0592,1.0592,3738147940.0,ADA
2021-03-15,1.0586,1.0689,1.0076,1.0335,1.0335,4545451677.0,ADA
2021-03-16,1.0332,1.2589,1.0043,1.243,1.243,9502962157.0,ADA
2021-03-17,1.2436,1.4193,1.2067,1.3787,1.3787,10046495757.0,ADA
2021-03-18,1.3784,1.4732,1.2374,1.239,1.239,11392835545.0,ADA
2021-03-19,1.2386,1.3424,1.196,1.3022,1.3022,7970282917.0,ADA
2021-03-20,1.3015,1.3133,1.2065,1.2065,1.2065,4316999916.0,ADA
2021-03-21,1.2064,1.2443,1.1647,1.1891,1.1891,4064084726.0,ADA
2021-03-22,1.1892,1.2085,1.0896,1.1099,1.1099,4058067310.0,ADA
2021-03-23,1.1093,1.1742,1.088,1.1216,1.1216,4609407772.0,ADA
2021-03-24,1.1213,1.1637,1.0566,1.075,1.075,3759287517.0,ADA
2021-03-25,1.0745,1.153,1.0559,1.1016,1.1016,5732698268.0,ADA
2021-03-26,1.1014,1.2791,1.099,1.214,1.214,6325795912.0,ADA
2021-03-27,1.2141,1.2363,1.1631,1.1766,1.1766,3106871131.0,ADA
2021-03-28,1.1768,1.2196,1.1693,1.1911,1.1911,2397009015.0,ADA
2021-03-29,1.191,1.228,1.1815,1.2025,1.2025,2554597106.0,ADA
2021-03-30,1.2026,1.2337,1.1916,1.2133,1.2133,2517422843.0,ADA
2021-03-31,1.2137,1.2137,1.1677,1.1933,1.1933,3190463748.0,ADA
2021-04-01,1.1936,1.2077,1.1841,1.1892,1.1892,2309789364.0,ADA
2021-04-02,1.1892,1.2459,1.1876,1.1965,1.1965,2909026267.0,ADA
2021-04-03,1.1963,1.2442,1.1716,1.1733,1.1733,3355350115.0,ADA
2021-04-04,1.173,1.1997,1.1663,1.1914,1.1914,2166855013.0,ADA
2021-04-05,1.1916,1.2267,1.1765,1.2143,1.2143,2992739340.0,ADA
2021-04-06,1.2143,1.3409,1.1954,1.2554,1.2554,6301229656.0,ADA
2021-04-07,1.2555,1.2911,1.1651,1.1751,1.1751,4771395490.0,ADA
2021-04-08,1.1761,1.2238,1.1732,1.2194,1.2194,2315835365.0,ADA
2021-04-09,1.2195,1.229,1.1949,1.2035,1.2035,1678933673.0,ADA
2021-04-10,1.2035,1.2519,1.1963,1.2188,1.2188,2481275568.0,ADA
2021-04-11,1.2184,1.2923,1.2008,1.2667,1.2667,3636786442.0,ADA
2021-04-12,1.2662,1.3466,1.2655,1.3161,1.3161,4918248258.0,ADA
2021-04-13,1.3149,1.4377,1.2838,1.4118,1.4118,5896543066.0,ADA
2021-04-14,1.411,1.5578,1.353,1.4554,1.4554,9596107540.0,ADA
2021-04-15,1.4538,1.4948,1.4154,1.4816,1.4816,5337358369.0,ADA
2021-04-16,1.4796,1.519,1.3399,1.4169,1.4169,5692183858.0,ADA
2021-04-17,1.4138,1.4562,1.3681,1.3849,1.3849,4058018559.0,ADA
2021-04-18,1.3862,1.3977,1.099,1.2755,1.2755,7454680286.0,ADA
2021-04-19,1.278,1.3224,1.1742,1.198,1.198,5665978234.0,ADA
2021-04-20,1.1946,1.2807,1.1306,1.2659,1.2659,4855633657.0,ADA
2021-04-21,1.2677,1.2865,1.2008,1.2067,1.2067,4078624181.0,ADA
2021-04-22,1.2039,1.2774,1.1176,1.147,1.147,4693396292.0,ADA
2021-04-23,1.1458,1.1656,0.9352,1.1557,1.1557,7196378408.0,ADA
2021-04-24,1.1588,1.1963,1.097,1.1014,1.1014,3566224272.0,ADA
2021-04-25,1.1027,1.1461,1.0228,1.0883,1.0883,2465672138.0,ADA
2021-04-26,1.0902,1.2499,1.0821,1.234,1.234,3201086934.0,ADA
2021-04-27,1.2376,1.3298,1.225,1.3069,1.3069,2985492683.0,ADA
2021-04-28,1.306,1.3482,1.2352,1.3357,1.3357,2981476668.0,ADA
2021-04-29,1.3371,1.4103,1.2679,1.308,1.308,3997566407.0,ADA
2021-04-30,1.3062,1.369,1.2878,1.3524,1.3524,2691072833.0,ADA
2021-05-01,1.3524,1.3674,1.3191,1.3531,1.3531,2030816121.0,ADA
2021-05-02,1.3514,1.3549,1.2956,1.3268,1.3268,1994291745.0,ADA
2021-05-03,1.3269,1.3798,1.3225,1.362,1.362,2398404765.0,ADA
2021-05-04,1.3629,1.3657,1.2589,1.2741,1.2741,3342089371.0,ADA
2021-05-05,1.271,1.4934,1.2608,1.4755,1.4755,4797068102.0,ADA
2021-05-06,1.4781,1.6995,1.4338,1.6501,1.6501,10679657004.0,ADA
2021-05-07,1.6487,1.7453,1.5302,1.6535,1.6535,7324573761.0,ADA
2021-05-08,1.6545,1.6545,1.5641,1.6196,1.6196,3959173109.0,ADA
2021-05-09,1.6203,1.8298,1.576,1.7706,1.7706,8065503275.0,ADA
2021-05-10,1.7661,1.8226,1.5293,1.6447,1.6447,6463330466.0,ADA
2021-05-11,1.6417,1.7781,1.5967,1.7641,1.7641,5428571804.0,ADA
2021-05-12,1.7635,1.8189,1.5528,1.5528,1.5528,5338469590.0,ADA
2021-05-13,1.5684,1.9699,1.5053,1.9337,1.9337,14513419580.0,ADA
2021-05-14,1.9273,2.0421,1.8172,2.0048,2.0048,7654204712.0,ADA
2021-05-15,2.0066,2.3718,1.9665,2.174,2.174,15517858774.0,ADA
2021-05-16,2.1714,2.4618,2.0133,2.3091,2.3091,12524150427.0,ADA
2021-05-17,2.3002,2.325,1.9255,2.0322,2.0322,11250259739.0,ADA
2021-05-18,2.0281,2.1504,1.9796,2.0037,2.0037,6744829200.0,ADA
2021-05-19,2.0066,2.0281,1.028,1.4825,1.4825,16313794033.0,ADA
2021-05-20,1.472,1.9432,1.3274,1.8105,1.8105,11788522530.0,ADA
2021-05-21,1.8026,1.8686,1.3268,1.5523,1.5523,9055414507.0,ADA
2021-05-22,1.5531,1.601,1.3779,1.4636,1.4636,6572397779.0,ADA
2021-05-23,1.4657,1.5396,1.056,1.3254,1.3254,9297651822.0,ADA
2021-05-24,1.3162,1.5979,1.2704,1.5495,1.5495,7365907636.0,ADA
2021-05-25,1.5504,1.6486,1.4397,1.5554,1.5554,5723130829.0,ADA
2021-05-26,1.5545,1.8324,1.5545,1.7827,1.7827,6638876193.0,ADA
2021-05-27,1.7811,1.7905,1.6124,1.646,1.646,4266751904.0,ADA
2021-05-28,1.6506,1.6777,1.4522,1.512,1.512,5373114659.0,ADA
2021-05-29,1.5136,1.5617,1.3359,1.4062,1.4062,3902596498.0,ADA
2021-05-30,1.4043,1.689,1.3518,1.5773,1.5773,4974774760.0,ADA
2021-05-31,1.5756,1.7506,1.5272,1.7428,1.7428,4491096277.0,ADA
2021-06-01,1.7384,1.7796,1.6605,1.7348,1.7348,4123980990.0,ADA
2021-06-02,1.7361,1.8038,1.7193,1.7528,1.7528,3453620093.0,ADA
2021-06-03,1.7546,1.8887,1.7178,1.8405,1.8405,3443770331.0,ADA
2021-06-04,1.8467,1.8485,1.6097,1.7109,1.7109,4583062566.0,ADA
2021-06-05,1.7099,1.7832,1.6117,1.659,1.659,2969362190.0,ADA
2021-06-06,1.6565,1.7065,1.6477,1.6782,1.6782,1748045654.0,ADA
2021-06-07,1.6772,1.7406,1.5571,1.5641,1.5641,2644319966.0,ADA
2021-06-08,1.5671,1.5943,1.4028,1.588,1.588,4318242182.0,ADA
2021-06-09,1.5835,1.6304,1.4852,1.6248,1.6248,3551319864.0,ADA
2021-06-10,1.6278,1.636,1.5086,1.5319,1.5319,2366588152.0,ADA
2021-06-11,1.5331,1.5461,1.4209,1.4364,1.4364,2477031734.0,ADA
2021-06-12,1.4377,1.4935,1.3582,1.4802,1.4802,2801038421.0,ADA
2021-06-13,1.4805,1.5785,1.4029,1.5584,1.5584,2785908999.0,ADA
2021-06-14,1.557,1.5927,1.5104,1.5751,1.5751,2543903347.0,ADA
2021-06-15,1.5739,1.6114,1.5454,1.5978,1.5978,2553205552.0,ADA
2021-06-16,1.5566,1.5754,1.475,1.4826,1.4826,2139361752.0,ADA
2021-06-17,1.4846,1.5385,1.4595,1.4822,1.4822,1731973999.0,ADA
2021-06-18,1.4828,1.4932,1.3797,1.4154,1.4154,2128905021.0,ADA
2021-06-19,1.4176,1.4429,1.3864,1.3906,1.3906,1829155404.0,ADA
2021-06-20,1.3874,1.4604,1.309,1.4292,1.4292,2319196951.0,ADA
2021-06-21,1.427,1.4363,1.1706,1.1775,1.1775,3987752749.0,ADA
2021-06-22,1.1752,1.263,1.003,1.1533,1.1533,5960971783.0,ADA
2021-06-23,1.1558,1.3056,1.1119,1.2529,1.2529,4931021068.0,ADA
2021-06-24,1.2514,1.3986,1.2069,1.3561,1.3561,3368353998.0,ADA
2021-06-25,1.3595,1.3927,1.2453,1.2565,1.2565,4343177012.0,ADA
2021-06-26,1.2543,1.2914,1.1986,1.2504,1.2504,3241467639.0,ADA
2021-06-27,1.2518,1.3482,1.2437,1.3352,1.3352,2371576550.0,ADA
2021-06-28,1.3371,1.3493,1.3054,1.3248,1.3248,2292440816.0,ADA
2021-06-29,1.3255,1.4199,1.3203,1.3684,1.3684,2589787986.0,ADA
2021-06-30,1.373,1.3981,1.2871,1.3835,1.3835,2591116345.0,ADA
2021-07-01,1.3838,1.3838,1.3041,1.3356,1.3356,2002167964.0,ADA
2021-07-02,1.3329,1.3944,1.2866,1.3944,1.3944,2159409780.0,ADA
2021-07-03,1.3942,1.4417,1.3597,1.4068,1.4068,2028094099.0,ADA
2021-07-04,1.404,1.4937,1.3822,1.4582,1.4582,1806362471.0,ADA
2021-07-05,1.4612,1.4612,1.3793,1.4049,1.4049,1759460736.0,ADA
2021-07-06,1.4047,1.4569,1.3933,1.4181,1.4181,1477699691.0,ADA
2021-07-07,1.4162,1.4401,1.4013,1.4031,1.4031,1349405772.0,ADA
2021-07-08,1.405,1.4065,1.3204,1.3301,1.3301,1580104996.0,ADA
2021-07-09,1.3273,1.3715,1.2886,1.3495,1.3495,1566915920.0,ADA
2021-07-10,1.3507,1.3648,1.3206,1.3361,1.3361,1102564201.0,ADA
2021-07-11,1.3352,1.3664,1.3244,1.3481,1.3481,870305643.0,ADA
2021-07-12,1.3483,1.3731,1.2928,1.3151,1.3151,1198732015.0,ADA
2021-07-13,1.314,1.3211,1.2508,1.2651,1.2651,1243604284.0,ADA
2021-07-14,1.2649,1.2875,1.2004,1.2623,1.2623,1647061754.0,ADA
2021-07-15,1.2637,1.2877,1.2074,1.2232,1.2232,1637907430.0,ADA
2021-07-16,1.225,1.2441,1.1689,1.1737,1.1737,1626548127.0,ADA
2021-07-17,1.1716,1.1937,1.1527,1.1723,1.1723,1487211065.0,ADA
2021-07-18,1.1729,1.216,1.1708,1.1837,1.1837,1354296228.0,ADA
2021-07-19,1.182,1.1909,1.1172,1.1211,1.1211,1061358016.0,ADA
2021-07-20,1.1228,1.1346,1.0214,1.0563,1.0563,1782242052.0,ADA
2021-07-21,1.0543,1.2211,1.0382,1.1681,1.1681,2074843117.0,ADA
2021-07-21,1.0543,1.2211,1.0382,1.1681,1.1681,2074843117.0,ADA
2021-07-22,1.1703,1.2067,1.1521,1.1862,1.1862,1494732915.0,ADA
2021-07-23,1.1862,1.207,1.1477,1.2063,1.2063,1215895310.0,ADA
2021-07-24,1.2071,1.248,1.199,1.2335,1.2335,1227752700.0,ADA
2021-07-25,1.2336,1.2384,1.1916,1.2285,1.2285,1036357455.0,ADA
2021-07-26,1.2287,1.399,1.2244,1.2585,1.2585,3004669560.0,ADA
2021-07-27,1.2559,1.3148,1.2154,1.2784,1.2784,2145865206.0,ADA
2021-07-28,1.2808,1.3166,1.26,1.2835,1.2835,1793329177.0,ADA
2021-07-29,1.2865,1.2991,1.261,1.2841,1.2841,1466954743.0,ADA
2021-07-30,1.2858,1.3174,1.2505,1.309,1.309,1556740432.0,ADA
2021-07-31,1.3099,1.3324,1.2889,1.3223,1.3223,1312376663.0,ADA
2021-08-01,1.32,1.3867,1.3003,1.3177,1.3177,1862585305.0,ADA
2021-08-02,1.3158,1.3496,1.2968,1.3101,1.3101,1431593692.0,ADA
2021-08-03,1.3094,1.3827,1.2632,1.365,1.365,2100675041.0,ADA
2021-08-04,1.3698,1.3925,1.3244,1.3766,1.3766,1899638009.0,ADA
2021-08-05,1.3769,1.3973,1.3405,1.3861,1.3861,1722512650.0,ADA
2021-08-06,1.3862,1.4241,1.3637,1.4018,1.4018,1882912649.0,ADA
2021-08-07,1.4025,1.4846,1.3967,1.4707,1.4707,2489155525.0,ADA
2021-08-08,1.4731,1.4943,1.4086,1.4278,1.4278,1977739377.0,ADA
2021-08-09,1.4266,1.4986,1.3944,1.4776,1.4776,1821319632.0,ADA
2021-08-10,1.4753,1.6996,1.4586,1.6726,1.6726,3460499377.0,ADA
2021-08-11,1.6779,1.8944,1.6707,1.798,1.798,6144078168.0,ADA
2021-08-12,1.7958,1.8668,1.6841,1.8239,1.8239,5590812297.0,ADA
2021-08-13,1.8328,2.1459,1.8284,2.1361,2.1361,7661020084.0,ADA
2021-08-14,2.1383,2.2504,2.0936,2.1917,2.1917,7965959273.0,ADA
2021-08-15,2.1899,2.2484,2.0396,2.1692,2.1692,5964077684.0,ADA
2021-08-16,2.1679,2.1955,2.0517,2.0794,2.0794,4479074278.0,ADA
2021-08-17,2.0723,2.141,1.9128,1.9266,1.9266,3862425430.0,ADA
2021-08-18,1.9245,2.1613,1.8877,2.1086,2.1086,4919304569.0,ADA
2021-08-19,2.1055,2.4499,2.0479,2.4281,2.4281,8287149082.0,ADA
2021-08-20,2.4378,2.5753,2.3786,2.4577,2.4577,8323304733.0,ADA
2021-08-21,2.4572,2.529,2.3876,2.4354,2.4354,4710945372.0,ADA
2021-08-22,2.4369,2.7186,2.4337,2.7137,2.7137,6726764969.0,ADA
2021-08-23,2.7086,2.9674,2.6938,2.9174,2.9174,9761269047.0,ADA
2021-08-24,2.92,2.9474,2.5983,2.7211,2.7211,9395142432.0,ADA
2021-08-25,2.7256,2.796,2.6088,2.7381,2.7381,6920886096.0,ADA
2021-08-26,2.7412,2.7835,2.4738,2.5355,2.5355,6555135611.0,ADA
2021-08-27,2.5318,2.9444,2.4987,2.9442,2.9442,8077144313.0,ADA
2021-08-28,2.9473,2.9487,2.7825,2.8475,2.8475,5503772824.0,ADA
2021-08-29,2.85,2.9363,2.7303,2.856,2.856,5290685514.0,ADA
2021-08-30,2.8507,2.8852,2.7243,2.7332,2.7332,5221151798.0,ADA
2021-08-31,2.7376,2.8779,2.7065,2.7725,2.7725,5085983511.0,ADA
2021-09-01,2.7699,2.9026,2.7263,2.8708,2.8708,4652638821.0,ADA
2021-09-02,2.8697,3.0992,2.8398,2.9634,2.9634,7376031835.0,ADA
2021-09-03,2.9593,3.0294,2.9076,2.9682,2.9682,5244576776.0,ADA
2021-09-04,2.9664,2.9664,2.8102,2.8328,2.8328,4675923261.0,ADA
2021-09-05,2.8314,2.955,2.8264,2.9108,2.9108,4259327908.0,ADA
2021-09-06,2.9116,2.9262,2.804,2.8319,2.8319,4625766871.0,ADA
2021-09-07,2.8328,2.8725,2.041,2.5025,2.5025,11700337850.0,ADA
2021-09-08,2.5069,2.5645,2.2115,2.475,2.475,8032727286.0,ADA
2021-09-09,2.4067,2.6211,2.3871,2.5177,2.5177,6031548417.0,ADA
2021-09-10,2.5177,2.5857,2.3028,2.3859,2.3859,6130460769.0,ADA
2021-09-11,2.3852,2.7961,2.3755,2.6339,2.6339,8670619500.0,ADA
2021-09-12,2.6413,2.7831,2.5112,2.5817,2.5817,8111330870.0,ADA
2021-09-13,2.5828,2.5903,2.3157,2.4007,2.4007,6214066598.0,ADA
2021-09-14,2.4032,2.4325,2.328,2.3956,2.3956,3934706576.0,ADA
2021-09-15,2.3973,2.5783,2.3643,2.5016,2.5016,4185888557.0,ADA
2021-09-16,2.5039,2.513,2.3836,2.421,2.421,3323103388.0,ADA
2021-09-17,2.4184,2.4417,2.3267,2.3464,2.3464,2448833580.0,ADA
2021-09-18,2.3474,2.4358,2.3135,2.37,2.37,2118771218.0,ADA
2021-09-19,2.37,2.3919,2.2654,2.2823,2.2823,2224777430.0,ADA
2021-09-20,2.2834,2.2898,1.9894,2.064,2.064,5935941714.0,ADA
2021-09-21,2.0798,2.2245,1.9233,1.987,1.987,6063428616.0,ADA
2021-09-22,1.9843,2.2662,1.9709,2.2662,2.2662,4876595304.0,ADA
2021-09-23,2.2597,2.3446,2.1835,2.3309,2.3309,3463572829.0,ADA
2021-09-24,2.329,2.345,2.0774,2.2813,2.2813,6064304811.0,ADA
2021-09-25,2.2794,2.4581,2.2412,2.3015,2.3015,6081076538.0,ADA
2021-09-26,2.3024,2.3024,2.1535,2.2085,2.2085,4143032819.0,ADA
2021-09-27,2.212,2.2716,2.134,2.1359,2.1359,2990138100.0,ADA
2021-09-28,2.1332,2.1722,2.03,2.0391,2.0391,3092923646.0,ADA
2021-09-29,2.039,2.1447,2.023,2.0657,2.0657,2869486116.0,ADA
