2019-09-19,3.31,3.31,2.94,3.13,3.13,184157574.0,ATOM1
2019-09-20,3.14,3.26,3.08,3.18,3.18,148024573.0,ATOM1
2019-09-21,3.18,3.29,3.04,3.07,3.07,146995495.0,ATOM1
2019-09-22,3.07,3.08,2.81,2.91,2.91,140188583.0,ATOM1
2019-09-23,2.92,2.92,2.58,2.58,2.58,129682436.0,ATOM1
2019-09-24,2.58,2.66,2.09,2.24,2.24,188249040.0,ATOM1
2019-09-25,2.23,2.42,2.16,2.3,2.3,177658028.0,ATOM1
2019-09-26,2.3,2.35,2.09,2.22,2.22,140448612.0,ATOM1
2020-05-07,2.67,2.78,2.62,2.73,2.73,200554903.0,ATOM1
2020-05-08,2.73,2.86,2.69,2.82,2.82,192534152.0,ATOM1
2020-05-16,2.48,2.57,2.45,2.55,2.55,147163344.0,ATOM1
2020-05-17,2.55,2.62,2.54,2.54,2.54,143724086.0,ATOM1
2020-05-18,2.54,2.66,2.53,2.59,2.59,163528477.0,ATOM1
2020-05-19,2.59,2.65,2.54,2.6,2.6,142768378.0,ATOM1
2020-05-20,2.6,2.7,2.57,2.7,2.7,159956835.0,ATOM1
2020-05-21,2.7,2.73,2.47,2.52,2.52,181807764.0,ATOM1
2020-05-22,2.52,2.68,2.5,2.65,2.65,151380584.0,ATOM1
2020-05-23,2.65,2.67,2.57,2.6,2.6,115303106.0,ATOM1
2020-05-24,2.6,2.65,2.52,2.53,2.53,135354359.0,ATOM1
2020-05-25,2.52,2.63,2.48,2.61,2.61,141861563.0,ATOM1
2020-05-26,2.61,2.63,2.54,2.58,2.58,121605318.0,ATOM1
2020-05-27,2.58,2.67,2.57,2.61,2.61,121510767.0,ATOM1
2020-05-28,2.61,2.67,2.58,2.66,2.66,101752451.0,ATOM1
2020-05-29,2.66,2.7,2.64,2.68,2.68,92727475.0,ATOM1
2020-05-30,2.68,2.82,2.64,2.81,2.81,125099098.0,ATOM1
2020-05-31,2.81,2.87,2.71,2.73,2.73,126961037.0,ATOM1
2020-06-01,2.73,2.86,2.72,2.85,2.85,131032791.0,ATOM1
2020-06-02,2.85,2.95,2.68,2.75,2.75,173439108.0,ATOM1
2020-06-03,2.75,2.91,2.75,2.9,2.9,130830909.0,ATOM1
2020-06-04,2.9,3.15,2.9,3.11,3.11,194087419.0,ATOM1
2020-06-05,3.11,3.2,3.04,3.11,3.11,173819262.0,ATOM1
2020-06-06,3.11,3.17,3.06,3.06,3.06,115040527.0,ATOM1
2020-06-07,3.06,3.11,2.91,3.03,3.03,122046710.0,ATOM1
2020-06-08,3.03,3.15,3.0,3.15,3.15,107678224.0,ATOM1
2020-06-09,3.15,3.18,3.09,3.13,3.13,132661687.0,ATOM1
2020-06-10,3.13,3.13,3.03,3.12,3.12,125271625.0,ATOM1
2020-06-14,2.88,2.88,2.75,2.77,2.77,99789109.0,ATOM1
2020-06-15,2.77,2.79,2.56,2.71,2.71,146311613.0,ATOM1
2020-06-16,2.71,2.76,2.69,2.72,2.72,114669148.0,ATOM1
2020-06-17,2.73,2.74,2.66,2.7,2.7,116732797.0,ATOM1
2020-06-18,2.7,2.7,2.62,2.66,2.66,95666155.0,ATOM1
2020-06-19,2.65,2.66,2.59,2.59,2.59,99231023.0,ATOM1
2020-06-21,2.61,2.63,2.59,2.61,2.61,82053811.0,ATOM1
2020-06-23,2.68,2.83,2.65,2.77,2.77,104021029.0,ATOM1
2020-06-24,2.78,2.88,2.66,2.68,2.68,105354511.0,ATOM1
2020-06-25,2.68,2.69,2.58,2.62,2.62,77264799.0,ATOM1
2020-06-26,2.63,2.65,2.53,2.62,2.62,84370609.0,ATOM1
2020-06-28,2.44,2.56,2.41,2.51,2.51,67511560.0,ATOM1
2020-06-29,2.51,2.68,2.47,2.65,2.65,90524641.0,ATOM1
2020-06-30,2.64,2.68,2.58,2.6,2.6,56318983.0,ATOM1
2020-07-01,2.6,2.68,2.58,2.66,2.66,61670189.0,ATOM1
2020-07-02,2.66,2.79,2.63,2.68,2.68,81945498.0,ATOM1
2020-07-03,2.68,2.8,2.68,2.69,2.69,84247985.0,ATOM1
2020-07-04,2.7,2.79,2.69,2.77,2.77,73677976.0,ATOM1
2020-07-05,2.78,2.98,2.74,2.93,2.93,127933386.0,ATOM1
2020-07-06,2.93,3.12,2.92,3.02,3.02,139258504.0,ATOM1
2020-07-07,3.02,3.28,2.97,3.24,3.24,129565057.0,ATOM1
2020-07-08,3.24,3.57,3.17,3.55,3.55,167546062.0,ATOM1
2020-07-09,3.55,3.81,3.42,3.8,3.8,172133671.0,ATOM1
2020-07-10,3.8,4.13,3.59,4.06,4.06,240007520.0,ATOM1
2020-07-11,4.06,4.44,3.9,3.94,3.94,262446668.0,ATOM1
2020-07-12,3.93,4.16,3.91,4.02,4.02,162188362.0,ATOM1
2020-07-13,4.02,4.33,3.76,3.88,3.88,215883769.0,ATOM1
2020-07-14,3.88,4.03,3.82,3.96,3.96,161379171.0,ATOM1
2020-07-15,3.95,4.14,3.87,4.04,4.04,118920919.0,ATOM1
2020-07-16,4.04,4.27,3.78,4.08,4.08,181058807.0,ATOM1
2020-07-17,4.07,4.25,3.96,4.14,4.14,147509307.0,ATOM1
2020-07-18,4.14,4.52,4.11,4.36,4.36,188008154.0,ATOM1
2020-07-19,4.36,4.51,4.01,4.19,4.19,191114701.0,ATOM1
2020-07-20,4.19,4.24,3.87,3.88,3.88,123252885.0,ATOM1
2020-07-21,3.88,4.05,3.79,4.0,4.0,134911035.0,ATOM1
2020-07-22,4.0,4.04,3.89,4.01,4.01,95362252.0,ATOM1
2020-07-23,4.01,4.09,3.93,3.96,3.96,97303814.0,ATOM1
2020-07-24,3.96,3.96,3.79,3.82,3.82,100656642.0,ATOM1
2020-07-25,3.82,3.95,3.78,3.91,3.91,117721753.0,ATOM1
2020-07-26,3.9,3.91,3.75,3.81,3.81,114783801.0,ATOM1
2020-07-27,3.8,3.91,3.34,3.59,3.59,179412714.0,ATOM1
2020-07-28,3.59,3.78,3.55,3.75,3.75,120724603.0,ATOM1
2020-07-29,3.75,3.85,3.63,3.64,3.64,107518753.0,ATOM1
2020-07-30,3.64,3.75,3.61,3.72,3.72,89185103.0,ATOM1
2020-07-31,3.72,3.84,3.71,3.79,3.79,98156636.0,ATOM1
2020-08-01,3.79,4.11,3.79,4.06,4.06,157637841.0,ATOM1
2020-08-02,4.07,4.21,3.61,3.89,3.89,154074396.0,ATOM1
2020-08-03,3.9,4.05,3.81,3.85,3.85,144959925.0,ATOM1
2020-08-04,3.85,4.05,3.82,4.01,4.01,112162333.0,ATOM1
2020-08-05,4.01,4.2,3.96,4.16,4.16,127763370.0,ATOM1
2020-08-06,4.16,4.25,4.13,4.18,4.18,128558907.0,ATOM1
2020-08-07,4.17,4.19,3.93,4.02,4.02,122545387.0,ATOM1
2020-08-08,4.02,4.43,3.99,4.43,4.43,119089971.0,ATOM1
2020-08-09,4.43,5.43,4.31,5.28,5.28,367025727.0,ATOM1
2020-08-10,5.28,5.85,5.14,5.47,5.47,356003398.0,ATOM1
2020-08-11,5.48,5.57,4.73,4.93,4.93,227937900.0,ATOM1
2020-08-12,4.93,6.05,4.89,5.98,5.98,360566166.0,ATOM1
2020-08-16,6.09,6.37,5.82,6.22,6.22,214631153.0,ATOM1
2020-08-17,6.22,6.31,5.94,5.94,5.94,177357908.0,ATOM1
2020-08-18,5.91,6.13,5.59,5.84,5.84,178381360.0,ATOM1
2020-08-19,5.83,5.93,5.34,5.67,5.67,176905066.0,ATOM1
2020-08-20,5.67,6.37,5.57,6.3,6.3,234862298.0,ATOM1
2020-08-21,6.3,6.59,5.63,5.63,5.63,250034249.0,ATOM1
2020-08-22,5.62,6.49,5.43,6.44,6.44,288906284.0,ATOM1
2020-08-23,6.44,8.55,6.36,8.52,8.52,950815185.0,ATOM1
2020-08-24,8.5,8.52,7.69,8.15,8.15,477822554.0,ATOM1
2020-08-25,8.2,8.86,7.82,8.43,8.43,775432822.0,ATOM1
2020-08-26,8.43,8.64,7.69,7.74,7.74,543449709.0,ATOM1
2020-08-27,7.73,7.92,6.94,7.29,7.29,476206939.0,ATOM1
2020-08-28,7.29,7.82,7.17,7.58,7.58,323336193.0,ATOM1
2020-08-29,7.58,7.61,7.31,7.31,7.31,261510039.0,ATOM1
2020-08-30,7.3,7.9,7.27,7.64,7.64,350623367.0,ATOM1
2020-08-31,7.63,7.8,7.21,7.21,7.21,282620496.0,ATOM1
2020-09-01,7.21,7.63,7.08,7.25,7.25,371396401.0,ATOM1
2020-09-02,7.25,7.31,6.4,6.65,6.65,277133708.0,ATOM1
2020-09-03,6.66,6.73,4.8,4.98,4.98,282049166.0,ATOM1
2020-09-04,4.97,5.64,4.77,5.51,5.51,344004274.0,ATOM1
2020-09-22,4.09,4.27,4.04,4.22,4.22,171684227.0,ATOM1
2020-09-23,4.22,4.3,3.83,3.85,3.85,134221234.0,ATOM1
2020-09-24,3.85,4.55,3.81,4.49,4.49,157128359.0,ATOM1
2020-09-25,4.49,4.81,4.38,4.79,4.79,154126209.0,ATOM1
2020-09-26,4.8,4.82,4.5,4.61,4.61,108388966.0,ATOM1
2020-09-27,4.61,4.79,4.55,4.73,4.73,121699166.0,ATOM1
2020-09-28,4.73,5.18,4.73,4.84,4.84,199772861.0,ATOM1
2020-09-29,4.84,5.37,4.82,5.3,5.3,170872166.0,ATOM1
2020-09-30,5.3,5.57,5.22,5.37,5.37,207449828.0,ATOM1
2020-10-01,5.37,5.6,4.99,5.1,5.1,166700246.0,ATOM1
2020-10-05,5.33,5.4,5.2,5.38,5.38,132582943.0,ATOM1
2020-10-06,5.38,5.4,4.71,4.75,4.75,158578835.0,ATOM1
2020-10-07,4.75,4.94,4.59,4.89,4.89,121280105.0,ATOM1
2020-10-08,4.89,5.13,4.65,5.05,5.05,123305432.0,ATOM1
2020-10-09,5.05,5.28,4.96,5.17,5.17,126797975.0,ATOM1
2020-10-10,5.16,5.69,5.16,5.53,5.53,277656231.0,ATOM1
2020-10-11,5.54,6.27,5.44,6.08,6.08,459851237.0,ATOM1
2020-10-12,6.08,6.22,5.81,5.99,5.99,382216591.0,ATOM1
2020-10-13,5.98,6.17,5.83,6.02,6.02,358539920.0,ATOM1
2020-10-14,6.02,6.13,5.65,5.75,5.75,347146738.0,ATOM1
2020-10-15,5.74,5.89,5.53,5.76,5.76,260450700.0,ATOM1
2020-10-16,5.77,5.84,5.33,5.39,5.39,248946095.0,ATOM1
2020-10-17,5.42,5.48,5.3,5.47,5.47,107183005.0,ATOM1
2020-10-18,5.46,5.78,5.42,5.76,5.76,180946252.0,ATOM1
2020-10-19,5.77,5.77,5.47,5.51,5.51,222765650.0,ATOM1
2020-10-20,5.51,5.51,5.02,5.04,5.04,244425616.0,ATOM1
2020-10-21,5.03,5.48,5.01,5.26,5.26,271890873.0,ATOM1
2020-10-22,5.25,5.57,5.24,5.43,5.43,292042210.0,ATOM1
2020-10-23,5.44,5.49,5.18,5.37,5.37,356659049.0,ATOM1
2020-10-24,5.37,5.59,5.27,5.56,5.56,299387143.0,ATOM1
2020-10-25,5.56,5.65,5.27,5.3,5.3,335377306.0,ATOM1
2020-10-26,5.3,5.36,4.99,5.15,5.15,394953224.0,ATOM1
2020-10-27,5.15,5.32,5.07,5.16,5.16,369482286.0,ATOM1
2020-10-28,5.16,5.16,4.72,4.81,4.81,308672970.0,ATOM1
2020-10-29,4.81,4.86,4.53,4.63,4.63,264946474.0,ATOM1
2020-10-30,4.63,4.71,4.35,4.62,4.62,319273601.0,ATOM1
2020-10-31,4.62,4.8,4.59,4.62,4.62,261345268.0,ATOM1
2020-11-01,4.62,4.84,4.54,4.74,4.74,271482141.0,ATOM1
2020-11-02,4.74,4.87,4.56,4.61,4.61,320334368.0,ATOM1
2020-11-03,4.61,4.61,4.32,4.48,4.48,307581881.0,ATOM1
2020-11-04,4.48,4.48,4.22,4.39,4.39,313836974.0,ATOM1
2020-11-05,4.39,4.58,4.28,4.51,4.51,203956084.0,ATOM1
2020-11-06,4.51,4.94,4.48,4.87,4.87,250264714.0,ATOM1
2020-11-07,4.87,5.15,4.53,4.62,4.62,292254641.0,ATOM1
2020-11-08,4.62,4.89,4.57,4.8,4.8,168143536.0,ATOM1
2020-11-09,4.8,5.18,4.68,5.13,5.13,240331275.0,ATOM1
2020-11-10,5.13,5.26,4.91,5.08,5.08,215083725.0,ATOM1
2020-11-11,5.08,5.26,5.02,5.03,5.03,205405671.0,ATOM1
2020-11-12,5.03,5.3,4.94,5.04,5.04,237165649.0,ATOM1
2020-11-13,5.04,5.26,5.02,5.21,5.21,184471342.0,ATOM1
2020-11-14,5.21,5.24,5.0,5.05,5.05,157621182.0,ATOM1
2020-11-15,5.05,5.12,4.87,4.98,4.98,122779028.0,ATOM1
2020-11-16,4.98,5.17,4.94,5.1,5.1,153196941.0,ATOM1
2020-11-17,5.13,5.35,5.13,5.29,5.29,204595413.0,ATOM1
2020-11-18,5.29,5.32,4.95,5.1,5.1,209635610.0,ATOM1
2020-11-19,5.1,5.2,4.99,5.09,5.09,154067529.0,ATOM1
2020-11-20,5.09,5.45,5.08,5.27,5.27,223688661.0,ATOM1
2020-11-21,5.27,5.92,5.26,5.89,5.89,334465901.0,ATOM1
2020-11-22,5.89,5.95,5.29,5.46,5.46,314004493.0,ATOM1
2020-11-23,5.46,5.9,5.44,5.8,5.8,296001865.0,ATOM1
2020-11-24,5.8,6.4,5.68,5.95,5.95,455479630.0,ATOM1
2020-11-25,5.95,6.46,5.79,5.92,5.92,367760757.0,ATOM1
2020-11-26,5.92,6.26,5.05,5.33,5.33,475650477.0,ATOM1
2020-11-27,5.33,5.44,5.12,5.36,5.36,236297555.0,ATOM1
2020-11-28,5.36,5.54,5.24,5.43,5.43,184123146.0,ATOM1
2020-11-29,5.44,5.54,5.33,5.43,5.43,194782627.0,ATOM1
2020-11-30,5.42,5.65,5.34,5.55,5.55,237396324.0,ATOM1
2020-12-01,5.56,5.7,5.18,5.27,5.27,258458947.0,ATOM1
2020-12-02,5.27,5.54,5.22,5.5,5.5,245897232.0,ATOM1
2020-12-03,5.5,5.65,5.37,5.5,5.5,194837292.0,ATOM1
2020-12-04,5.5,5.54,5.01,5.07,5.07,195489824.0,ATOM1
2020-12-05,5.07,5.29,4.99,5.26,5.26,166084668.0,ATOM1
2020-12-06,5.26,5.28,5.09,5.21,5.21,145787932.0,ATOM1
2020-12-07,5.21,5.22,5.09,5.1,5.1,129741017.0,ATOM1
2020-12-08,5.1,5.14,4.67,4.73,4.73,166125608.0,ATOM1
2020-12-09,4.73,4.88,4.57,4.81,4.81,188249912.0,ATOM1
2020-12-10,4.81,4.81,4.65,4.66,4.66,145623121.0,ATOM1
2020-12-11,4.66,4.85,4.49,4.71,4.71,190251670.0,ATOM1
2020-12-12,4.71,5.11,4.71,5.07,5.07,140392205.0,ATOM1
2020-12-13,5.07,5.36,5.06,5.19,5.19,172151624.0,ATOM1
2020-12-14,5.19,5.31,5.04,5.22,5.22,139005677.0,ATOM1
2020-12-15,5.22,5.36,5.07,5.3,5.3,162574656.0,ATOM1
2020-12-16,5.3,5.5,5.17,5.48,5.48,269777410.0,ATOM1
2020-12-17,5.48,5.72,5.32,5.36,5.36,342779990.0,ATOM1
2020-12-18,5.36,5.44,5.22,5.33,5.33,227710106.0,ATOM1
2020-12-19,5.33,5.44,5.27,5.29,5.29,204767439.0,ATOM1
2020-12-20,5.29,5.35,4.96,5.03,5.03,218893865.0,ATOM1
2020-12-21,5.03,5.14,4.82,5.04,5.04,263918277.0,ATOM1
2020-12-22,5.04,5.09,4.74,4.95,4.95,301783565.0,ATOM1
2020-12-23,4.95,5.0,4.27,4.38,4.38,336004306.0,ATOM1
2020-12-24,4.38,4.99,4.24,4.95,4.95,289019035.0,ATOM1
2020-12-25,4.95,5.04,4.76,4.91,4.91,220602609.0,ATOM1
2020-12-26,4.91,4.96,4.73,4.79,4.79,187812725.0,ATOM1
2020-12-27,4.79,5.01,4.59,4.83,4.83,282789433.0,ATOM1
2020-12-28,4.83,5.55,4.8,5.36,5.36,321729216.0,ATOM1
2020-12-29,5.36,5.67,5.03,5.63,5.63,393364458.0,ATOM1
2020-12-30,5.62,5.8,5.4,5.44,5.44,408834920.0,ATOM1
2020-12-31,5.43,6.49,5.26,6.49,6.49,499347023.0,ATOM1
2021-01-01,6.49,6.51,5.65,5.87,5.87,492387731.0,ATOM1
2021-01-02,5.87,5.88,5.32,5.41,5.41,599846982.0,ATOM1
2021-01-03,5.42,5.9,5.3,5.81,5.81,525732595.0,ATOM1
2021-01-04,5.82,6.26,5.37,6.0,6.0,627610837.0,ATOM1
2021-01-05,6.0,6.37,5.67,6.22,6.22,609572486.0,ATOM1
2021-01-06,6.22,6.95,5.89,6.68,6.68,773764043.0,ATOM1
2021-01-07,6.68,6.84,6.14,6.28,6.28,649595017.0,ATOM1
2021-01-08,6.27,6.33,5.71,5.95,5.95,638646885.0,ATOM1
2021-01-09,5.95,6.72,5.84,6.54,6.54,687660265.0,ATOM1
2021-01-10,6.54,7.14,6.0,6.43,6.43,779660148.0,ATOM1
2021-01-11,6.43,6.43,5.03,5.72,5.72,755034143.0,ATOM1
2021-01-12,5.72,6.14,5.52,5.7,5.7,560645822.0,ATOM1
2021-01-13,5.7,6.25,5.56,6.22,6.22,461959283.0,ATOM1
2021-01-14,6.22,6.58,6.15,6.44,6.44,534626328.0,ATOM1
2021-01-15,6.44,8.36,6.44,7.94,7.94,1762870086.0,ATOM1
2021-01-16,7.93,9.51,7.62,9.03,9.03,1477107371.0,ATOM1
2021-01-17,9.03,9.18,8.06,8.51,8.51,962808614.0,ATOM1
2021-01-18,8.51,9.84,8.51,9.49,9.49,983655097.0,ATOM1
2021-01-19,9.51,10.13,8.9,8.98,8.98,803693026.0,ATOM1
2021-01-20,8.96,9.45,8.01,8.9,8.9,813139538.0,ATOM1
2021-01-21,8.9,8.94,7.13,7.15,7.15,710443529.0,ATOM1
2021-01-22,7.15,8.44,6.69,8.01,8.01,810366152.0,ATOM1
2021-01-23,8.01,8.68,7.87,8.31,8.31,682782541.0,ATOM1
2021-01-24,8.31,8.78,7.91,8.24,8.24,593793753.0,ATOM1
2021-01-25,8.24,8.52,7.71,7.76,7.76,557948227.0,ATOM1
2021-01-26,7.76,7.94,7.42,7.72,7.72,530402384.0,ATOM1
2021-01-27,7.72,7.75,6.79,6.99,6.99,588954472.0,ATOM1
2021-01-28,6.99,7.9,6.87,7.84,7.84,567325510.0,ATOM1
2021-01-29,8.2,8.45,7.72,7.98,7.98,679210995.0,ATOM1
2021-01-30,7.98,8.28,7.76,8.05,8.05,437009193.0,ATOM1
2021-01-31,8.05,8.86,7.74,8.14,8.14,618250965.0,ATOM1
2021-02-01,8.14,9.21,7.84,9.21,9.21,646040739.0,ATOM1
2021-02-02,9.22,9.32,8.72,8.9,8.9,534811920.0,ATOM1
2021-02-03,8.9,9.4,8.76,9.28,9.28,570129740.0,ATOM1
2021-02-04,9.28,9.48,8.69,9.19,9.19,535873979.0,ATOM1
2021-02-05,9.18,12.66,9.06,12.16,12.16,1461410929.0,ATOM1
2021-02-06,12.16,13.48,11.35,12.02,12.02,1448899767.0,ATOM1
2021-02-07,12.04,13.94,11.54,13.92,13.92,1590915578.0,ATOM1
2021-02-08,13.91,14.96,13.31,14.24,14.24,1518972157.0,ATOM1
2021-02-09,14.23,15.46,13.82,15.09,15.09,1171768507.0,ATOM1
2021-02-10,15.08,15.42,13.65,15.0,15.0,1153342396.0,ATOM1
2021-02-11,15.0,18.21,14.85,17.78,17.78,1616374650.0,ATOM1
2021-02-12,17.72,22.02,17.34,21.2,21.2,2510219996.0,ATOM1
2021-02-13,21.15,22.0,19.37,20.25,20.25,1645993970.0,ATOM1
2021-02-14,20.25,20.67,18.6,19.24,19.24,1465793876.0,ATOM1
2021-02-15,19.22,24.85,15.33,22.46,22.46,3139128653.0,ATOM1
2021-02-16,22.43,26.42,22.43,25.19,25.19,3365947567.0,ATOM1
2021-02-17,25.17,25.8,22.6,23.86,23.86,2407499286.0,ATOM1
2021-02-18,23.87,24.89,22.84,23.14,23.14,1179216179.0,ATOM1
2021-02-19,23.14,23.51,21.75,22.87,22.87,868958194.0,ATOM1
2021-02-20,22.87,24.33,20.83,21.76,21.76,1273167406.0,ATOM1
2021-02-21,21.74,22.63,20.92,21.59,21.59,1205468751.0,ATOM1
2021-02-22,21.59,21.63,17.06,21.31,21.31,1407827925.0,ATOM1
2021-02-23,21.25,23.29,15.37,20.13,20.13,2172119297.0,ATOM1
2021-02-24,20.14,21.25,18.8,19.5,19.5,1094985830.0,ATOM1
2021-02-25,19.5,20.46,17.67,17.76,17.76,808907107.0,ATOM1
2021-02-26,17.8,18.88,16.2,18.82,18.82,1002590769.0,ATOM1
2021-02-27,18.82,20.53,18.29,19.17,19.17,765692912.0,ATOM1
2021-02-28,19.17,19.21,16.68,17.62,17.62,587524522.0,ATOM1
2021-03-01,17.63,18.65,17.61,18.61,18.61,472927333.0,ATOM1
2021-03-02,18.61,20.37,18.1,18.82,18.82,718143874.0,ATOM1
2021-03-03,18.83,21.89,18.71,21.44,21.44,757982550.0,ATOM1
2021-03-04,21.43,21.66,18.3,18.92,18.92,787374728.0,ATOM1
2021-03-05,18.88,19.21,18.02,18.69,18.69,476063491.0,ATOM1
2021-03-06,18.67,19.05,18.31,18.93,18.93,300453276.0,ATOM1
2021-03-07,18.94,19.49,18.7,19.49,19.49,419414761.0,ATOM1
2021-03-08,19.49,19.82,18.62,19.36,19.36,526566397.0,ATOM1
2021-03-09,19.36,21.13,19.06,21.13,21.13,720374763.0,ATOM1
2021-03-10,21.13,21.24,19.19,19.64,19.64,686624202.0,ATOM1
2021-03-11,19.62,19.73,18.72,19.29,19.29,515970926.0,ATOM1
2021-03-12,19.3,19.44,17.97,18.59,18.59,597307350.0,ATOM1
2021-03-13,18.59,19.8,17.9,19.38,19.38,507506351.0,ATOM1
2021-03-14,19.37,19.49,18.49,18.55,18.55,346186682.0,ATOM1
2021-03-15,18.54,21.03,18.03,20.04,20.04,889262383.0,ATOM1
2021-03-16,19.99,21.9,18.84,21.03,21.03,885241939.0,ATOM1
2021-03-17,21.02,21.63,19.69,20.91,20.91,754267205.0,ATOM1
2021-03-18,20.9,24.52,20.59,22.24,22.24,1266471148.0,ATOM1
2021-03-19,22.21,23.19,21.59,22.29,22.29,729707578.0,ATOM1
2021-03-20,22.29,22.79,20.91,20.91,20.91,452014941.0,ATOM1
2021-03-21,20.94,21.31,20.02,20.51,20.51,500747504.0,ATOM1
2021-03-22,20.51,21.13,19.21,19.33,19.33,575697288.0,ATOM1
2021-03-23,19.32,19.87,18.77,18.78,18.78,506789292.0,ATOM1
2021-03-24,18.78,19.8,16.8,17.59,17.59,633801536.0,ATOM1
2021-03-25,17.58,18.0,16.76,17.21,17.21,708851375.0,ATOM1
2021-03-26,17.21,18.97,17.14,18.97,18.97,546688599.0,ATOM1
2021-03-27,18.96,19.21,18.07,18.71,18.71,450888517.0,ATOM1
2021-03-28,18.71,19.88,18.47,19.31,19.31,525999156.0,ATOM1
2021-03-29,19.31,20.87,19.1,20.28,20.28,627890577.0,ATOM1
2021-03-30,20.27,20.59,19.55,19.98,19.98,482122430.0,ATOM1
2021-03-31,19.98,20.09,18.61,19.11,19.11,606283461.0,ATOM1
2021-04-01,19.11,19.86,19.02,19.64,19.64,547109425.0,ATOM1
2021-04-02,19.63,20.51,19.28,20.41,20.41,488967387.0,ATOM1
2021-04-03,20.41,22.71,20.22,20.27,20.27,1129111741.0,ATOM1
2021-04-04,20.25,22.02,19.97,21.74,21.74,675075626.0,ATOM1
2021-04-05,21.74,22.32,20.44,21.46,21.46,731003936.0,ATOM1
2021-04-06,21.49,23.23,21.13,21.77,21.77,1006022059.0,ATOM1
2021-04-07,21.71,22.15,18.9,19.58,19.58,972381406.0,ATOM1
2021-04-08,19.59,20.6,19.52,20.52,20.52,493696313.0,ATOM1
2021-04-09,20.52,21.54,20.52,21.4,21.4,427397698.0,ATOM1
2021-04-10,21.42,22.66,20.55,21.06,21.06,633036095.0,ATOM1
2021-04-11,21.03,23.53,20.75,23.35,23.35,596496780.0,ATOM1
2021-04-12,23.46,23.74,21.29,22.05,22.05,814213455.0,ATOM1
2021-04-13,22.01,24.87,21.42,23.87,23.87,969280252.0,ATOM1
2021-04-14,23.82,27.1,22.87,27.1,27.1,1567041643.0,ATOM1
2021-04-15,27.09,28.49,26.02,27.97,27.97,1359497937.0,ATOM1
2021-04-16,27.82,28.14,24.15,25.58,25.58,1003837201.0,ATOM1
2021-04-17,25.56,27.51,24.59,24.65,24.65,799905822.0,ATOM1
2021-04-18,24.63,25.02,17.58,21.38,21.38,1347894255.0,ATOM1
2021-04-19,21.42,22.24,18.92,19.29,19.29,817680389.0,ATOM1
2021-04-20,19.21,21.55,17.71,21.25,21.25,1070969899.0,ATOM1
2021-04-21,21.28,21.47,19.4,19.64,19.64,695415700.0,ATOM1
2021-04-22,19.58,21.51,18.64,18.77,18.77,817952266.0,ATOM1
2021-04-23,18.78,20.49,16.71,20.48,20.48,1022942871.0,ATOM1
2021-04-24,20.5,20.51,18.38,18.39,18.39,472708341.0,ATOM1
2021-04-25,18.44,19.63,17.75,18.65,18.65,440210763.0,ATOM1
2021-04-26,18.7,22.76,18.51,22.07,22.07,752531945.0,ATOM1
2021-04-27,22.1,23.42,21.76,23.05,23.05,588246764.0,ATOM1
2021-04-28,23.05,24.12,21.84,22.96,22.96,664789988.0,ATOM1
2021-04-29,22.97,22.97,21.19,22.13,22.13,504570590.0,ATOM1
2021-04-30,22.21,23.42,21.75,22.73,22.73,530264906.0,ATOM1
2021-05-01,22.72,24.47,22.47,23.82,23.82,604499347.0,ATOM1
2021-05-02,23.8,23.93,22.35,23.1,23.1,449119707.0,ATOM1
2021-05-03,23.09,23.76,22.46,22.97,22.97,481400618.0,ATOM1
2021-05-04,22.95,23.32,20.92,21.04,21.04,677921085.0,ATOM1
2021-05-05,20.96,24.78,20.63,24.76,24.76,813419448.0,ATOM1
2021-05-06,24.85,27.04,24.32,25.53,25.53,1302592313.0,ATOM1
2021-05-07,25.53,32.14,25.02,28.75,28.75,2221425535.0,ATOM1
2021-05-08,28.61,31.42,26.91,29.44,29.44,1373994439.0,ATOM1
2021-05-09,29.48,29.96,26.53,28.78,28.78,930674662.0,ATOM1
2021-05-10,28.71,29.86,23.87,25.34,25.34,937692558.0,ATOM1
2021-05-11,25.34,27.06,23.87,26.91,26.91,733948640.0,ATOM1
2021-05-12,26.88,27.77,22.68,22.68,22.68,802785055.0,ATOM1
2021-05-13,23.0,25.29,21.95,23.55,23.55,874404509.0,ATOM1
2021-05-14,23.54,25.77,23.43,25.77,25.77,674797919.0,ATOM1
2021-05-15,25.84,28.69,24.49,24.58,24.58,1606586941.0,ATOM1
2021-05-16,24.46,26.59,22.75,24.32,24.32,1001590224.0,ATOM1
2021-05-17,24.28,24.28,20.69,21.11,21.11,884150005.0,ATOM1
2021-05-18,21.05,23.36,20.86,22.82,22.82,628851420.0,ATOM1
2021-05-19,22.86,23.49,9.87,13.94,13.94,1229910772.0,ATOM1
2021-05-20,13.79,17.36,12.27,17.0,17.0,848745789.0,ATOM1
2021-05-21,16.94,17.59,11.41,13.56,13.56,651112785.0,ATOM1
2021-05-22,13.59,13.68,11.57,12.24,12.24,438907433.0,ATOM1
2021-05-23,12.25,13.11,8.58,11.74,11.74,706855396.0,ATOM1
2021-05-24,11.69,14.44,11.16,14.44,14.44,568781724.0,ATOM1
2021-05-25,14.51,14.92,12.46,13.91,13.91,484822529.0,ATOM1
2021-05-26,13.95,15.65,13.65,15.26,15.26,411442619.0,ATOM1
2021-05-27,15.27,15.32,13.62,14.42,14.42,317841306.0,ATOM1
2021-05-28,14.5,14.58,12.04,12.72,12.72,349062684.0,ATOM1
2021-05-29,12.7,14.37,11.4,12.07,12.07,352176882.0,ATOM1
2021-05-30,12.05,13.11,11.33,12.59,12.59,240724029.0,ATOM1
2021-05-31,12.57,13.99,11.92,13.99,13.99,264741804.0,ATOM1
2021-06-01,13.97,14.53,13.39,13.76,13.76,249500249.0,ATOM1
2021-06-02,13.76,15.32,13.6,14.85,14.85,271173287.0,ATOM1
2021-06-03,14.85,17.19,14.67,16.64,16.64,424392228.0,ATOM1
2021-06-04,16.66,17.08,14.07,15.08,15.08,358169132.0,ATOM1
2021-06-05,15.08,16.33,14.29,14.87,14.87,296675573.0,ATOM1
2021-06-06,14.88,15.41,14.52,15.1,15.1,179969374.0,ATOM1
2021-06-07,15.11,15.78,13.32,13.41,13.41,243486314.0,ATOM1
2021-06-08,13.46,13.81,12.08,13.63,13.63,343761380.0,ATOM1
2021-06-09,13.58,14.01,12.62,13.94,13.94,294948281.0,ATOM1
2021-06-10,13.94,14.05,12.59,12.81,12.81,233579974.0,ATOM1
2021-06-11,12.84,12.94,11.58,11.94,11.94,204520313.0,ATOM1
2021-06-12,11.95,12.05,10.94,11.62,11.62,206405160.0,ATOM1
2021-06-13,11.63,12.51,11.32,12.5,12.5,211088942.0,ATOM1
2021-06-14,12.52,13.39,12.24,12.61,12.61,220702152.0,ATOM1
2021-06-15,13.35,13.57,12.67,13.36,13.36,239421956.0,ATOM1
2021-06-16,12.96,13.44,12.37,13.38,13.38,247739768.0,ATOM1
2021-06-17,13.41,14.58,13.3,13.6,13.6,338386823.0,ATOM1
2021-06-18,13.63,13.63,11.99,12.43,12.43,217822614.0,ATOM1
2021-06-19,12.46,12.71,11.86,11.94,11.94,161619799.0,ATOM1
2021-06-20,11.91,12.39,11.07,12.01,12.01,199179692.0,ATOM1
2021-06-21,11.99,12.11,9.51,9.55,9.55,280693156.0,ATOM1
2021-06-22,9.52,10.56,7.89,8.97,8.97,349942694.0,ATOM1
2021-06-23,8.97,10.49,8.59,10.1,10.1,251604609.0,ATOM1
2021-06-24,9.62,10.7,9.04,10.34,10.34,208460651.0,ATOM1
2021-06-25,10.36,10.69,8.89,9.14,9.14,222812684.0,ATOM1
2021-06-26,9.08,9.54,8.66,9.54,9.54,168977555.0,ATOM1
2021-06-27,9.59,10.07,9.43,10.05,10.05,176367569.0,ATOM1
2021-06-28,10.07,10.87,9.93,10.85,10.85,159345727.0,ATOM1
2021-06-29,10.89,12.86,10.84,11.58,11.58,307562253.0,ATOM1
2021-06-30,11.64,12.03,11.04,12.0,12.0,224159230.0,ATOM1
2021-07-01,12.03,12.05,10.72,11.11,11.11,178901286.0,ATOM1
2021-07-02,11.05,11.76,10.54,11.76,11.76,189141784.0,ATOM1
2021-07-03,11.79,12.2,11.54,11.82,11.82,155131664.0,ATOM1
2021-07-04,11.8,12.43,11.52,12.26,12.26,144917698.0,ATOM1
2021-07-05,12.32,13.97,11.96,13.55,13.55,448935801.0,ATOM1
2021-07-06,13.56,14.02,12.82,13.16,13.16,253782183.0,ATOM1
2021-07-07,13.15,13.5,12.87,12.93,12.93,187303006.0,ATOM1
2021-07-08,12.95,12.97,11.68,11.93,11.93,218759897.0,ATOM1
2021-07-09,11.9,13.68,11.45,13.16,13.16,352858874.0,ATOM1
2021-07-10,13.18,14.47,12.98,14.4,14.4,306607704.0,ATOM1
2021-07-11,14.42,14.8,13.89,14.06,14.06,287307208.0,ATOM1
2021-07-12,14.07,14.12,12.8,13.05,13.05,219484347.0,ATOM1
2021-07-13,13.01,13.72,11.82,12.11,12.11,271558470.0,ATOM1
2021-07-14,12.09,12.22,11.1,11.75,11.75,280223308.0,ATOM1
2021-07-15,11.74,12.06,10.67,11.43,11.43,221625899.0,ATOM1
2021-07-16,11.46,13.17,11.0,11.18,11.18,475576409.0,ATOM1
2021-07-17,11.14,11.49,10.74,11.0,11.0,291508555.0,ATOM1
2021-07-18,11.03,11.54,10.79,10.98,10.98,191622807.0,ATOM1
2021-07-19,10.98,11.07,9.94,9.96,9.96,191110164.0,ATOM1
2021-07-20,9.98,10.14,8.98,9.49,9.49,213335723.0,ATOM1
2021-07-21,9.46,10.7,9.15,10.42,10.42,223323065.0,ATOM1
2021-07-21,9.46,10.7,9.15,10.42,10.42,223323065.0,ATOM1
2021-07-22,10.45,11.61,10.19,11.38,11.38,236098229.0,ATOM1
2021-07-23,11.38,11.53,10.7,11.46,11.46,207990694.0,ATOM1
2021-07-24,11.44,11.77,11.1,11.45,11.45,190731860.0,ATOM1
2021-07-25,11.43,11.62,10.99,11.45,11.45,147996396.0,ATOM1
2021-07-26,11.46,12.43,11.32,11.41,11.41,300857091.0,ATOM1
2021-07-27,11.39,11.8,11.05,11.71,11.71,189534095.0,ATOM1
2021-07-28,11.73,11.94,11.4,11.56,11.56,174680432.0,ATOM1
2021-07-29,11.59,11.87,11.34,11.76,11.76,162930702.0,ATOM1
2021-07-30,11.79,12.18,11.45,12.15,12.15,200899899.0,ATOM1
2021-07-31,12.13,12.93,11.89,12.61,12.61,222533204.0,ATOM1
2021-08-01,12.59,13.44,12.17,12.36,12.36,245887570.0,ATOM1
2021-08-02,12.34,12.76,12.14,12.49,12.49,152332463.0,ATOM1
2021-08-03,12.48,12.65,11.8,12.09,12.09,151997150.0,ATOM1
2021-08-04,12.13,12.9,11.97,12.79,12.79,162612241.0,ATOM1
2021-08-05,12.81,13.23,12.42,13.02,13.02,173243197.0,ATOM1
2021-08-06,13.03,14.03,12.75,13.58,13.58,216995434.0,ATOM1
2021-08-07,13.59,14.36,13.5,14.01,14.01,238357531.0,ATOM1
2021-08-08,14.01,14.23,13.02,13.13,13.13,184762253.0,ATOM1
2021-08-09,13.13,14.05,12.68,13.68,13.68,199694997.0,ATOM1
2021-08-10,13.65,14.39,13.48,14.09,14.09,203421288.0,ATOM1
2021-08-11,14.11,15.44,14.09,14.6,14.6,295822061.0,ATOM1
2021-08-12,14.58,15.19,13.58,14.04,14.04,226821269.0,ATOM1
2021-08-13,14.08,15.34,13.88,15.21,15.21,211782999.0,ATOM1
2021-08-14,15.21,15.77,14.77,15.55,15.55,253369603.0,ATOM1
2021-08-15,15.55,15.95,14.91,15.9,15.9,209900288.0,ATOM1
2021-08-16,15.92,16.66,15.51,15.85,15.85,302192014.0,ATOM1
2021-08-17,15.81,17.46,15.11,15.99,15.99,524439834.0,ATOM1
2021-08-18,16.02,18.57,15.02,18.0,18.0,603168957.0,ATOM1
2021-08-19,17.97,20.39,17.83,18.68,18.68,1119841099.0,ATOM1
2021-08-20,18.69,19.98,18.36,18.92,18.92,552178858.0,ATOM1
2021-08-21,18.93,23.91,18.55,22.09,22.09,1462984615.0,ATOM1
2021-08-22,22.09,24.64,21.02,21.86,21.86,1123896202.0,ATOM1
2021-08-23,21.86,23.08,21.31,21.83,21.83,688583020.0,ATOM1
2021-08-24,21.85,22.0,19.26,19.62,19.62,583030847.0,ATOM1
2021-08-25,19.61,20.84,18.65,19.97,19.97,487821904.0,ATOM1
2021-08-26,20.05,20.31,17.84,17.97,17.97,392383313.0,ATOM1
2021-08-27,18.0,20.56,17.29,20.46,20.46,515807867.0,ATOM1
2021-08-28,20.45,21.42,19.55,21.34,21.34,479810303.0,ATOM1
2021-08-29,21.33,22.39,20.37,21.2,21.2,580881094.0,ATOM1
2021-08-30,21.24,23.84,19.59,22.1,22.1,804287512.0,ATOM1
2021-08-31,22.24,26.17,21.66,22.87,22.87,1577705190.0,ATOM1
2021-09-01,22.86,25.86,22.21,25.35,25.35,1193791536.0,ATOM1
2021-09-02,25.42,25.73,23.56,24.14,24.14,584369889.0,ATOM1
2021-09-03,24.17,24.92,23.26,24.14,24.14,572774475.0,ATOM1
2021-09-04,24.1,25.45,23.79,24.43,24.43,508371518.0,ATOM1
2021-09-05,24.43,26.2,23.86,25.76,25.76,557060986.0,ATOM1
2021-09-06,25.74,27.03,24.0,25.12,25.12,706889107.0,ATOM1
2021-09-07,25.08,27.38,17.69,20.91,20.91,1164299219.0,ATOM1
2021-09-08,20.94,21.9,18.59,20.53,20.53,726604518.0,ATOM1
2021-09-09,21.97,28.44,20.38,27.0,27.0,2054203891.0,ATOM1
2021-09-10,26.86,30.41,24.74,29.44,29.44,3009211971.0,ATOM1
2021-09-11,29.41,30.9,26.88,27.29,27.29,1505635156.0,ATOM1
2021-09-12,27.34,35.19,26.08,35.0,35.0,2438022040.0,ATOM1
2021-09-13,35.14,38.78,30.38,35.63,35.63,4260699809.0,ATOM1
2021-09-14,35.88,37.81,32.92,34.1,34.1,2283709519.0,ATOM1
2021-09-15,34.22,35.25,32.78,34.13,34.13,1218948791.0,ATOM1
2021-09-16,34.07,36.99,31.42,36.91,36.91,1711114838.0,ATOM1
2021-09-17,37.2,37.97,32.54,33.41,33.41,1571897232.0,ATOM1
2021-09-18,33.45,41.34,32.72,40.85,40.85,2474432401.0,ATOM1
2021-09-19,40.68,44.59,38.03,44.54,44.54,2599703217.0,ATOM1
2021-09-20,44.28,44.7,33.42,33.79,33.79,3491916010.0,ATOM1
2021-09-21,34.02,37.2,29.12,30.44,30.44,2821419021.0,ATOM1
2021-09-22,30.44,39.98,29.41,39.98,39.98,2863204890.0,ATOM1
2021-09-23,39.83,43.35,38.95,41.52,41.52,2778779661.0,ATOM1
2021-09-24,41.53,44.27,36.25,42.79,42.79,3179435314.0,ATOM1
2021-09-25,42.65,43.04,38.94,39.52,39.52,1603838880.0,ATOM1
2021-09-26,39.53,41.65,35.62,39.62,39.62,1781195737.0,ATOM1
2021-09-27,39.99,40.75,36.77,37.34,37.34,1237073649.0,ATOM1
2021-09-28,37.28,37.82,33.43,33.67,33.67,1080352013.0,ATOM1
2021-09-29,33.75,36.67,32.82,33.95,33.95,1083210669.0,ATOM1
