2017-07-25,0.12,0.12,0.1,0.11,0.11,145269.0,BNB
2017-07-26,0.11,0.11,0.1,0.11,0.11,200395.0,BNB
2017-07-27,0.11,0.11,0.1,0.11,0.11,344499.0,BNB
2017-07-28,0.11,0.11,0.1,0.1,0.1,342568.0,BNB
2017-07-29,0.1,0.11,0.1,0.11,0.11,340218.0,BNB
2017-07-30,0.11,0.11,0.1,0.11,0.11,224261.0,BNB
2017-07-31,0.11,0.11,0.1,0.1,0.1,240309.0,BNB
2017-08-01,0.1,0.11,0.1,0.1,0.1,300413.0,BNB
2017-08-02,0.1,0.1,0.1,0.1,0.1,256793.0,BNB
2017-08-03,0.1,0.11,0.1,0.11,0.11,293008.0,BNB
2017-08-04,0.11,0.11,0.1,0.11,0.11,287621.0,BNB
2017-08-05,0.11,0.14,0.11,0.13,0.13,542878.0,BNB
2017-08-06,0.13,0.13,0.13,0.13,0.13,393681.0,BNB
2017-08-07,0.13,0.15,0.13,0.15,0.15,748177.0,BNB
2017-08-08,0.15,0.23,0.15,0.22,0.22,2617340.0,BNB
2017-08-09,0.22,0.26,0.22,0.24,0.24,3075320.0,BNB
2017-08-10,0.25,0.35,0.25,0.35,0.35,4118070.0,BNB
2017-08-11,0.35,0.41,0.31,0.39,0.39,4413920.0,BNB
2017-08-12,0.39,0.48,0.34,0.45,0.45,5080760.0,BNB
2017-08-13,0.45,1.02,0.45,0.88,0.88,13852100.0,BNB
2017-08-14,0.87,1.46,0.74,1.3,1.3,51698100.0,BNB
2017-08-15,1.33,1.38,0.92,1.06,1.06,19824400.0,BNB
2017-08-16,1.12,1.45,1.08,1.44,1.44,31363100.0,BNB
2017-08-17,1.44,2.11,1.32,1.97,1.97,61296500.0,BNB
2017-08-18,1.93,2.75,1.89,2.38,2.38,69048000.0,BNB
2017-08-19,2.33,2.33,1.82,2.09,2.09,43391300.0,BNB
2017-08-20,2.11,2.69,2.08,2.5,2.5,65350400.0,BNB
2017-08-21,2.43,2.91,2.43,2.7,2.7,72000600.0,BNB
2017-08-22,2.72,2.72,2.22,2.49,2.49,52091300.0,BNB
2017-08-23,2.47,2.96,2.47,2.58,2.58,64925100.0,BNB
2017-08-24,2.63,2.66,2.28,2.38,2.38,45080400.0,BNB
2017-08-25,2.39,2.73,2.39,2.5,2.5,49977600.0,BNB
2017-08-26,2.53,2.54,1.96,2.17,2.17,26690700.0,BNB
2017-08-27,2.18,2.31,1.86,2.01,2.01,17214900.0,BNB
2017-08-28,2.02,2.17,1.96,2.04,2.04,15413900.0,BNB
2017-08-29,2.11,2.33,1.99,2.33,2.33,20372000.0,BNB
2017-08-30,2.28,2.37,2.09,2.35,2.35,24830000.0,BNB
2017-08-31,2.33,2.41,2.2,2.2,2.2,20214800.0,BNB
2017-09-01,2.2,2.39,2.12,2.38,2.38,20990700.0,BNB
2017-09-02,2.5,2.85,1.72,1.99,1.99,22995400.0,BNB
2017-09-03,1.93,2.02,1.42,1.58,1.58,11662000.0,BNB
2017-09-04,1.58,1.58,0.61,1.05,1.05,20075100.0,BNB
2017-09-05,1.03,1.12,0.74,0.97,0.97,9453770.0,BNB
2017-09-06,0.99,1.17,0.74,1.09,1.09,14279400.0,BNB
2017-09-07,1.03,1.51,0.96,1.37,1.37,15442300.0,BNB
2017-09-08,1.4,1.4,0.95,1.01,1.01,9872850.0,BNB
2017-09-09,1.01,1.03,0.86,0.99,0.99,4011510.0,BNB
2017-09-10,0.98,1.0,0.85,0.94,0.94,3257430.0,BNB
2017-09-11,0.95,1.1,0.9,1.03,1.03,5167180.0,BNB
2017-09-12,1.03,1.21,0.99,1.04,1.04,7213490.0,BNB
2017-09-13,1.04,1.04,0.88,0.94,0.94,2780700.0,BNB
2017-09-14,0.94,0.95,0.67,0.68,0.68,3134360.0,BNB
2017-09-15,0.68,0.85,0.53,0.8,0.8,4625680.0,BNB
2017-09-16,0.81,0.93,0.75,0.8,0.8,2829570.0,BNB
2017-09-17,0.8,0.81,0.73,0.79,0.79,1273640.0,BNB
2017-09-18,0.79,0.94,0.79,0.91,0.91,3717860.0,BNB
2017-09-19,0.91,0.91,0.79,0.8,0.8,2888420.0,BNB
2017-09-20,0.82,0.82,0.74,0.75,0.75,2536950.0,BNB
2017-09-21,0.76,0.78,0.68,0.7,0.7,2238040.0,BNB
2017-09-22,0.7,0.74,0.68,0.72,0.72,2099500.0,BNB
2017-09-23,0.72,0.78,0.71,0.77,0.77,2276080.0,BNB
2017-09-24,0.78,0.79,0.74,0.78,0.78,2402720.0,BNB
2017-09-25,0.78,0.94,0.77,0.92,0.92,3695220.0,BNB
2017-09-26,0.92,0.94,0.86,0.86,0.86,3460160.0,BNB
2017-09-27,0.86,1.2,0.86,1.14,1.14,8394020.0,BNB
2017-09-28,1.15,1.43,1.15,1.38,1.38,13944300.0,BNB
2017-09-29,1.37,1.37,1.14,1.27,1.27,8474270.0,BNB
2017-09-30,1.27,1.31,1.23,1.28,1.28,6194570.0,BNB
2017-10-01,1.28,1.53,1.26,1.53,1.53,9043600.0,BNB
2017-10-02,1.53,1.98,1.51,1.96,1.96,19367700.0,BNB
2017-10-03,1.97,2.03,1.67,1.82,1.82,14411500.0,BNB
2017-10-04,1.85,1.86,1.52,1.6,1.6,7227750.0,BNB
2017-10-05,1.63,1.74,1.42,1.68,1.68,7503500.0,BNB
2017-10-06,1.68,1.71,1.53,1.58,1.58,6076260.0,BNB
2017-10-07,1.61,1.61,1.5,1.58,1.58,5578780.0,BNB
2017-10-08,1.58,1.6,1.22,1.22,1.22,4515300.0,BNB
2017-10-09,1.21,1.58,1.21,1.4,1.4,9667100.0,BNB
2017-10-10,1.43,1.47,1.34,1.39,1.39,6912770.0,BNB
2017-10-11,1.4,1.46,1.38,1.43,1.43,6123140.0,BNB
2017-10-12,1.43,1.44,1.28,1.34,1.34,5275850.0,BNB
2017-10-13,1.34,1.51,1.18,1.44,1.44,5705760.0,BNB
2017-10-14,1.47,1.54,1.41,1.54,1.54,3355060.0,BNB
2017-10-15,1.5,1.68,1.41,1.56,1.56,5987930.0,BNB
2017-10-16,1.56,1.6,1.39,1.44,1.44,2960330.0,BNB
2017-10-17,1.44,1.47,1.36,1.39,1.39,1744390.0,BNB
2017-10-18,1.39,1.42,1.21,1.33,1.33,2311140.0,BNB
2017-10-19,1.33,1.35,1.25,1.28,1.28,1791220.0,BNB
2017-10-20,1.28,1.37,1.22,1.24,1.24,1703230.0,BNB
2017-10-21,1.24,1.27,1.17,1.25,1.25,1331640.0,BNB
2017-10-22,1.26,1.3,1.18,1.21,1.21,1631220.0,BNB
2017-10-23,1.23,1.28,1.1,1.18,1.18,2355560.0,BNB
2017-10-24,1.18,1.38,1.14,1.25,1.25,4833390.0,BNB
2017-10-25,1.24,1.27,1.17,1.25,1.25,2288360.0,BNB
2017-10-26,1.26,1.26,1.1,1.21,1.21,2400010.0,BNB
2017-10-27,1.21,1.22,1.11,1.17,1.17,2067650.0,BNB
2017-10-28,1.18,1.2,1.14,1.15,1.15,1495260.0,BNB
2017-10-29,1.18,1.26,1.16,1.24,1.24,1969690.0,BNB
2017-10-30,1.23,1.36,1.2,1.31,1.31,2437230.0,BNB
2017-10-31,1.34,1.41,1.27,1.31,1.31,3397150.0,BNB
2017-11-01,1.34,1.34,1.22,1.26,1.26,2118920.0,BNB
2017-11-02,1.26,1.37,1.2,1.3,1.3,3550520.0,BNB
2017-11-03,1.29,1.48,1.29,1.46,1.46,3201070.0,BNB
2017-11-04,1.46,1.7,1.4,1.64,1.64,4685320.0,BNB
2017-11-05,1.64,1.64,1.46,1.52,1.52,2681150.0,BNB
2017-11-06,1.53,1.67,1.48,1.57,1.57,5042750.0,BNB
2017-11-07,1.57,1.82,1.55,1.81,1.81,9469500.0,BNB
2017-11-08,1.8,2.06,1.78,2.03,2.03,18796200.0,BNB
2017-11-09,2.05,2.17,1.89,1.99,1.99,19192200.0,BNB
2017-11-10,2.01,2.07,1.64,1.8,1.8,11155000.0,BNB
2017-11-11,1.79,1.92,1.61,1.67,1.67,8178150.0,BNB
2017-11-12,1.67,1.67,1.46,1.52,1.52,15298700.0,BNB
2017-11-13,1.53,1.74,1.52,1.69,1.69,12238800.0,BNB
2017-11-14,1.69,1.74,1.57,1.59,1.59,7829600.0,BNB
2017-11-15,1.59,1.62,1.5,1.53,1.53,7615500.0,BNB
2017-11-16,1.56,1.68,1.54,1.58,1.58,8928640.0,BNB
2017-11-17,1.58,1.58,1.5,1.51,1.51,8508840.0,BNB
2017-11-18,1.51,1.68,1.5,1.67,1.67,32167300.0,BNB
2017-11-19,1.67,1.7,1.57,1.61,1.61,38081700.0,BNB
2017-11-20,1.63,1.66,1.56,1.62,1.62,12994500.0,BNB
2017-11-21,1.66,1.66,1.55,1.57,1.57,5440790.0,BNB
2017-11-22,1.59,1.62,1.56,1.61,1.61,7177000.0,BNB
2017-11-23,1.61,1.62,1.54,1.55,1.55,8392640.0,BNB
2017-11-24,1.57,1.82,1.56,1.72,1.72,12155400.0,BNB
2017-11-25,1.72,1.96,1.69,1.87,1.87,12839900.0,BNB
2017-11-26,1.89,1.94,1.83,1.85,1.85,9056850.0,BNB
2017-11-27,1.87,1.95,1.79,1.94,1.94,22826600.0,BNB
2017-11-28,1.96,1.96,1.87,1.92,1.92,36377700.0,BNB
2017-11-29,1.92,2.05,1.68,1.75,1.75,43765500.0,BNB
2017-11-30,1.76,2.05,1.76,2.0,2.0,31559500.0,BNB
2017-12-01,2.0,2.14,1.92,2.07,2.07,28867200.0,BNB
2017-12-02,2.08,2.12,2.0,2.08,2.08,24332700.0,BNB
2017-12-03,2.09,2.38,2.05,2.23,2.23,35163500.0,BNB
2017-12-04,2.26,2.58,2.26,2.49,2.49,41226200.0,BNB
2017-12-05,2.5,2.73,2.5,2.6,2.6,49190000.0,BNB
2017-12-06,2.58,2.78,2.35,2.59,2.59,41731500.0,BNB
2017-12-07,2.55,2.91,2.49,2.78,2.78,28297900.0,BNB
2017-12-08,2.77,2.87,2.26,2.83,2.83,38648500.0,BNB
2017-12-09,2.83,2.87,2.33,2.61,2.61,27217000.0,BNB
2017-12-10,2.66,2.7,2.21,2.48,2.48,19258500.0,BNB
2017-12-11,2.51,2.82,2.5,2.71,2.71,19427000.0,BNB
2017-12-12,2.73,2.78,2.61,2.68,2.68,24523200.0,BNB
2017-12-13,2.69,2.88,2.57,2.78,2.78,28429500.0,BNB
2017-12-14,2.77,3.16,2.77,3.16,3.16,40335300.0,BNB
2017-12-15,3.16,4.41,3.14,4.0,4.0,52745900.0,BNB
2017-12-16,4.17,4.73,3.92,4.66,4.66,54002400.0,BNB
2017-12-17,4.67,6.75,4.67,5.76,5.76,98159600.0,BNB
2017-12-18,5.79,6.22,5.28,5.62,5.62,66623700.0,BNB
2017-12-19,5.65,6.55,5.58,5.79,5.79,66695200.0,BNB
2017-12-20,5.79,5.79,4.93,5.18,5.18,47866900.0,BNB
2017-12-21,5.18,5.7,4.81,5.18,5.18,46905500.0,BNB
2017-12-22,5.21,5.21,3.51,4.34,4.34,36672600.0,BNB
2017-12-23,4.39,5.13,4.31,4.84,4.84,32930300.0,BNB
2017-12-24,4.74,5.29,4.2,5.29,5.29,43676900.0,BNB
2017-12-25,5.31,6.96,5.25,6.56,6.56,66374400.0,BNB
2017-12-26,6.56,10.62,6.5,9.03,9.03,167812992.0,BNB
2017-12-27,9.25,11.3,8.49,10.11,10.11,167808000.0,BNB
2017-12-28,10.13,10.2,8.15,9.32,9.32,109298000.0,BNB
2017-12-29,9.32,9.53,8.54,8.81,8.81,70849400.0,BNB
2017-12-30,8.71,8.76,7.19,7.84,7.84,72933904.0,BNB
2017-12-31,7.76,8.84,7.71,8.64,8.64,74927904.0,BNB
2018-01-01,8.63,8.7,7.96,8.41,8.41,66422800.0,BNB
2018-01-02,8.46,9.12,8.22,8.84,8.84,104789000.0,BNB
2018-01-03,8.77,9.58,8.53,9.54,9.54,108852000.0,BNB
2018-01-04,9.45,9.54,8.85,9.21,9.21,158819008.0,BNB
2018-01-05,9.15,16.72,9.09,14.92,14.92,341504992.0,BNB
2018-01-06,14.87,23.51,14.82,22.76,22.76,637020992.0,BNB
2018-01-07,22.77,22.77,18.24,18.66,18.66,258050000.0,BNB
2018-01-08,18.65,19.22,15.35,18.26,18.26,296617984.0,BNB
2018-01-09,18.17,20.32,16.8,17.41,17.41,194750000.0,BNB
2018-01-10,17.71,17.71,15.17,17.39,17.39,146582000.0,BNB
2018-01-11,17.57,23.15,15.29,21.04,21.04,389228000.0,BNB
2018-01-12,21.48,24.91,19.93,22.32,22.32,387537984.0,BNB
2018-01-13,22.35,23.67,21.37,22.17,22.17,181676000.0,BNB
2018-01-14,22.25,22.25,19.14,20.78,20.78,129239000.0,BNB
2018-01-15,20.8,23.6,19.33,19.56,19.56,244154000.0,BNB
2018-01-16,19.63,19.63,10.44,13.89,13.89,399951008.0,BNB
2018-01-17,13.62,15.54,9.66,14.2,14.2,299411008.0,BNB
2018-01-18,14.25,15.96,13.51,14.28,14.28,204899008.0,BNB
2018-01-19,14.31,15.64,13.99,14.94,14.94,139882000.0,BNB
2018-01-20,15.03,16.65,15.03,16.19,16.19,156744992.0,BNB
2018-01-21,16.25,16.25,13.36,14.07,14.07,141562000.0,BNB
2018-01-22,14.2,14.45,11.91,13.01,13.01,138026000.0,BNB
2018-01-23,13.0,13.96,11.78,13.09,13.09,91706200.0,BNB
2018-01-24,13.19,14.19,12.79,13.63,13.63,105736000.0,BNB
2018-01-25,13.76,14.14,13.06,13.23,13.23,105648000.0,BNB
2018-01-26,13.21,13.59,12.29,13.22,13.22,113429000.0,BNB
2018-01-27,13.23,13.44,12.89,13.25,13.25,84009400.0,BNB
2018-01-28,13.3,13.81,13.2,13.54,13.54,93871104.0,BNB
2018-01-29,13.55,13.67,12.68,12.76,12.76,71294304.0,BNB
2018-01-30,12.77,12.77,11.06,11.25,11.25,59389600.0,BNB
2018-01-31,11.27,11.41,10.57,11.15,11.15,50435000.0,BNB
2018-02-01,11.18,11.39,8.71,9.52,9.52,82984200.0,BNB
2018-02-02,9.41,10.46,7.22,9.65,9.65,91468200.0,BNB
2018-02-03,9.7,10.27,8.61,9.75,9.75,56556200.0,BNB
2018-02-04,9.75,9.75,8.1,8.46,8.46,49990000.0,BNB
2018-02-05,8.43,8.55,6.13,6.71,6.71,55276900.0,BNB
2018-02-06,6.81,8.56,5.59,8.29,8.29,97189904.0,BNB
2018-02-07,8.32,9.22,7.35,8.1,8.1,77970304.0,BNB
2018-02-08,8.09,8.72,8.09,8.6,8.6,82496000.0,BNB
2018-02-09,8.61,9.89,8.34,9.73,9.73,9284.0,BNB
2018-02-10,9.73,10.36,8.85,9.26,9.26,80123200.0,BNB
2018-02-11,9.2,9.35,8.14,8.7,8.7,68554600.0,BNB
2018-02-12,8.71,9.4,8.71,9.32,9.32,50792600.0,BNB
2018-02-13,9.32,9.35,8.77,8.99,8.99,41593400.0,BNB
2018-02-14,9.02,10.65,8.99,10.4,10.4,68781600.0,BNB
2018-02-15,10.39,11.28,10.1,10.93,10.93,108962000.0,BNB
2018-02-16,10.91,11.2,10.43,11.2,11.2,71131800.0,BNB
2018-02-17,11.08,11.87,10.95,11.69,11.69,76093504.0,BNB
2018-02-18,11.69,11.7,10.68,10.7,10.7,62044700.0,BNB
2018-02-19,10.67,11.19,10.65,11.08,11.08,54898800.0,BNB
2018-02-20,11.09,11.19,9.79,9.9,9.9,66512400.0,BNB
2018-02-21,9.88,10.19,9.15,9.38,9.38,55087600.0,BNB
2018-02-22,9.4,9.81,8.71,8.9,8.9,47216100.0,BNB
2018-02-23,8.87,9.73,8.66,9.69,9.69,53626800.0,BNB
2018-02-24,9.69,9.84,8.78,9.14,9.14,48709200.0,BNB
2018-02-25,9.15,9.49,8.94,9.35,9.35,43814500.0,BNB
2018-02-26,9.37,10.06,9.13,9.9,9.9,53540300.0,BNB
2018-02-27,9.97,11.1,9.82,10.66,10.66,97184400.0,BNB
2018-02-28,10.69,11.18,10.39,10.44,10.44,69036400.0,BNB
2018-03-01,10.45,10.67,10.33,10.51,10.51,72474200.0,BNB
2018-03-02,10.46,10.54,10.14,10.22,10.22,46449100.0,BNB
2018-03-03,10.29,10.45,10.13,10.22,10.22,40001900.0,BNB
2018-03-04,10.21,10.39,9.9,10.35,10.35,37886900.0,BNB
2018-03-05,10.4,10.44,10.1,10.11,10.11,38605100.0,BNB
2018-03-06,10.15,10.15,9.15,9.38,9.38,38182600.0,BNB
2018-03-07,9.4,10.13,8.24,9.03,9.03,79740800.0,BNB
2018-03-08,9.04,9.14,8.12,8.31,8.31,48535100.0,BNB
2018-03-09,8.26,8.33,7.17,8.31,8.31,46893300.0,BNB
2018-03-10,8.27,8.35,7.63,7.67,7.67,41645000.0,BNB
2018-03-11,7.65,8.42,7.38,8.27,8.27,45451700.0,BNB
2018-03-12,8.3,8.55,7.74,8.04,8.04,51188100.0,BNB
2018-03-13,8.0,11.0,7.9,10.12,10.12,216111008.0,BNB
2018-03-14,10.13,10.67,8.55,8.96,8.96,124112000.0,BNB
2018-03-15,8.94,9.4,8.42,9.1,9.1,104531000.0,BNB
2018-03-16,9.13,9.39,8.64,9.11,9.11,97626000.0,BNB
2018-03-17,9.2,9.5,8.66,8.99,8.99,94679904.0,BNB
2018-03-18,8.96,8.96,7.86,8.95,8.95,94840304.0,BNB
2018-03-19,9.09,9.26,8.5,8.99,8.99,97938896.0,BNB
2018-03-20,8.99,9.24,8.66,9.16,9.16,96919504.0,BNB
2018-03-21,9.17,10.29,9.08,9.98,9.98,131761000.0,BNB
2018-03-22,10.03,10.91,9.57,10.07,10.07,112305000.0,BNB
2018-03-23,10.05,11.98,9.54,11.74,11.74,157246000.0,BNB
2018-03-24,11.71,14.84,11.6,13.09,13.09,255358000.0,BNB
2018-03-25,13.14,14.23,12.57,12.78,12.78,189518000.0,BNB
2018-03-26,12.91,12.91,10.96,12.06,12.06,132353000.0,BNB
2018-03-27,12.12,12.23,10.88,11.51,11.51,102579000.0,BNB
2018-03-28,11.52,12.25,11.39,11.64,11.64,92931200.0,BNB
2018-03-29,11.7,11.73,10.17,10.2,10.2,81352096.0,BNB
2018-03-30,10.17,10.75,9.74,10.35,10.35,75551600.0,BNB
2018-03-31,10.39,11.39,10.29,11.06,11.06,89256304.0,BNB
2018-04-01,11.15,11.3,10.38,11.07,11.07,87918096.0,BNB
2018-04-02,11.07,12.65,11.02,12.62,12.62,116071000.0,BNB
2018-04-03,12.64,13.95,12.33,13.36,13.36,141287008.0,BNB
2018-04-04,13.29,13.44,12.0,12.19,12.19,119600000.0,BNB
2018-04-05,12.2,12.62,12.14,12.45,12.45,103864000.0,BNB
2018-04-06,12.49,12.64,12.04,12.26,12.26,81989696.0,BNB
2018-04-07,12.27,12.63,12.27,12.46,12.46,87924896.0,BNB
2018-04-08,12.51,12.51,12.12,12.12,12.12,79045000.0,BNB
2018-04-09,12.12,12.55,11.61,11.87,11.87,80643696.0,BNB
2018-04-10,11.91,12.4,11.85,12.04,12.04,87608200.0,BNB
2018-04-11,12.04,12.23,11.78,12.23,12.23,92759696.0,BNB
2018-04-12,12.42,12.95,11.91,12.95,12.95,133239000.0,BNB
2018-04-13,13.15,13.76,12.75,13.54,13.54,148215008.0,BNB
2018-04-14,13.45,13.84,12.99,13.24,13.24,94980800.0,BNB
2018-04-15,13.3,13.58,12.92,13.06,13.06,115373000.0,BNB
2018-04-16,13.05,13.06,12.08,12.21,12.21,75965504.0,BNB
2018-04-17,12.23,12.46,11.67,11.77,11.77,77537400.0,BNB
2018-04-18,11.79,12.39,11.53,12.28,12.28,90015104.0,BNB
2018-04-19,12.26,12.43,12.04,12.35,12.35,78661696.0,BNB
2018-04-20,12.35,12.72,11.93,12.58,12.58,86036096.0,BNB
2018-04-21,12.57,13.67,12.44,13.38,13.38,141582000.0,BNB
2018-04-22,13.35,13.35,12.86,12.88,12.88,84873000.0,BNB
2018-04-23,12.88,13.83,12.85,13.63,13.63,132041000.0,BNB
2018-04-24,13.65,15.62,13.65,15.27,15.27,165599008.0,BNB
2018-04-25,15.21,15.93,13.05,13.29,13.29,144820992.0,BNB
2018-04-26,13.35,14.71,13.25,14.65,14.65,127788000.0,BNB
2018-04-27,14.65,14.77,14.18,14.33,14.33,101995000.0,BNB
2018-04-28,14.28,15.33,14.23,15.2,15.2,122360000.0,BNB
2018-04-29,15.16,15.4,14.56,15.06,15.06,105495000.0,BNB
2018-04-30,15.06,15.16,14.11,14.31,14.31,83765800.0,BNB
2018-05-01,14.31,14.31,13.61,14.16,14.16,75433904.0,BNB
2018-05-02,14.17,14.41,13.94,14.41,14.41,80730304.0,BNB
2018-05-03,14.44,14.78,14.21,14.65,14.65,104726000.0,BNB
2018-05-04,14.63,14.68,14.24,14.33,14.33,79940496.0,BNB
2018-05-05,14.32,14.5,14.21,14.37,14.37,71502096.0,BNB
2018-05-06,14.36,14.8,13.68,13.94,13.94,74731600.0,BNB
2018-05-07,13.94,13.97,12.99,13.7,13.7,59800200.0,BNB
2018-05-08,13.7,13.92,13.15,13.53,13.53,57865500.0,BNB
2018-05-09,13.52,14.81,13.08,14.66,14.66,99046304.0,BNB
2018-05-10,14.68,15.05,13.82,13.82,13.82,68250000.0,BNB
2018-05-11,13.88,14.09,12.59,12.99,12.99,57027500.0,BNB
2018-05-12,12.97,13.15,12.25,12.94,12.94,44001000.0,BNB
2018-05-13,13.01,13.55,12.74,13.12,13.12,70816496.0,BNB
2018-05-14,13.16,13.17,12.36,12.87,12.87,49317700.0,BNB
2018-05-15,12.85,13.27,12.51,12.57,12.57,45696200.0,BNB
2018-05-16,12.56,12.57,11.95,12.26,12.26,35233200.0,BNB
2018-05-17,12.32,12.97,12.27,12.47,12.47,54251500.0,BNB
2018-05-18,12.36,16.22,12.05,15.14,15.14,243260992.0,BNB
2018-05-19,15.13,15.62,13.99,14.25,14.25,138320992.0,BNB
2018-05-20,14.35,14.37,13.69,14.12,14.12,95390200.0,BNB
2018-05-21,14.13,14.79,13.82,14.72,14.72,97367296.0,BNB
2018-05-22,14.57,14.84,13.75,13.93,13.93,86545104.0,BNB
2018-05-23,13.85,13.93,12.33,12.63,12.63,68215200.0,BNB
2018-05-24,12.61,13.19,12.2,13.0,13.0,54410900.0,BNB
2018-05-25,13.03,13.37,12.64,13.01,13.01,49173800.0,BNB
2018-05-26,12.96,13.2,12.7,12.76,12.76,43258400.0,BNB
2018-05-27,12.79,12.79,12.33,12.61,12.61,36691600.0,BNB
2018-05-28,12.6,12.75,11.7,11.89,11.89,33398400.0,BNB
2018-05-29,11.96,12.68,11.77,12.57,12.57,48807700.0,BNB
2018-05-30,12.61,12.8,12.27,12.57,12.57,43146300.0,BNB
2018-05-31,12.56,14.22,12.41,14.19,14.19,93931696.0,BNB
2018-06-01,14.25,14.41,13.79,14.24,14.24,80342200.0,BNB
2018-06-02,14.32,14.85,14.01,14.68,14.68,87983000.0,BNB
2018-06-03,14.68,14.95,14.33,14.57,14.57,82182304.0,BNB
2018-06-04,14.68,14.68,13.67,14.26,14.26,58219100.0,BNB
2018-06-05,14.25,15.67,14.21,15.6,15.6,101474000.0,BNB
2018-06-06,15.6,17.36,15.35,17.25,17.25,157806000.0,BNB
2018-06-07,17.27,17.44,16.18,16.26,16.26,131031000.0,BNB
2018-06-08,16.35,16.63,15.83,16.27,16.27,94394600.0,BNB
2018-06-09,16.31,16.89,15.96,15.96,15.96,85299904.0,BNB
2018-06-10,15.93,15.93,13.59,14.18,14.18,79288200.0,BNB
2018-06-11,14.14,15.38,13.79,15.38,15.38,83039696.0,BNB
2018-06-12,15.52,16.16,14.99,15.23,15.23,116016000.0,BNB
2018-06-13,15.3,15.72,14.03,14.59,14.59,97415904.0,BNB
2018-06-14,14.64,15.03,14.14,14.9,14.9,80329504.0,BNB
2018-06-15,14.88,15.65,14.69,15.05,15.05,79159296.0,BNB
2018-06-16,14.94,15.98,14.94,15.81,15.81,81354704.0,BNB
2018-06-17,15.78,17.23,15.76,16.58,16.58,107346000.0,BNB
2018-06-18,16.62,17.19,16.22,16.88,16.88,106776000.0,BNB
2018-06-19,16.78,16.94,16.21,16.7,16.7,80738096.0,BNB
2018-06-20,16.76,16.86,15.74,16.06,16.06,65190300.0,BNB
2018-06-21,16.07,17.27,15.92,17.05,17.05,122980000.0,BNB
2018-06-22,17.07,17.24,15.26,15.59,15.59,113751000.0,BNB
2018-06-23,15.6,16.06,15.36,15.55,15.55,70431104.0,BNB
2018-06-24,15.57,15.59,13.54,14.45,14.45,96256304.0,BNB
2018-06-25,14.46,15.07,13.83,14.92,14.92,60358000.0,BNB
2018-06-26,14.93,14.99,13.87,14.12,14.12,37503400.0,BNB
2018-06-27,14.07,14.31,13.89,14.05,14.05,44136600.0,BNB
2018-06-28,14.03,14.75,13.86,14.12,14.12,67290496.0,BNB
2018-06-29,14.17,14.65,13.78,14.51,14.51,52784600.0,BNB
2018-06-30,14.55,15.18,14.29,14.66,14.66,59676900.0,BNB
2018-07-01,14.68,14.69,14.14,14.4,14.4,38434400.0,BNB
2018-07-02,14.4,14.82,14.06,14.57,14.57,55614000.0,BNB
2018-07-03,14.56,14.78,14.08,14.17,14.17,60657300.0,BNB
2018-07-04,14.23,14.33,13.91,14.01,14.01,37043700.0,BNB
2018-07-05,14.04,14.14,13.65,13.85,13.85,41185300.0,BNB
2018-07-06,13.98,13.99,13.28,13.53,13.53,33466000.0,BNB
2018-07-07,13.54,14.4,13.43,14.4,14.4,79974896.0,BNB
2018-07-08,14.4,14.42,13.93,13.99,13.99,60275400.0,BNB
2018-07-09,14.04,14.09,13.63,13.66,13.66,36874000.0,BNB
2018-07-10,13.61,13.66,12.67,12.76,12.76,36507100.0,BNB
2018-07-11,12.82,12.89,12.25,12.7,12.7,38867700.0,BNB
2018-07-12,12.69,12.77,11.9,12.07,12.07,26008100.0,BNB
2018-07-13,12.09,12.43,12.04,12.18,12.18,29709900.0,BNB
2018-07-14,12.19,12.27,11.97,12.1,12.1,21534200.0,BNB
2018-07-15,12.09,12.4,12.02,12.29,12.29,26346900.0,BNB
2018-07-16,12.31,13.39,12.2,13.24,13.24,47198600.0,BNB
2018-07-17,13.36,13.89,12.87,13.71,13.71,74443200.0,BNB
2018-07-18,13.74,13.86,12.72,12.86,12.86,75446304.0,BNB
2018-07-19,12.83,13.35,12.77,12.92,12.92,49364800.0,BNB
2018-07-20,12.92,12.97,11.89,12.07,12.07,40466000.0,BNB
2018-07-21,12.07,12.46,11.9,12.19,12.19,28726700.0,BNB
2018-07-22,12.19,12.27,11.96,12.12,12.12,20692400.0,BNB
2018-07-23,12.14,12.34,11.91,12.02,12.02,28137700.0,BNB
2018-07-24,12.02,12.25,11.65,12.15,12.15,46762700.0,BNB
2018-07-25,12.09,13.47,12.08,12.94,12.94,72083200.0,BNB
2018-07-26,12.92,13.55,12.91,13.4,13.4,61881400.0,BNB
2018-07-27,13.39,14.03,13.06,13.92,13.92,66040700.0,BNB
2018-07-28,14.03,14.87,13.72,14.6,14.6,75159904.0,BNB
2018-07-29,14.6,14.7,13.66,14.02,14.02,56547100.0,BNB
2018-07-30,13.95,13.95,13.07,13.22,13.22,35991600.0,BNB
2018-07-31,13.21,14.06,13.04,13.78,13.78,66537000.0,BNB
2018-08-01,13.77,14.06,13.23,13.57,13.57,53833700.0,BNB
2018-08-02,13.63,14.18,13.41,14.18,14.18,50481200.0,BNB
2018-08-03,14.09,14.21,13.64,14.13,14.13,70449300.0,BNB
2018-08-04,14.11,14.46,13.57,13.84,13.84,60865200.0,BNB
2018-08-05,13.86,13.9,13.29,13.62,13.62,43000300.0,BNB
2018-08-06,13.69,13.98,13.5,13.7,13.7,46799600.0,BNB
2018-08-07,13.66,13.91,13.13,13.15,13.15,45119500.0,BNB
2018-08-08,13.13,13.14,11.98,12.14,12.14,44898500.0,BNB
2018-08-09,12.16,12.87,12.1,12.86,12.86,41389000.0,BNB
2018-08-10,12.77,12.82,11.81,12.13,12.13,37026400.0,BNB
2018-08-11,12.11,12.16,11.37,11.74,11.74,29253100.0,BNB
2018-08-12,11.69,11.86,11.5,11.74,11.74,23290300.0,BNB
2018-08-13,11.77,11.95,10.18,10.23,10.23,34827100.0,BNB
2018-08-14,10.3,10.3,8.66,9.42,9.42,39515200.0,BNB
2018-08-15,9.41,10.59,9.4,9.46,9.46,42994900.0,BNB
2018-08-16,9.53,9.98,9.39,9.8,9.8,24709700.0,BNB
2018-08-17,9.78,10.87,9.72,10.87,10.87,37502400.0,BNB
2018-08-18,10.78,10.97,9.54,9.91,9.91,27803700.0,BNB
2018-08-19,9.92,10.3,9.75,10.16,10.16,21218500.0,BNB
2018-08-20,10.14,10.2,9.64,9.7,9.7,17617700.0,BNB
2018-08-21,9.68,9.85,9.42,9.71,9.71,13228100.0,BNB
2018-08-22,9.74,10.2,9.26,9.54,9.54,23929500.0,BNB
2018-08-23,9.5,9.72,9.4,9.72,9.72,17327500.0,BNB
2018-08-24,9.76,10.23,9.56,10.23,10.23,22814900.0,BNB
2018-08-25,10.19,10.25,9.98,10.14,10.14,19561400.0,BNB
2018-08-26,10.11,10.27,9.81,10.19,10.19,22551200.0,BNB
2018-08-27,10.22,11.34,10.13,11.21,11.21,44953500.0,BNB
2018-08-28,11.16,11.5,10.84,11.49,11.49,43860800.0,BNB
2018-08-29,11.47,11.47,10.91,11.17,11.17,33530600.0,BNB
2018-08-30,11.17,11.19,10.38,10.76,10.76,23247800.0,BNB
2018-08-31,10.76,11.02,10.6,11.01,11.01,22638200.0,BNB
2018-09-01,11.03,11.54,11.03,11.38,11.38,29776300.0,BNB
2018-09-02,11.43,11.46,11.14,11.3,11.3,21757400.0,BNB
2018-09-03,11.35,11.41,11.11,11.26,11.26,18644300.0,BNB
2018-09-04,11.31,11.42,11.26,11.36,11.36,18878700.0,BNB
2018-09-05,11.41,11.54,10.09,10.09,10.09,29308300.0,BNB
2018-09-06,10.05,10.3,9.62,10.28,10.28,23466000.0,BNB
2018-09-07,10.26,10.27,9.87,10.04,10.04,16640400.0,BNB
2018-09-08,10.03,10.19,9.41,9.52,9.52,15053100.0,BNB
2018-09-09,9.55,9.73,9.27,9.51,9.51,13947300.0,BNB
2018-09-10,9.58,9.71,9.37,9.52,9.52,12427900.0,BNB
2018-09-11,9.52,9.61,9.23,9.37,9.37,18572100.0,BNB
2018-09-12,9.39,9.48,9.04,9.21,9.21,21323500.0,BNB
2018-09-13,9.22,9.69,9.22,9.6,9.6,24817100.0,BNB
2018-09-14,9.64,10.09,9.55,9.93,9.93,26124800.0,BNB
2018-09-15,9.9,10.2,9.9,10.11,10.11,27281100.0,BNB
2018-09-16,10.12,10.13,9.78,9.94,9.94,20623100.0,BNB
2018-09-17,9.95,10.01,9.32,9.41,9.41,22370800.0,BNB
2018-09-18,9.39,9.64,9.28,9.54,9.54,23016100.0,BNB
2018-09-19,9.56,9.78,9.31,9.62,9.62,22684800.0,BNB
2018-09-20,9.63,10.1,9.6,10.07,10.07,27983700.0,BNB
2018-09-21,10.06,10.44,9.96,10.41,10.41,35228200.0,BNB
2018-09-22,10.42,10.53,9.97,10.24,10.24,21731800.0,BNB
2018-09-23,10.27,10.37,10.16,10.28,10.28,22673000.0,BNB
2018-09-24,10.29,10.32,9.94,10.04,10.04,19223700.0,BNB
2018-09-25,10.03,10.03,9.51,9.78,9.78,19256100.0,BNB
2018-09-26,9.78,9.9,9.59,9.74,9.74,18370400.0,BNB
2018-09-27,9.74,10.08,9.67,10.03,10.03,26966900.0,BNB
2018-09-28,10.04,10.23,9.89,9.97,9.97,25097900.0,BNB
2018-09-29,9.96,10.03,9.76,10.0,10.0,26072400.0,BNB
2018-09-30,10.0,10.04,9.85,10.02,10.02,26954000.0,BNB
2018-10-01,10.01,10.05,9.88,9.94,9.94,25138500.0,BNB
2018-10-02,9.94,10.61,9.88,10.36,10.36,41386000.0,BNB
2018-10-03,10.33,10.44,10.06,10.27,10.27,38371900.0,BNB
2018-10-04,10.29,10.39,10.22,10.26,10.26,32534900.0,BNB
2018-10-05,10.25,10.72,10.24,10.64,10.64,40756200.0,BNB
2018-10-06,10.65,10.75,10.3,10.37,10.37,30941000.0,BNB
2018-10-07,10.4,10.53,10.3,10.52,10.52,32205000.0,BNB
2018-10-08,10.53,10.63,10.46,10.51,10.51,31932700.0,BNB
2018-10-09,10.54,10.57,10.23,10.38,10.38,27881100.0,BNB
2018-10-10,10.36,10.4,10.21,10.33,10.33,26141100.0,BNB
2018-10-11,10.31,10.31,9.25,9.3,9.3,26084400.0,BNB
2018-10-12,9.28,9.66,9.24,9.53,9.53,26099400.0,BNB
2018-10-13,9.49,9.63,9.48,9.54,9.54,24253100.0,BNB
2018-10-14,9.55,9.64,9.47,9.5,9.5,22974000.0,BNB
2018-10-15,9.48,10.44,9.42,10.32,10.32,52331400.0,BNB
2018-10-16,10.32,10.33,9.92,10.01,10.01,30719200.0,BNB
2018-10-17,10.03,10.03,9.82,9.9,9.9,35325400.0,BNB
2018-10-18,9.93,9.96,9.64,9.72,9.72,29790800.0,BNB
2018-10-19,9.72,9.79,9.63,9.77,9.77,24658400.0,BNB
2018-10-20,9.76,9.79,9.68,9.75,9.75,23972200.0,BNB
2018-10-21,9.76,9.87,9.68,9.74,9.74,25790200.0,BNB
2018-10-22,9.72,9.84,9.65,9.73,9.73,27599800.0,BNB
2018-10-23,9.7,9.86,9.68,9.8,9.8,30852200.0,BNB
2018-10-24,9.78,9.82,9.71,9.75,9.75,26652600.0,BNB
2018-10-25,9.73,9.75,9.64,9.69,9.69,25207400.0,BNB
2018-10-26,9.68,9.73,9.62,9.7,9.7,24495800.0,BNB
2018-10-27,9.7,9.73,9.63,9.65,9.65,22943000.0,BNB
2018-10-28,9.67,9.71,9.59,9.67,9.67,24760500.0,BNB
2018-10-29,9.64,9.68,9.34,9.4,9.4,24583200.0,BNB
2018-10-30,9.4,9.47,9.35,9.39,9.39,24305700.0,BNB
2018-10-31,9.4,9.42,9.31,9.36,9.36,21398200.0,BNB
2018-11-01,9.37,9.63,9.34,9.55,9.55,19690100.0,BNB
2018-11-02,9.53,9.61,9.48,9.57,9.57,21304800.0,BNB
2018-11-03,9.59,9.63,9.49,9.53,9.53,19663500.0,BNB
2018-11-04,9.53,9.74,9.49,9.63,9.63,24079700.0,BNB
2018-11-05,9.59,9.77,9.58,9.67,9.67,21103300.0,BNB
2018-11-06,9.71,9.78,9.62,9.78,9.78,24810200.0,BNB
2018-11-07,9.8,9.88,9.77,9.82,9.82,23433700.0,BNB
2018-11-08,9.81,9.83,9.62,9.65,9.65,21877100.0,BNB
2018-11-09,9.64,9.67,9.49,9.55,9.55,18859800.0,BNB
2018-11-10,9.55,9.64,9.51,9.56,9.56,18550600.0,BNB
2018-11-11,9.57,9.58,9.35,9.47,9.47,18889600.0,BNB
2018-11-12,9.49,9.52,9.27,9.36,9.36,19452700.0,BNB
2018-11-13,9.37,9.47,9.19,9.25,9.25,17068400.0,BNB
2018-11-14,9.22,9.23,8.14,8.41,8.41,19518100.0,BNB
2018-11-15,8.41,8.46,7.75,8.18,8.18,19131700.0,BNB
2018-11-16,8.18,8.21,7.8,7.88,7.88,18869500.0,BNB
2018-11-17,7.9,7.9,7.61,7.72,7.72,16973900.0,BNB
2018-11-18,7.74,8.03,7.73,8.0,8.0,13784000.0,BNB
2018-11-19,8.0,8.01,6.6,6.63,6.63,21567100.0,BNB
2018-11-20,6.61,6.76,5.55,5.76,5.76,25989200.0,BNB
2018-11-21,5.8,6.2,5.57,6.2,6.2,14208800.0,BNB
2018-11-22,6.21,6.23,5.76,5.76,5.76,9885300.0,BNB
2018-11-23,5.74,5.77,5.42,5.56,5.56,9943370.0,BNB
2018-11-24,5.56,5.67,4.72,5.12,5.12,11938900.0,BNB
2018-11-25,5.09,5.28,4.44,5.18,5.18,12236300.0,BNB
2018-11-26,5.18,5.26,4.67,4.93,4.93,10132300.0,BNB
2018-11-27,4.91,4.95,4.68,4.91,4.91,9050190.0,BNB
2018-11-28,4.9,5.47,4.9,5.34,5.34,15392800.0,BNB
2018-11-29,5.35,5.6,5.15,5.35,5.35,13027940.0,BNB
2018-11-30,5.37,5.43,4.95,5.08,5.08,10699024.0,BNB
2018-12-01,5.09,5.42,5.01,5.29,5.29,12291155.0,BNB
2018-12-02,5.27,5.43,5.2,5.25,5.25,11848312.0,BNB
2018-12-03,5.25,5.28,5.0,5.11,5.11,12193044.0,BNB
2018-12-04,5.11,6.29,5.11,5.88,5.88,39059358.0,BNB
2018-12-05,5.92,6.59,5.78,5.98,5.98,61589926.0,BNB
2018-12-06,6.01,6.06,4.95,4.95,4.95,38404207.0,BNB
2018-12-07,4.92,4.96,4.19,4.53,4.53,24895394.0,BNB
2018-12-08,4.53,4.81,4.38,4.7,4.7,16534322.0,BNB
2018-12-09,4.71,5.05,4.62,4.86,4.86,17862645.0,BNB
2018-12-10,4.85,5.0,4.59,4.71,4.71,13851408.0,BNB
2018-12-11,4.71,4.97,4.59,4.94,4.94,19625570.0,BNB
2018-12-12,4.94,5.18,4.83,5.02,5.02,17783396.0,BNB
2018-12-13,5.03,5.03,4.59,4.65,4.65,14503435.0,BNB
2018-12-14,4.65,4.75,4.46,4.53,4.53,13544912.0,BNB
2018-12-15,4.53,4.64,4.48,4.56,4.56,12572161.0,BNB
2018-12-16,4.57,4.73,4.54,4.65,4.65,14565931.0,BNB
2018-12-17,4.65,5.16,4.64,5.11,5.11,17799304.0,BNB
2018-12-18,5.11,5.6,4.98,5.6,5.6,26195539.0,BNB
2018-12-19,5.61,5.89,5.4,5.49,5.49,25173915.0,BNB
2018-12-20,5.47,5.92,5.37,5.79,5.79,27976596.0,BNB
2018-12-21,5.79,5.87,5.45,5.57,5.57,24440098.0,BNB
2018-12-22,5.56,5.95,5.5,5.93,5.93,28188479.0,BNB
2018-12-23,5.93,6.21,5.9,6.06,6.06,29722800.0,BNB
2018-12-24,6.06,6.58,6.06,6.14,6.14,30471526.0,BNB
2018-12-25,6.19,6.19,5.46,5.55,5.55,19913982.0,BNB
2018-12-26,5.55,5.77,5.53,5.71,5.71,19526927.0,BNB
2018-12-27,5.72,5.75,5.25,5.28,5.28,16073454.0,BNB
2018-12-28,5.29,6.02,5.25,6.01,6.01,23929897.0,BNB
2018-12-29,6.03,6.1,5.83,5.83,5.83,20325767.0,BNB
2018-12-30,5.84,6.01,5.77,6.0,6.0,21109983.0,BNB
2018-12-31,6.0,6.33,5.97,6.16,6.16,38216014.0,BNB
2019-01-01,6.19,6.19,5.89,6.08,6.08,23891161.0,BNB
2019-01-02,6.09,6.21,5.95,6.19,6.19,30308610.0,BNB
2019-01-03,6.17,6.18,5.9,5.9,5.9,22821638.0,BNB
2019-01-04,5.9,6.07,5.86,6.07,6.07,29311135.0,BNB
2019-01-05,6.06,6.2,6.03,6.07,6.07,30340636.0,BNB
2019-01-06,6.07,6.5,6.03,6.4,6.4,41574183.0,BNB
2019-01-07,6.43,6.43,6.23,6.29,6.29,37914512.0,BNB
2019-01-08,6.3,6.91,6.24,6.64,6.64,65660517.0,BNB
2019-01-09,6.66,6.97,6.47,6.64,6.64,74676973.0,BNB
2019-01-10,6.61,6.68,5.8,5.92,5.92,75844882.0,BNB
2019-01-11,5.97,6.24,5.84,6.08,6.08,50239804.0,BNB
2019-01-12,6.09,6.09,5.93,5.98,5.98,32654873.0,BNB
2019-01-13,5.97,6.0,5.49,5.57,5.57,26590183.0,BNB
2019-01-14,5.58,6.16,5.57,6.16,6.16,43109287.0,BNB
2019-01-15,6.16,6.16,5.82,5.92,5.92,25427436.0,BNB
2019-01-16,5.92,6.25,5.9,6.19,6.19,35059223.0,BNB
2019-01-17,6.17,6.42,6.08,6.42,6.42,36306127.0,BNB
2019-01-18,6.41,6.69,6.34,6.56,6.56,43105423.0,BNB
2019-01-19,6.57,6.73,6.36,6.64,6.64,46981638.0,BNB
2019-01-20,6.65,6.73,6.38,6.49,6.49,49479089.0,BNB
2019-01-21,6.51,6.58,6.42,6.55,6.55,36321045.0,BNB
2019-01-22,6.54,6.57,6.38,6.52,6.52,31986616.0,BNB
2019-01-23,6.53,6.57,6.44,6.54,6.54,33083574.0,BNB
2019-01-24,6.53,6.54,6.47,6.51,6.51,26614401.0,BNB
2019-01-25,6.51,6.8,6.51,6.74,6.74,43731935.0,BNB
2019-01-26,6.75,7.04,6.69,7.01,7.01,48498979.0,BNB
2019-01-27,7.0,7.25,6.86,7.09,7.09,52872346.0,BNB
2019-01-28,7.09,7.19,6.11,6.21,6.21,82427199.0,BNB
2019-01-29,6.22,6.31,6.06,6.18,6.18,49291810.0,BNB
2019-01-30,6.17,6.22,6.06,6.17,6.17,41310644.0,BNB
2019-01-31,6.17,6.33,6.03,6.27,6.27,52240450.0,BNB
2019-02-01,6.26,6.65,6.17,6.56,6.56,56050946.0,BNB
2019-02-02,6.55,6.89,6.53,6.89,6.89,56627089.0,BNB
2019-02-03,6.89,6.92,6.62,6.74,6.74,59942157.0,BNB
2019-02-04,6.77,7.17,6.7,7.1,7.1,71959989.0,BNB
2019-02-05,7.06,7.91,6.96,7.82,7.82,96588396.0,BNB
2019-02-06,7.86,8.47,7.41,8.09,8.09,118867600.0,BNB
2019-02-07,8.1,8.43,7.7,7.73,7.73,86056680.0,BNB
2019-02-08,7.78,8.83,7.65,8.58,8.58,103694035.0,BNB
2019-02-09,8.6,8.93,8.47,8.87,8.87,106420119.0,BNB
2019-02-10,8.86,9.34,8.86,9.21,9.21,125419865.0,BNB
2019-02-11,9.19,9.82,9.15,9.55,9.55,136029624.0,BNB
2019-02-12,9.53,9.75,8.98,9.34,9.34,123194872.0,BNB
2019-02-13,9.33,9.33,8.79,8.94,8.94,95068051.0,BNB
2019-02-14,8.93,9.07,8.46,8.78,8.78,72389546.0,BNB
2019-02-15,8.82,9.51,8.78,9.27,9.27,83961438.0,BNB
2019-02-16,9.32,9.34,9.08,9.13,9.13,65705039.0,BNB
2019-02-17,9.13,9.22,8.92,9.22,9.22,66977126.0,BNB
2019-02-18,9.22,9.74,9.18,9.63,9.63,79003059.0,BNB
2019-02-19,9.65,11.11,9.58,10.56,10.56,128091178.0,BNB
2019-02-20,10.52,11.32,10.52,10.97,10.97,118033473.0,BNB
2019-02-21,10.99,10.99,10.23,10.49,10.49,85754656.0,BNB
2019-02-22,10.45,10.99,10.43,10.84,10.84,82256314.0,BNB
2019-02-23,10.82,10.87,10.46,10.78,10.78,81628102.0,BNB
2019-02-24,10.8,11.09,9.62,10.11,10.11,113588898.0,BNB
2019-02-25,10.07,10.29,9.54,9.84,9.84,146043497.0,BNB
2019-02-26,9.82,9.87,9.45,9.52,9.52,88437694.0,BNB
2019-02-27,9.52,10.12,9.44,9.9,9.9,93800327.0,BNB
2019-02-28,9.91,10.55,9.89,10.37,10.37,100626963.0,BNB
2019-03-01,10.36,11.61,10.33,11.39,11.39,117838676.0,BNB
2019-03-02,11.38,11.92,10.96,11.87,11.87,120807894.0,BNB
2019-03-03,11.85,11.96,11.35,11.54,11.54,89868245.0,BNB
2019-03-04,11.54,11.6,11.07,11.55,11.55,89421231.0,BNB
2019-03-05,11.52,13.84,11.52,13.81,13.81,237026334.0,BNB
2019-03-06,13.75,14.56,13.11,14.52,14.52,191016822.0,BNB
2019-03-07,14.53,15.65,14.44,15.15,15.15,236520320.0,BNB
2019-03-08,15.23,15.32,13.76,14.37,14.37,227303083.0,BNB
2019-03-09,14.28,14.95,14.11,14.57,14.57,160640089.0,BNB
2019-03-10,14.57,14.6,14.07,14.49,14.49,140866074.0,BNB
2019-03-11,14.5,14.97,14.22,14.51,14.51,152327295.0,BNB
2019-03-12,14.5,15.51,14.32,15.41,15.41,169525507.0,BNB
2019-03-13,15.43,15.45,15.1,15.12,15.12,145402738.0,BNB
2019-03-14,15.12,15.23,14.75,15.05,15.05,137039682.0,BNB
2019-03-15,15.03,15.3,15.01,15.08,15.08,124146333.0,BNB
2019-03-16,15.05,16.16,15.02,16.12,16.12,143423670.0,BNB
2019-03-17,16.09,16.1,15.68,15.76,15.76,131687083.0,BNB
2019-03-18,15.75,15.94,15.4,15.68,15.68,132882166.0,BNB
2019-03-19,15.68,16.01,15.41,15.69,15.69,216950178.0,BNB
2019-03-20,15.69,15.72,15.18,15.28,15.28,136054764.0,BNB
2019-03-21,15.28,15.45,14.34,14.52,14.52,152779938.0,BNB
2019-03-22,14.5,15.32,14.39,15.27,15.27,149753509.0,BNB
2019-03-23,15.25,15.55,15.1,15.24,15.24,143128548.0,BNB
2019-03-24,15.24,17.38,14.92,17.29,17.29,314554202.0,BNB
2019-03-25,17.25,17.42,16.22,16.84,16.84,199413829.0,BNB
2019-03-26,16.76,16.83,15.78,16.34,16.34,186112031.0,BNB
2019-03-27,16.29,16.96,16.05,16.78,16.78,202275821.0,BNB
2019-03-28,16.78,16.91,16.61,16.81,16.81,189454287.0,BNB
2019-03-29,16.8,16.9,16.45,16.51,16.51,172002337.0,BNB
2019-03-30,16.49,17.24,16.07,16.93,16.93,182021375.0,BNB
2019-03-31,16.93,17.57,16.77,17.4,17.4,199990282.0,BNB
2019-04-01,17.41,18.06,17.29,17.95,17.95,202977285.0,BNB
2019-04-02,17.96,19.92,17.69,19.79,19.79,264406306.0,BNB
2019-04-03,19.8,20.07,18.43,18.75,18.75,254862222.0,BNB
2019-04-04,18.74,19.55,18.45,19.14,19.14,214630296.0,BNB
2019-04-05,19.14,19.53,18.94,19.45,19.45,181774781.0,BNB
2019-04-06,19.46,19.47,18.89,19.12,19.12,155317546.0,BNB
2019-04-07,19.11,19.27,18.91,19.11,19.11,149525473.0,BNB
2019-04-08,19.08,19.09,18.07,18.11,18.11,178255322.0,BNB
2019-04-09,18.11,18.64,17.32,18.44,18.44,203380138.0,BNB
2019-04-10,18.43,18.69,18.12,18.25,18.25,180291307.0,BNB
2019-04-11,18.28,18.29,16.59,17.7,17.7,159364357.0,BNB
2019-04-12,17.69,18.63,16.81,18.43,18.43,171773153.0,BNB
2019-04-13,18.44,18.72,18.15,18.72,18.72,167393153.0,BNB
2019-04-14,18.71,20.01,18.53,19.49,19.49,189084742.0,BNB
2019-04-15,19.49,19.9,18.89,19.4,19.4,176699111.0,BNB
2019-04-16,19.39,19.86,18.79,19.83,19.83,174830781.0,BNB
2019-04-17,19.83,19.89,19.43,19.6,19.6,186563033.0,BNB
2019-04-18,19.59,22.08,19.54,22.04,22.04,376729341.0,BNB
2019-04-19,22.03,24.8,21.32,24.48,24.48,397681147.0,BNB
2019-04-20,24.52,25.53,23.96,25.01,25.01,311312465.0,BNB
2019-04-21,24.99,24.99,22.79,24.19,24.19,281288778.0,BNB
2019-04-22,24.19,24.7,23.4,23.91,23.91,254544860.0,BNB
2019-04-23,23.91,24.75,22.69,22.88,22.88,264898474.0,BNB
2019-04-24,22.85,23.17,21.41,23.13,23.13,259839246.0,BNB
2019-04-25,23.1,23.53,21.54,22.24,22.24,244068801.0,BNB
2019-04-26,22.29,23.46,21.64,22.87,22.87,253113255.0,BNB
2019-04-27,22.87,22.95,22.26,22.34,22.34,205615715.0,BNB
2019-04-28,22.35,23.04,22.3,22.9,22.9,222693167.0,BNB
2019-04-29,22.9,22.93,21.32,21.71,21.71,201243334.0,BNB
2019-04-30,21.7,22.35,21.43,22.13,22.13,190326179.0,BNB
2019-05-01,22.13,22.22,21.64,21.95,21.95,180070220.0,BNB
2019-05-02,21.95,23.96,21.83,23.59,23.59,228233321.0,BNB
2019-05-03,23.58,23.93,23.13,23.75,23.75,218859578.0,BNB
2019-05-04,23.75,23.77,22.55,22.88,22.88,193177736.0,BNB
2019-05-05,22.89,23.09,22.64,23.02,23.02,171107465.0,BNB
2019-05-06,23.02,23.02,21.62,22.21,22.21,175856219.0,BNB
2019-05-07,22.19,22.47,20.66,20.86,20.86,171922295.0,BNB
2019-05-08,20.78,21.35,19.8,20.75,20.75,247852848.0,BNB
2019-05-09,20.75,20.89,18.66,18.83,18.83,204395708.0,BNB
2019-05-10,18.8,20.01,18.47,19.6,19.6,209097573.0,BNB
2019-05-11,19.6,21.94,19.08,21.05,21.05,298063616.0,BNB
2019-05-12,21.08,21.47,20.33,20.83,20.83,239206083.0,BNB
2019-05-13,20.83,24.53,20.75,23.81,23.81,404049209.0,BNB
2019-05-14,23.89,24.48,22.94,23.63,23.63,328207184.0,BNB
2019-05-15,23.65,27.14,23.61,26.89,26.89,357899657.0,BNB
2019-05-16,26.79,27.65,25.45,26.33,26.33,368906500.0,BNB
2019-05-17,26.32,26.61,23.49,25.68,25.68,398169923.0,BNB
2019-05-18,25.68,28.42,25.28,28.4,28.4,470683583.0,BNB
2019-05-19,28.37,29.92,27.16,29.41,29.41,494423259.0,BNB
2019-05-20,29.4,29.43,28.04,29.31,29.31,457260434.0,BNB
2019-05-21,29.31,32.43,28.35,32.01,32.01,742382919.0,BNB
2019-05-22,32.03,32.22,30.98,31.42,31.42,534057314.0,BNB
2019-05-23,31.36,32.2,30.45,31.52,31.52,536619660.0,BNB
2019-05-24,31.53,34.35,31.29,33.84,33.84,648459286.0,BNB
2019-05-25,33.84,35.33,33.56,35.05,35.05,637380073.0,BNB
2019-05-26,35.05,35.08,33.23,34.1,34.1,611208603.0,BNB
2019-05-27,34.06,35.29,33.27,33.68,33.68,598117910.0,BNB
2019-05-28,33.71,34.64,32.89,33.36,33.36,516116377.0,BNB
2019-05-29,33.35,33.88,31.91,33.74,33.74,564894524.0,BNB
2019-05-30,33.78,35.5,31.48,32.29,32.29,517229670.0,BNB
2019-05-31,32.29,32.75,31.38,32.75,32.75,503989733.0,BNB
2019-06-01,32.75,33.76,32.54,33.01,33.01,572703757.0,BNB
2019-06-02,33.01,33.76,32.63,33.17,33.17,461362657.0,BNB
2019-06-03,33.19,33.2,31.2,31.39,31.39,417996141.0,BNB
2019-06-04,31.38,31.42,29.18,29.38,29.38,421064885.0,BNB
2019-06-05,29.42,31.18,29.26,31.01,31.01,464095694.0,BNB
2019-06-06,30.99,32.12,30.22,31.48,31.48,416584077.0,BNB
2019-06-07,31.47,32.18,31.34,31.59,31.59,342881981.0,BNB
2019-06-08,31.61,32.29,31.43,32.07,32.07,428041267.0,BNB
2019-06-09,32.06,32.15,30.49,30.56,30.56,336574886.0,BNB
2019-06-10,30.55,32.13,30.19,32.06,32.06,459590415.0,BNB
2019-06-11,32.07,32.32,31.4,32.26,32.26,393897650.0,BNB
2019-06-12,32.29,34.77,32.19,34.69,34.69,547786334.0,BNB
2019-06-13,34.6,36.0,34.35,35.14,35.14,512885461.0,BNB
2019-06-14,35.13,35.27,30.94,33.08,33.08,737850144.0,BNB
2019-06-15,33.06,33.96,32.37,32.83,32.83,489033316.0,BNB
2019-06-16,32.83,33.38,32.12,32.4,32.4,389404410.0,BNB
2019-06-17,32.39,34.2,32.38,33.92,33.92,439337219.0,BNB
2019-06-18,33.93,35.11,33.88,34.34,34.34,484975596.0,BNB
2019-06-19,34.36,35.68,34.36,35.29,35.29,509791357.0,BNB
2019-06-20,35.3,36.99,34.51,36.73,36.73,636578809.0,BNB
2019-06-21,36.69,38.89,36.34,38.82,38.82,438604247.0,BNB
2019-06-22,38.81,39.57,37.54,37.8,37.8,428828573.0,BNB
2019-06-23,37.83,38.34,37.03,37.13,37.13,369969675.0,BNB
2019-06-24,37.13,37.63,35.94,37.43,37.43,329001837.0,BNB
2019-06-25,37.39,37.39,35.77,36.01,36.01,293163090.0,BNB
2019-06-26,36.01,37.73,34.35,35.7,35.7,444226051.0,BNB
2019-06-27,35.73,35.83,32.76,33.82,33.82,375392571.0,BNB
2019-06-28,33.87,34.77,33.38,34.55,34.55,337534352.0,BNB
2019-06-29,34.59,35.53,33.28,35.36,35.36,369705514.0,BNB
2019-06-30,35.4,35.4,32.44,32.44,32.44,286632252.0,BNB
2019-07-01,32.44,33.93,31.69,32.92,32.92,290190904.0,BNB
2019-07-02,32.92,33.46,30.88,32.01,32.01,348029976.0,BNB
2019-07-03,32.03,33.09,31.8,32.67,32.67,248895676.0,BNB
2019-07-04,32.69,34.31,32.38,32.89,32.89,348186707.0,BNB
2019-07-05,33.0,33.64,32.45,32.71,32.71,232575483.0,BNB
2019-07-06,32.71,33.32,32.48,32.53,32.53,187247411.0,BNB
2019-07-07,32.52,33.49,32.45,33.24,33.24,198859380.0,BNB
2019-07-08,33.26,34.25,33.1,33.47,33.47,257698794.0,BNB
2019-07-09,33.47,33.95,32.53,32.71,32.71,210904381.0,BNB
2019-07-10,32.7,32.97,30.96,31.48,31.48,270511686.0,BNB
2019-07-11,31.5,31.8,28.91,29.64,29.64,251161945.0,BNB
2019-07-12,29.65,32.21,29.34,31.69,31.69,417842729.0,BNB
2019-07-13,31.71,32.39,30.51,31.51,31.51,273938893.0,BNB
2019-07-14,31.55,31.65,28.85,28.92,28.92,299523498.0,BNB
2019-07-15,28.93,29.01,27.25,28.39,28.39,384045963.0,BNB
2019-07-16,28.38,29.3,25.5,25.53,25.53,439515317.0,BNB
2019-07-17,25.52,27.95,24.9,27.22,27.22,572389804.0,BNB
2019-07-18,27.26,29.16,26.94,28.92,28.92,711895798.0,BNB
2019-07-19,28.92,29.78,28.42,29.08,29.08,483963124.0,BNB
2019-07-20,29.09,31.19,29.07,30.87,30.87,367891866.0,BNB
2019-07-21,30.92,31.31,29.64,30.52,30.52,285097789.0,BNB
2019-07-22,30.54,32.11,29.81,30.63,30.63,416965642.0,BNB
2019-07-23,30.64,30.76,29.26,29.59,29.59,324109274.0,BNB
2019-07-24,29.58,29.63,28.21,29.16,29.16,265315497.0,BNB
2019-07-25,29.13,29.55,28.7,29.0,29.0,248126220.0,BNB
2019-07-26,28.99,29.15,28.54,28.98,28.98,231263488.0,BNB
2019-07-27,28.98,29.36,27.58,27.89,27.89,191655092.0,BNB
2019-07-28,27.9,27.93,26.97,27.84,27.84,163990878.0,BNB
2019-07-29,27.81,27.88,27.04,27.2,27.2,146207596.0,BNB
2019-07-30,27.22,27.23,26.59,26.94,26.94,148410034.0,BNB
2019-07-31,26.96,27.76,26.94,27.64,27.64,202950575.0,BNB
2019-08-01,27.62,28.82,27.57,28.77,28.77,287326494.0,BNB
2019-08-02,28.78,28.78,27.82,28.04,28.04,197026849.0,BNB
2019-08-03,28.08,28.43,27.74,27.89,27.89,153702444.0,BNB
2019-08-04,27.88,28.07,27.36,27.56,27.56,136844756.0,BNB
2019-08-05,27.54,28.33,27.5,28.01,28.01,183750146.0,BNB
2019-08-06,28.04,28.43,27.35,27.64,27.64,192614971.0,BNB
2019-08-07,27.64,29.61,27.44,29.35,29.35,314659493.0,BNB
2019-08-08,29.37,31.3,29.03,30.83,30.83,404379078.0,BNB
2019-08-09,30.87,31.18,29.91,29.96,29.96,222912267.0,BNB
2019-08-10,29.94,30.05,29.17,29.68,29.68,248736115.0,BNB
2019-08-11,29.68,30.29,29.51,30.06,30.06,263951564.0,BNB
2019-08-12,30.08,30.48,29.85,30.17,30.17,278357603.0,BNB
2019-08-13,30.17,30.36,29.27,29.47,29.47,241841209.0,BNB
2019-08-14,29.46,29.47,27.1,27.11,27.11,227534067.0,BNB
2019-08-15,27.1,28.18,26.7,28.04,28.04,248072109.0,BNB
2019-08-16,28.06,28.08,26.9,27.64,27.64,203654964.0,BNB
2019-08-17,27.65,27.94,27.14,27.48,27.48,196083314.0,BNB
2019-08-18,27.49,28.1,27.18,27.93,27.93,229491438.0,BNB
2019-08-19,27.95,29.06,27.82,28.81,28.81,259250526.0,BNB
2019-08-20,28.81,28.81,28.06,28.17,28.17,209875661.0,BNB
2019-08-21,28.17,28.17,26.59,26.99,26.99,198468093.0,BNB
2019-08-22,26.99,27.45,26.43,27.09,27.09,193368565.0,BNB
2019-08-23,27.09,27.39,26.85,27.17,27.17,195437616.0,BNB
2019-08-24,27.16,27.16,26.23,26.5,26.5,164452279.0,BNB
2019-08-25,26.49,26.53,25.87,26.13,26.13,165296407.0,BNB
2019-08-26,26.14,27.08,25.86,26.11,26.11,277691463.0,BNB
2019-08-27,26.12,26.15,25.1,25.69,25.69,196715448.0,BNB
2019-08-28,25.7,26.02,23.69,23.7,23.7,206092745.0,BNB
2019-08-29,23.69,23.69,21.82,21.89,21.89,200824072.0,BNB
2019-08-30,21.89,22.62,21.64,22.22,22.22,196253457.0,BNB
2019-08-31,22.21,22.44,21.19,21.27,21.27,167589166.0,BNB
2019-09-01,21.26,21.78,21.17,21.57,21.57,173772204.0,BNB
2019-09-02,21.57,22.89,21.2,22.77,22.77,237417710.0,BNB
2019-09-03,22.76,22.93,22.37,22.51,22.51,181166380.0,BNB
2019-09-04,22.53,22.67,21.67,21.8,21.8,148909990.0,BNB
2019-09-05,21.82,23.54,21.57,22.76,22.76,259054352.0,BNB
2019-09-06,22.76,23.42,21.82,22.15,22.15,240129732.0,BNB
2019-09-07,22.14,22.67,22.07,22.55,22.55,203280778.0,BNB
2019-09-08,22.57,22.83,22.38,22.56,22.56,175027324.0,BNB
2019-09-09,22.57,22.65,21.98,22.29,22.29,155543677.0,BNB
2019-09-10,22.29,22.41,21.63,21.91,21.91,139754245.0,BNB
2019-09-11,21.91,22.04,20.77,20.9,20.9,147044918.0,BNB
2019-09-12,20.89,21.03,19.96,20.92,20.92,202313590.0,BNB
2019-09-13,20.93,21.31,20.64,20.89,20.89,171327680.0,BNB
2019-09-14,20.9,21.2,20.88,21.07,21.07,163028905.0,BNB
2019-09-15,21.07,21.13,20.6,20.6,20.6,151856190.0,BNB
2019-09-16,20.6,20.97,20.2,20.4,20.4,143466438.0,BNB
2019-09-17,20.4,21.36,20.28,21.01,21.01,209209107.0,BNB
2019-09-18,21.01,22.9,21.01,22.26,22.26,369440813.0,BNB
2019-09-19,22.24,22.49,20.63,21.61,21.61,249524457.0,BNB
2019-09-20,21.63,21.64,21.09,21.37,21.37,198988736.0,BNB
2019-09-21,21.38,21.54,20.99,21.08,21.08,175114438.0,BNB
2019-09-22,21.09,21.09,20.26,20.53,20.53,153747683.0,BNB
2019-09-23,20.53,20.53,19.47,19.49,19.49,146934616.0,BNB
2019-09-24,19.48,19.63,15.98,16.07,16.07,229488109.0,BNB
2019-09-25,16.06,16.6,15.2,16.26,16.26,179697116.0,BNB
2019-09-26,16.26,16.59,14.84,15.46,15.46,157594803.0,BNB
2019-09-27,15.46,15.82,14.93,15.79,15.79,139548409.0,BNB
2019-09-28,15.79,15.96,15.56,15.85,15.85,123900186.0,BNB
2019-09-29,15.85,15.92,15.14,15.31,15.31,109712932.0,BNB
2019-09-30,15.31,15.87,14.87,15.86,15.86,124329060.0,BNB
2019-10-01,15.88,16.29,15.78,15.9,15.9,125165660.0,BNB
2019-10-02,15.91,15.97,15.67,15.95,15.95,106103588.0,BNB
2019-10-03,15.95,16.01,15.43,15.73,15.73,117720712.0,BNB
2019-10-04,15.72,15.9,15.5,15.76,15.76,121510967.0,BNB
2019-10-05,15.75,15.8,15.47,15.72,15.72,123665931.0,BNB
2019-10-06,15.72,15.75,15.26,15.35,15.35,116659102.0,BNB
2019-10-07,15.34,16.19,15.19,16.13,16.13,147393768.0,BNB
2019-10-08,16.14,16.35,15.89,16.11,16.11,135346905.0,BNB
2019-10-09,16.11,17.97,16.01,17.81,17.81,295619362.0,BNB
2019-10-10,17.8,17.95,17.13,17.57,17.57,236960466.0,BNB
2019-10-11,17.57,17.63,16.71,16.71,16.71,194750429.0,BNB
2019-10-12,16.71,17.51,16.69,17.28,17.28,228500830.0,BNB
2019-10-13,17.26,18.76,17.18,18.31,18.31,275090600.0,BNB
2019-10-14,18.31,18.62,17.95,18.46,18.46,246674813.0,BNB
2019-10-15,18.43,19.15,18.2,18.54,18.54,325479444.0,BNB
2019-10-16,18.52,18.6,17.52,17.84,17.84,229668087.0,BNB
2019-10-17,17.84,18.76,17.71,18.57,18.57,250474297.0,BNB
2019-10-18,18.58,18.75,17.81,18.25,18.25,208244557.0,BNB
2019-10-19,18.25,18.51,17.97,18.29,18.29,211728667.0,BNB
2019-10-20,18.29,18.57,17.88,18.44,18.44,225458859.0,BNB
2019-10-21,18.46,18.51,18.06,18.31,18.31,188130462.0,BNB
2019-10-22,18.3,18.8,18.17,18.2,18.2,234929207.0,BNB
2019-10-23,18.2,18.3,16.42,16.71,16.71,201092098.0,BNB
2019-10-24,16.71,17.16,16.49,16.89,16.89,200253301.0,BNB
2019-10-25,17.07,18.91,16.48,18.62,18.62,344418867.0,BNB
2019-10-26,18.63,19.78,18.18,18.89,18.89,292124011.0,BNB
2019-10-27,18.89,19.59,18.57,19.35,19.35,292948855.0,BNB
2019-10-28,19.34,20.9,19.31,19.76,19.76,337867337.0,BNB
2019-10-29,19.81,20.92,19.7,20.48,20.48,317609149.0,BNB
2019-10-30,20.49,20.58,19.23,20.09,20.09,250293831.0,BNB
2019-10-31,20.1,20.4,19.54,20.0,20.0,250225840.0,BNB
2019-11-01,19.99,20.06,19.78,20.02,20.02,198377285.0,BNB
2019-11-02,20.02,20.4,19.86,20.27,20.27,273890077.0,BNB
2019-11-03,20.27,20.43,19.89,20.21,20.21,257571665.0,BNB
2019-11-04,20.23,20.92,20.18,20.74,20.74,296502530.0,BNB
2019-11-05,20.74,20.92,20.45,20.72,20.72,263685442.0,BNB
2019-11-06,20.72,20.92,20.28,20.82,20.82,241489967.0,BNB
2019-11-07,20.81,20.96,20.25,20.65,20.65,222003635.0,BNB
2019-11-08,20.69,20.69,19.47,19.69,19.69,184596047.0,BNB
2019-11-09,19.68,19.98,19.6,19.74,19.74,176812608.0,BNB
2019-11-10,19.73,20.63,19.73,20.48,20.48,239714467.0,BNB
2019-11-11,20.48,20.64,19.92,20.13,20.13,209454453.0,BNB
2019-11-12,20.14,20.86,20.09,20.86,20.86,227650068.0,BNB
2019-11-13,20.87,21.64,20.71,21.25,21.25,252296146.0,BNB
2019-11-14,21.28,21.51,20.97,21.26,21.26,237992230.0,BNB
2019-11-15,21.24,21.29,20.18,20.32,20.32,225530774.0,BNB
2019-11-16,20.32,20.63,20.09,20.28,20.28,211016745.0,BNB
2019-11-17,20.28,20.62,20.03,20.26,20.26,224982344.0,BNB
2019-11-18,20.34,20.43,18.94,19.32,19.32,224380017.0,BNB
2019-11-19,19.31,19.63,18.38,18.7,18.7,206923365.0,BNB
2019-11-20,18.71,18.93,17.85,18.17,18.17,210091849.0,BNB
2019-11-21,18.16,18.19,16.62,16.84,16.84,228429805.0,BNB
2019-11-22,16.84,17.27,14.69,15.58,15.58,341456273.0,BNB
2019-11-23,15.58,16.47,15.15,16.42,16.42,255961051.0,BNB
2019-11-24,16.4,16.49,15.28,15.28,15.28,232363837.0,BNB
2019-11-25,15.29,15.74,14.2,15.27,15.27,242510343.0,BNB
2019-11-26,15.27,15.86,15.23,15.53,15.53,205893350.0,BNB
2019-11-27,15.49,16.2,14.94,16.1,16.1,255021617.0,BNB
2019-11-28,16.1,16.23,15.65,15.68,15.68,194516396.0,BNB
2019-11-29,15.68,16.34,15.65,16.27,16.27,250074234.0,BNB
2019-11-30,16.26,16.37,15.54,15.72,15.72,213428130.0,BNB
2019-12-01,15.74,15.74,15.05,15.5,15.5,203268416.0,BNB
2019-12-02,15.51,15.71,15.15,15.19,15.19,200809248.0,BNB
2019-12-03,15.19,15.55,15.05,15.31,15.31,219927265.0,BNB
2019-12-04,15.35,15.69,15.01,15.28,15.28,237605470.0,BNB
2019-12-05,15.26,16.08,14.95,15.76,15.76,255410907.0,BNB
2019-12-06,15.77,15.86,15.45,15.71,15.71,236694081.0,BNB
2019-12-07,15.7,15.85,15.63,15.67,15.67,242693199.0,BNB
2019-12-08,15.66,15.85,15.51,15.67,15.67,223721642.0,BNB
2019-12-09,15.67,15.85,15.35,15.45,15.45,209955475.0,BNB
2019-12-10,15.44,15.47,14.78,14.96,14.96,192615786.0,BNB
2019-12-11,14.95,15.12,14.71,14.82,14.82,170909630.0,BNB
2019-12-12,14.82,14.9,14.56,14.82,14.82,165964329.0,BNB
2019-12-13,14.82,15.0,14.74,14.88,14.88,177476226.0,BNB
2019-12-14,14.88,15.01,14.37,14.51,14.51,173092732.0,BNB
2019-12-15,14.51,14.57,14.19,14.49,14.49,167670329.0,BNB
2019-12-16,14.49,14.53,13.46,13.56,13.56,178952097.0,BNB
2019-12-17,13.56,13.58,12.18,12.39,12.39,186995962.0,BNB
2019-12-18,12.38,13.61,12.29,13.54,13.54,234697405.0,BNB
2019-12-19,13.57,13.78,12.97,13.45,13.45,174965244.0,BNB
2019-12-20,13.46,13.59,13.23,13.57,13.57,203861104.0,BNB
2019-12-21,13.57,13.58,13.33,13.38,13.38,192827533.0,BNB
2019-12-22,13.39,13.85,13.37,13.84,13.84,204111889.0,BNB
2019-12-23,13.81,14.0,13.31,13.37,13.37,159105886.0,BNB
2019-12-24,13.38,13.77,13.33,13.44,13.44,177372408.0,BNB
2019-12-25,13.46,13.48,13.07,13.17,13.17,152718120.0,BNB
2019-12-26,13.18,13.52,13.16,13.21,13.21,157660620.0,BNB
2019-12-27,13.21,13.44,13.12,13.36,13.36,164413385.0,BNB
2019-12-28,13.35,13.79,13.33,13.71,13.71,197525901.0,BNB
2019-12-29,13.7,14.23,13.65,14.15,14.15,225354585.0,BNB
2019-12-30,14.16,14.47,13.92,13.95,13.95,187275635.0,BNB
2019-12-31,13.95,14.1,13.65,13.73,13.73,166278253.0,BNB
2020-01-01,13.73,13.87,13.65,13.69,13.69,172980717.0,BNB
2020-01-02,13.7,13.72,12.99,13.03,13.03,156376427.0,BNB
2020-01-03,13.04,13.76,13.01,13.66,13.66,173683856.0,BNB
2020-01-04,13.67,13.92,13.56,13.89,13.89,182230373.0,BNB
2020-01-05,13.89,14.41,13.89,14.11,14.11,202552703.0,BNB
2020-01-06,14.11,15.0,14.11,14.96,14.96,224800409.0,BNB
2020-01-07,14.97,15.14,14.57,15.01,15.01,191948559.0,BNB
2020-01-08,15.02,15.24,14.34,14.6,14.6,183632221.0,BNB
2020-01-09,14.59,14.61,14.31,14.5,14.5,169699829.0,BNB
2020-01-10,14.48,15.03,14.18,15.03,15.03,200173072.0,BNB
2020-01-11,15.02,15.25,14.78,14.95,14.95,201663502.0,BNB
2020-01-12,14.95,15.47,14.87,15.32,15.32,231150157.0,BNB
2020-01-13,15.32,15.36,14.99,15.23,15.23,211785744.0,BNB
2020-01-14,15.22,16.79,15.19,16.63,16.63,299316969.0,BNB
2020-01-15,16.6,18.1,16.39,17.65,17.65,380806616.0,BNB
2020-01-16,17.65,17.66,16.44,17.08,17.08,260423403.0,BNB
2020-01-17,17.11,18.36,17.09,18.14,18.14,347229168.0,BNB
2020-01-18,18.13,18.31,17.56,17.82,17.82,257317647.0,BNB
2020-01-19,17.83,18.44,16.84,17.37,17.37,266285620.0,BNB
2020-01-20,17.39,17.55,16.86,17.33,17.33,245125918.0,BNB
2020-01-21,17.33,18.15,17.17,18.13,18.13,295922233.0,BNB
2020-01-22,18.12,18.35,17.6,17.8,17.8,237634401.0,BNB
2020-01-23,17.81,17.82,16.79,17.02,17.02,221009513.0,BNB
2020-01-24,17.03,17.4,16.49,17.05,17.05,213341614.0,BNB
2020-01-25,17.05,17.11,16.6,16.98,16.98,208315918.0,BNB
2020-01-26,16.97,17.49,16.87,17.44,17.44,248646035.0,BNB
2020-01-27,17.44,17.9,17.28,17.69,17.69,227584506.0,BNB
2020-01-28,17.68,18.12,17.5,18.12,18.12,257579474.0,BNB
2020-01-29,18.07,18.43,17.88,17.91,17.91,221674738.0,BNB
2020-01-30,17.92,18.7,17.73,18.59,18.59,264686498.0,BNB
2020-01-31,18.59,18.84,17.85,18.21,18.21,245035922.0,BNB
2020-02-01,18.2,18.57,18.07,18.22,18.22,238461925.0,BNB
2020-02-02,18.2,18.77,17.9,18.45,18.45,256209045.0,BNB
2020-02-03,18.45,18.79,18.23,18.46,18.46,227749149.0,BNB
2020-02-04,18.47,18.6,17.9,18.18,18.18,213533736.0,BNB
2020-02-05,18.2,19.41,18.17,19.22,19.22,301486499.0,BNB
2020-02-06,19.23,20.79,19.08,20.6,20.6,394704715.0,BNB
2020-02-07,20.58,22.48,20.47,22.06,22.06,485529457.0,BNB
2020-02-08,22.06,22.17,20.98,21.78,21.78,376067881.0,BNB
2020-02-09,21.76,24.31,21.75,24.31,24.31,523664695.0,BNB
2020-02-10,24.34,25.81,23.55,25.22,25.22,730144277.0,BNB
2020-02-11,25.26,25.7,24.2,25.64,25.64,567226060.0,BNB
2020-02-12,25.66,26.88,25.42,26.47,26.47,492328618.0,BNB
2020-02-13,26.46,27.12,24.76,25.44,25.44,463998187.0,BNB
2020-02-14,25.43,26.47,25.15,26.3,26.3,471534694.0,BNB
2020-02-15,26.3,26.44,23.71,24.15,24.15,454859712.0,BNB
2020-02-16,24.23,25.21,22.12,23.47,23.47,471225913.0,BNB
2020-02-17,23.42,23.55,21.69,23.55,23.55,418783807.0,BNB
2020-02-18,23.52,24.3,22.9,24.06,24.06,392689678.0,BNB
2020-02-19,24.07,24.33,22.22,22.33,22.33,298250332.0,BNB
2020-02-20,22.35,22.67,21.32,22.23,22.23,358656849.0,BNB
2020-02-21,22.19,22.76,21.87,22.18,22.18,396181351.0,BNB
2020-02-22,22.19,22.32,21.67,21.97,21.97,328794301.0,BNB
2020-02-23,21.98,22.97,21.98,22.83,22.83,439036992.0,BNB
2020-02-24,22.82,23.25,21.61,22.04,22.04,357640679.0,BNB
2020-02-25,22.14,22.14,20.2,20.34,20.34,356163892.0,BNB
2020-02-26,20.36,20.52,18.14,18.8,18.8,443909389.0,BNB
2020-02-27,18.79,19.62,17.82,19.12,19.12,406092295.0,BNB
2020-02-28,19.07,19.72,18.1,18.85,18.85,461435237.0,BNB
2020-02-29,18.95,20.18,18.88,19.58,19.58,584219366.0,BNB
2020-03-01,19.57,20.05,18.5,18.96,18.96,380913102.0,BNB
2020-03-02,19.04,20.05,18.78,19.81,19.81,428747453.0,BNB
2020-03-03,19.79,20.36,19.34,19.64,19.64,355662760.0,BNB
2020-03-04,19.66,20.23,19.59,19.96,19.96,363898093.0,BNB
2020-03-05,19.96,21.47,19.96,20.8,20.8,424802924.0,BNB
2020-03-06,20.83,21.7,20.78,21.29,21.29,449180748.0,BNB
2020-03-07,21.28,21.43,19.85,20.18,20.18,337204406.0,BNB
2020-03-08,20.21,20.29,16.96,16.97,16.97,365362954.0,BNB
2020-03-09,16.98,17.46,15.72,16.57,16.57,417649798.0,BNB
2020-03-10,16.58,17.44,16.44,16.88,16.88,360300205.0,BNB
2020-03-11,16.88,17.1,15.57,16.52,16.52,288383091.0,BNB
2020-03-12,16.53,16.56,9.52,9.6,9.6,444641539.0,BNB
2020-03-13,9.52,11.35,6.96,10.83,10.83,681143271.0,BNB
2020-03-14,10.84,11.29,9.97,10.14,10.14,301943025.0,BNB
2020-03-15,10.13,11.17,10.02,10.44,10.44,336142093.0,BNB
2020-03-16,10.43,10.43,8.68,9.39,9.39,314940366.0,BNB
2020-03-17,9.37,10.45,9.37,10.08,10.08,288591005.0,BNB
2020-03-18,10.04,10.24,9.76,10.12,10.12,264539835.0,BNB
2020-03-19,10.12,12.6,10.12,12.28,12.28,407534104.0,BNB
2020-03-20,12.28,13.62,10.74,11.88,11.88,433929424.0,BNB
2020-03-21,11.9,12.31,11.35,12.06,12.06,386174572.0,BNB
2020-03-22,12.08,12.39,11.14,11.16,11.16,308670064.0,BNB
2020-03-23,11.16,12.13,10.93,12.12,12.12,359015601.0,BNB
2020-03-24,12.12,12.57,11.85,12.4,12.4,333522129.0,BNB
2020-03-25,12.4,12.63,12.12,12.32,12.32,288895593.0,BNB
2020-03-26,12.33,13.22,12.26,13.22,13.22,299218749.0,BNB
2020-03-27,13.22,13.28,12.51,12.52,12.52,263730266.0,BNB
2020-03-28,12.53,12.53,11.82,12.19,12.19,256061862.0,BNB
2020-03-29,12.19,12.28,11.39,11.44,11.44,218854042.0,BNB
2020-03-30,11.42,12.38,11.34,12.29,12.29,305631179.0,BNB
2020-03-31,12.28,12.74,12.23,12.58,12.58,372566080.0,BNB
2020-04-01,12.58,12.74,12.06,12.74,12.74,332222983.0,BNB
2020-04-02,12.73,13.55,12.61,13.07,13.07,398592822.0,BNB
2020-04-03,13.05,13.57,13.0,13.37,13.37,406426750.0,BNB
2020-04-04,13.37,14.01,13.22,13.82,13.82,416644564.0,BNB
2020-04-05,13.82,13.97,13.47,13.73,13.73,398954313.0,BNB
2020-04-06,13.73,15.12,13.69,15.08,15.08,491814165.0,BNB
2020-04-07,15.07,15.45,14.37,14.68,14.68,452816635.0,BNB
2020-04-08,14.69,15.26,14.56,15.06,15.06,434986928.0,BNB
2020-04-09,15.07,15.18,14.76,15.06,15.06,444821352.0,BNB
2020-04-10,15.06,15.11,13.59,13.74,13.74,394331907.0,BNB
2020-04-11,13.74,14.07,13.61,13.8,13.8,364313702.0,BNB
2020-04-12,13.81,14.75,13.73,14.38,14.38,414752931.0,BNB
2020-04-13,14.4,15.05,13.72,15.03,15.03,459561236.0,BNB
2020-04-14,15.01,15.92,14.84,15.53,15.53,515331619.0,BNB
2020-04-15,15.54,15.84,14.54,14.59,14.59,425648053.0,BNB
2020-04-16,14.58,15.7,14.24,15.7,15.7,478820057.0,BNB
2020-04-17,15.7,15.94,15.35,15.74,15.74,396448352.0,BNB
2020-04-18,15.75,16.72,15.73,16.59,16.59,479760692.0,BNB
2020-04-19,16.61,16.71,16.1,16.14,16.14,402957216.0,BNB
2020-04-20,16.14,16.46,15.01,15.09,15.09,398870343.0,BNB
2020-04-21,15.06,15.49,14.88,15.21,15.21,390367736.0,BNB
2020-04-22,15.2,15.85,15.02,15.69,15.69,395820105.0,BNB
2020-04-23,15.7,16.15,15.53,16.01,16.01,446947831.0,BNB
2020-04-24,15.99,16.32,15.89,16.02,16.02,375266799.0,BNB
2020-04-25,16.01,16.42,15.96,16.31,16.31,362345239.0,BNB
2020-04-26,16.3,16.48,16.2,16.38,16.38,400076436.0,BNB
2020-04-27,16.43,16.66,16.21,16.46,16.46,389838382.0,BNB
2020-04-28,16.45,16.57,16.28,16.44,16.44,361059754.0,BNB
2020-04-29,16.45,17.55,16.37,17.49,17.49,463165164.0,BNB
2020-04-30,17.45,18.13,16.78,17.03,17.03,498015944.0,BNB
2020-05-01,17.05,17.89,17.03,17.56,17.56,453439051.0,BNB
2020-05-02,17.55,17.63,17.41,17.58,17.58,393955299.0,BNB
2020-05-03,17.58,17.8,17.03,17.13,17.13,381109060.0,BNB
2020-05-04,17.14,17.36,16.46,17.1,17.1,390548946.0,BNB
2020-05-05,17.09,17.32,16.73,16.92,16.92,358987880.0,BNB
2020-05-06,16.91,17.16,16.66,16.66,16.66,364717661.0,BNB
2020-05-07,16.66,17.29,16.35,17.01,17.01,414976837.0,BNB
2020-05-08,17.02,17.44,16.91,17.24,17.24,382131706.0,BNB
2020-05-09,17.22,17.48,16.89,16.94,16.94,365221789.0,BNB
2020-05-10,16.94,16.94,14.72,15.3,15.3,436166815.0,BNB
2020-05-11,15.34,15.49,14.28,15.1,15.1,404659512.0,BNB
2020-05-12,15.12,16.16,14.99,15.74,15.74,394508012.0,BNB
2020-05-13,15.74,16.25,15.72,16.14,16.14,359517913.0,BNB
2020-05-14,16.14,16.54,15.92,16.36,16.36,388231861.0,BNB
2020-05-15,16.35,16.45,15.65,15.75,15.75,340889407.0,BNB
2020-05-16,15.75,16.23,15.65,16.05,16.05,339913391.0,BNB
2020-05-17,16.03,16.48,16.03,16.31,16.31,329675186.0,BNB
2020-05-18,16.32,16.84,16.28,16.64,16.64,337613742.0,BNB
2020-05-19,16.64,17.15,16.37,17.15,17.15,351679091.0,BNB
2020-05-20,17.14,17.32,16.66,16.89,16.89,305581859.0,BNB
2020-05-21,16.89,17.04,15.79,16.12,16.12,283593221.0,BNB
2020-05-22,16.13,16.85,15.98,16.64,16.64,308017282.0,BNB
2020-05-23,16.63,16.83,16.36,16.59,16.59,281071630.0,BNB
2020-05-24,16.58,16.79,16.08,16.08,16.08,250849074.0,BNB
2020-05-25,16.07,16.42,15.96,16.4,16.4,295250982.0,BNB
2020-05-26,16.41,16.49,16.05,16.21,16.21,264787792.0,BNB
2020-05-27,16.21,16.56,16.18,16.49,16.49,289787287.0,BNB
2020-05-28,16.5,17.12,16.47,17.06,17.06,307231706.0,BNB
2020-05-29,17.08,17.23,16.72,17.04,17.04,302410995.0,BNB
2020-05-30,17.04,17.76,16.96,17.74,17.74,330991077.0,BNB
2020-05-31,17.74,18.11,16.92,17.04,17.04,306613468.0,BNB
2020-06-01,17.07,18.0,17.01,17.91,17.91,343444956.0,BNB
2020-06-02,17.92,18.16,16.9,17.24,17.24,285916006.0,BNB
2020-06-03,17.23,17.62,17.1,17.55,17.55,278598569.0,BNB
2020-06-04,17.55,17.65,17.14,17.57,17.57,251564500.0,BNB
2020-06-05,17.57,17.9,17.49,17.69,17.69,264892610.0,BNB
2020-06-06,17.69,17.91,17.53,17.54,17.54,247410757.0,BNB
2020-06-07,17.54,17.65,16.96,17.45,17.45,229571455.0,BNB
2020-06-08,17.45,17.56,17.29,17.39,17.39,201873194.0,BNB
2020-06-09,17.4,17.48,17.25,17.44,17.44,203076334.0,BNB
2020-06-10,17.44,17.5,17.26,17.41,17.41,218805703.0,BNB
2020-06-11,17.41,17.52,16.21,16.31,16.31,214293278.0,BNB
2020-06-12,16.29,16.78,16.16,16.67,16.67,220884223.0,BNB
2020-06-13,16.68,16.84,16.54,16.82,16.82,217773557.0,BNB
2020-06-14,16.83,16.87,16.55,16.66,16.66,197988813.0,BNB
2020-06-15,16.66,16.68,15.63,16.38,16.38,205913863.0,BNB
2020-06-16,16.39,16.62,16.24,16.42,16.42,197512179.0,BNB
2020-06-17,16.42,16.61,16.11,16.4,16.4,190623458.0,BNB
2020-06-18,16.4,16.53,15.98,16.21,16.21,176409001.0,BNB
2020-06-19,16.21,16.29,15.9,15.91,15.91,160670034.0,BNB
2020-06-20,15.91,16.14,15.81,16.05,16.05,158722068.0,BNB
2020-06-21,16.04,16.25,15.98,16.0,16.0,151504786.0,BNB
2020-06-22,16.0,16.48,16.0,16.48,16.48,181943735.0,BNB
2020-06-23,16.47,16.5,16.26,16.42,16.42,165960946.0,BNB
2020-06-24,16.43,16.66,16.01,16.03,16.03,168239834.0,BNB
2020-06-25,16.02,16.05,15.63,15.92,15.92,143049947.0,BNB
2020-06-26,15.92,16.01,15.64,15.75,15.75,136599245.0,BNB
2020-06-27,15.75,15.9,15.08,15.19,15.19,152435706.0,BNB
2020-06-28,15.19,15.51,15.02,15.42,15.42,159817886.0,BNB
2020-06-29,15.41,15.6,15.23,15.51,15.51,167963468.0,BNB
2020-06-30,15.49,15.59,15.32,15.41,15.41,151582461.0,BNB
2020-07-01,15.41,15.88,15.35,15.83,15.83,159837868.0,BNB
2020-07-02,15.82,15.96,15.25,15.54,15.54,151839908.0,BNB
2020-07-03,15.53,15.59,15.27,15.29,15.29,138591560.0,BNB
2020-07-04,15.29,15.6,15.26,15.55,15.55,146316736.0,BNB
2020-07-05,15.55,15.63,15.25,15.48,15.48,138494209.0,BNB
2020-07-06,15.48,16.33,15.45,16.3,16.3,172232439.0,BNB
2020-07-07,16.28,16.86,16.02,16.77,16.77,196296818.0,BNB
2020-07-08,16.77,17.41,16.66,17.23,17.23,212383912.0,BNB
2020-07-09,17.24,17.44,16.57,16.88,16.88,179705380.0,BNB
2020-07-10,16.88,17.29,16.41,17.26,17.26,174222028.0,BNB
2020-07-11,17.28,17.66,17.08,17.62,17.62,186743533.0,BNB
2020-07-12,17.63,18.58,17.61,18.24,18.24,224015851.0,BNB
2020-07-13,18.24,18.89,17.77,18.41,18.41,261690866.0,BNB
2020-07-14,18.39,18.71,17.93,18.08,18.08,203397122.0,BNB
2020-07-15,18.07,18.13,17.45,17.59,17.59,169152686.0,BNB
2020-07-16,17.59,17.7,16.73,17.14,17.14,191191483.0,BNB
2020-07-17,17.14,17.48,17.02,17.08,17.08,153498441.0,BNB
2020-07-18,17.09,17.27,16.86,17.13,17.13,149402466.0,BNB
2020-07-19,17.13,18.05,16.91,17.96,17.96,213342723.0,BNB
2020-07-20,17.96,18.27,17.33,17.48,17.48,203143854.0,BNB
2020-07-21,17.47,17.95,17.41,17.72,17.72,187854335.0,BNB
2020-07-22,17.71,18.09,17.51,18.09,18.09,191909868.0,BNB
2020-07-23,18.09,18.69,18.07,18.67,18.67,220207322.0,BNB
2020-07-24,18.68,19.52,18.27,19.15,19.15,248008822.0,BNB
2020-07-25,19.16,19.98,19.14,19.78,19.78,257057784.0,BNB
2020-07-26,19.75,20.23,19.36,19.52,19.52,248581856.0,BNB
2020-07-27,19.52,20.14,18.55,19.62,19.62,325386898.0,BNB
2020-07-28,19.7,20.61,19.5,20.17,20.17,284409543.0,BNB
2020-07-29,20.19,20.37,19.86,19.9,19.9,204440431.0,BNB
2020-07-30,19.9,20.07,19.57,20.01,20.01,200436410.0,BNB
2020-07-31,19.99,20.84,19.93,20.67,20.67,229781079.0,BNB
2020-08-01,20.67,21.62,20.6,21.53,21.53,264604007.0,BNB
2020-08-02,21.55,22.02,19.97,20.94,20.94,299350525.0,BNB
2020-08-03,20.94,22.38,20.77,22.06,22.06,265708948.0,BNB
2020-08-04,22.05,22.4,21.62,22.28,22.28,241931958.0,BNB
2020-08-05,22.29,23.56,22.14,23.34,23.34,344072749.0,BNB
2020-08-06,23.32,23.33,22.57,22.71,22.71,246554660.0,BNB
2020-08-07,22.72,23.0,21.63,22.31,22.31,326409994.0,BNB
2020-08-08,22.31,22.94,21.94,22.88,22.88,236392684.0,BNB
2020-08-09,22.89,22.94,22.16,22.48,22.48,216694610.0,BNB
2020-08-10,22.48,22.84,22.28,22.61,22.61,239664308.0,BNB
2020-08-11,22.63,22.76,20.84,21.26,21.26,310846749.0,BNB
2020-08-12,21.31,22.19,20.62,21.75,21.75,256078366.0,BNB
2020-08-13,21.77,22.15,20.75,22.08,22.08,299981375.0,BNB
2020-08-14,22.08,23.36,21.7,23.07,23.07,357386066.0,BNB
2020-08-15,23.09,23.88,22.9,23.02,23.02,269746412.0,BNB
2020-08-16,23.05,23.77,22.83,23.5,23.5,271264838.0,BNB
2020-08-17,23.5,23.86,23.09,23.51,23.51,264606384.0,BNB
2020-08-18,23.49,23.68,22.58,23.07,23.07,259152684.0,BNB
2020-08-19,23.06,23.25,22.01,22.31,22.31,224754804.0,BNB
2020-08-20,22.37,23.27,22.13,23.09,23.09,240389083.0,BNB
2020-08-21,23.1,23.35,21.86,22.13,22.13,245533836.0,BNB
2020-08-22,22.12,22.24,21.46,22.24,22.24,208053380.0,BNB
2020-08-23,22.22,22.22,21.61,21.87,21.87,181970641.0,BNB
2020-08-24,21.87,22.9,21.77,22.61,22.61,192633739.0,BNB
2020-08-25,22.61,22.63,21.15,21.48,21.48,234877041.0,BNB
2020-08-26,21.47,22.48,21.34,22.28,22.28,255812853.0,BNB
2020-08-27,22.26,23.14,21.92,23.08,23.08,296206827.0,BNB
2020-08-28,23.08,23.53,22.71,23.13,23.13,260086578.0,BNB
2020-08-29,23.13,23.51,22.83,23.01,23.01,213897144.0,BNB
2020-08-30,23.01,23.84,22.96,23.64,23.64,228141192.0,BNB
2020-08-31,23.65,23.91,23.05,23.19,23.19,215511199.0,BNB
2020-09-01,23.19,25.41,22.99,24.82,24.82,450200844.0,BNB
2020-09-02,24.81,25.79,23.61,24.69,24.69,577817196.0,BNB
2020-09-03,24.7,25.51,20.52,20.62,20.62,574956638.0,BNB
2020-09-04,20.6,21.83,19.98,21.06,21.06,489923568.0,BNB
2020-09-05,21.04,21.55,18.18,19.48,19.48,399969032.0,BNB
2020-09-06,19.48,23.41,18.68,23.19,23.19,740680572.0,BNB
2020-09-07,23.19,23.51,20.27,22.39,22.39,555588377.0,BNB
2020-09-08,22.43,23.42,21.36,23.19,23.19,555422363.0,BNB
2020-09-09,23.22,24.56,22.54,24.53,24.53,456284483.0,BNB
2020-09-10,24.54,25.61,24.21,24.56,24.56,456365135.0,BNB
2020-09-11,24.56,25.73,23.08,25.45,25.45,420689466.0,BNB
2020-09-12,25.45,28.53,25.45,28.53,28.53,688007352.0,BNB
2020-09-13,28.53,32.33,28.22,31.06,31.06,1144638250.0,BNB
2020-09-14,31.1,33.49,29.17,31.18,31.18,1009392259.0,BNB
2020-09-15,31.16,31.27,26.86,27.2,27.2,861821909.0,BNB
2020-09-16,27.2,28.52,26.08,27.96,27.96,664539529.0,BNB
2020-09-17,27.93,28.84,26.14,26.99,26.99,512578970.0,BNB
2020-09-18,26.99,28.78,26.71,27.4,27.4,482149966.0,BNB
2020-09-19,27.62,27.88,26.76,27.25,27.25,331216806.0,BNB
2020-09-20,27.25,27.33,25.26,26.39,26.39,343197520.0,BNB
2020-09-21,26.43,26.7,22.55,23.27,23.27,462503298.0,BNB
2020-09-22,23.19,24.52,22.85,24.1,24.1,340023557.0,BNB
2020-09-23,24.1,24.35,22.69,22.87,22.87,306156083.0,BNB
2020-09-24,22.87,24.67,22.69,24.62,24.62,334899569.0,BNB
2020-09-25,24.63,25.11,23.88,24.68,24.68,314771614.0,BNB
2020-09-26,24.71,26.48,24.57,26.24,26.24,341846107.0,BNB
2020-09-27,26.24,26.89,25.63,26.24,26.24,307235511.0,BNB
2020-09-28,26.24,27.75,25.91,26.98,26.98,367437239.0,BNB
2020-09-29,26.99,29.02,26.98,28.85,28.85,428302897.0,BNB
2020-09-30,28.83,29.58,28.03,29.33,29.33,398597226.0,BNB
2020-10-01,29.36,29.38,26.43,27.47,27.47,433273406.0,BNB
2020-10-02,27.49,28.18,25.88,27.32,27.32,451282262.0,BNB
2020-10-03,27.32,28.39,27.17,28.27,28.27,348883342.0,BNB
2020-10-04,28.27,29.18,28.13,29.06,29.06,352002552.0,BNB
2020-10-05,29.06,29.32,28.19,28.66,28.66,303807993.0,BNB
2020-10-06,28.66,29.04,27.38,27.77,27.77,349841520.0,BNB
2020-10-07,27.77,27.94,26.96,27.76,27.76,282017891.0,BNB
2020-10-08,27.76,27.84,26.66,27.75,27.75,304551406.0,BNB
2020-10-09,27.75,28.56,27.62,28.46,28.46,319569395.0,BNB
2020-10-10,28.44,29.22,28.16,28.31,28.31,426434525.0,BNB
2020-10-11,28.38,28.74,27.96,28.56,28.56,408482938.0,BNB
2020-10-12,28.55,31.08,28.49,30.71,30.71,718406691.0,BNB
2020-10-13,30.67,31.77,30.27,30.71,30.71,600050050.0,BNB
2020-10-14,30.74,31.3,30.46,30.91,30.91,460297910.0,BNB
2020-10-15,30.89,31.57,30.5,31.3,31.3,504135679.0,BNB
2020-10-16,31.31,31.92,29.67,29.99,29.99,546849696.0,BNB
2020-10-17,30.04,30.56,29.72,30.25,30.25,377026507.0,BNB
2020-10-18,30.24,31.0,30.22,30.66,30.66,440840685.0,BNB
2020-10-19,30.66,30.66,29.86,29.93,29.93,385913100.0,BNB
2020-10-20,29.93,30.08,28.54,28.8,28.8,493774161.0,BNB
2020-10-21,28.81,30.38,28.71,29.77,29.77,510855829.0,BNB
2020-10-22,29.77,31.3,29.76,30.66,30.66,530907795.0,BNB
2020-10-23,30.66,31.16,30.1,30.63,30.63,514504829.0,BNB
2020-10-24,30.63,30.84,30.46,30.59,30.59,407454460.0,BNB
2020-10-25,30.59,30.97,29.96,30.11,30.11,391997739.0,BNB
2020-10-26,30.11,31.31,29.99,31.15,31.15,624224135.0,BNB
2020-10-27,31.15,32.35,31.0,31.64,31.64,715978374.0,BNB
2020-10-28,31.64,31.93,29.87,30.36,30.36,477279858.0,BNB
2020-10-29,30.36,30.42,29.51,29.84,29.84,426303252.0,BNB
2020-10-30,29.84,30.19,27.59,28.51,28.51,531974962.0,BNB
2020-10-31,28.51,28.89,28.17,28.43,28.43,360596997.0,BNB
2020-11-01,28.43,28.67,28.1,28.46,28.46,338657898.0,BNB
2020-11-02,28.46,29.28,27.83,27.88,27.88,390864651.0,BNB
2020-11-03,27.88,27.88,25.9,26.86,26.86,457901612.0,BNB
2020-11-04,26.86,26.96,25.97,26.93,26.93,383972479.0,BNB
2020-11-05,26.93,27.9,26.72,27.68,27.68,299236755.0,BNB
2020-11-06,27.68,29.42,27.68,29.02,29.02,343104561.0,BNB
2020-11-07,29.02,29.84,26.99,27.74,27.74,362934992.0,BNB
2020-11-08,27.74,28.69,27.51,28.31,28.31,321186881.0,BNB
2020-11-09,28.31,28.92,27.41,28.02,28.02,335957338.0,BNB
2020-11-10,28.02,28.47,27.71,28.19,28.19,310738348.0,BNB
2020-11-11,28.19,28.62,27.87,27.96,27.96,279645462.0,BNB
2020-11-12,27.96,28.16,27.35,27.61,27.61,266092376.0,BNB
2020-11-13,27.61,28.48,27.56,28.18,28.18,292737428.0,BNB
2020-11-14,28.18,28.18,27.41,27.94,27.94,254114574.0,BNB
2020-11-15,27.94,28.17,27.11,27.62,27.62,254946427.0,BNB
2020-11-16,27.62,28.18,27.5,28.06,28.06,275039274.0,BNB
2020-11-17,28.17,28.75,28.17,28.53,28.53,320321793.0,BNB
2020-11-18,28.53,28.78,27.54,28.08,28.08,327690836.0,BNB
2020-11-19,28.08,28.34,27.65,28.09,28.09,282317318.0,BNB
2020-11-20,28.09,29.27,28.09,28.89,28.89,321436881.0,BNB
2020-11-21,28.89,30.73,28.35,30.39,30.39,419204706.0,BNB
2020-11-22,30.39,31.07,29.09,29.93,29.93,426289161.0,BNB
2020-11-23,29.93,31.04,29.82,30.97,30.97,433686947.0,BNB
2020-11-24,30.97,35.11,30.85,33.8,33.8,840230024.0,BNB
2020-11-25,33.86,35.28,30.77,31.34,31.34,599500600.0,BNB
2020-11-26,31.32,31.73,26.54,28.2,28.2,659590249.0,BNB
2020-11-27,28.23,28.71,27.3,28.48,28.48,361093512.0,BNB
2020-11-28,28.47,29.62,27.99,29.14,29.14,338275296.0,BNB
2020-11-29,29.16,30.45,28.96,30.12,30.12,347773041.0,BNB
2020-11-30,30.12,31.53,29.79,31.39,31.39,389608480.0,BNB
2020-12-01,31.41,31.87,29.48,30.11,30.11,467818960.0,BNB
2020-12-02,30.15,30.91,29.75,30.3,30.3,371441750.0,BNB
2020-12-03,30.3,30.77,29.98,30.7,30.7,324897559.0,BNB
2020-12-04,30.72,31.12,28.93,29.07,29.07,362626785.0,BNB
2020-12-05,29.08,30.0,28.76,29.73,29.73,307895991.0,BNB
2020-12-06,29.73,30.13,29.1,29.54,29.54,249993855.0,BNB
2020-12-07,29.53,29.66,29.09,29.38,29.38,238972453.0,BNB
2020-12-08,29.38,29.49,27.51,27.64,27.64,323672205.0,BNB
2020-12-09,27.64,28.38,27.0,28.13,28.13,323390503.0,BNB
2020-12-10,28.13,28.24,27.43,27.7,27.7,263890749.0,BNB
2020-12-11,27.7,27.74,26.77,27.36,27.36,278060132.0,BNB
2020-12-12,27.36,28.24,27.33,28.16,28.16,238973887.0,BNB
2020-12-13,28.17,29.25,28.06,29.1,29.1,265728019.0,BNB
2020-12-14,29.11,30.17,28.69,30.03,30.03,335453985.0,BNB
2020-12-15,30.03,30.3,29.38,29.55,29.55,294288115.0,BNB
2020-12-16,29.55,30.6,29.06,30.49,30.49,347039607.0,BNB
2020-12-17,30.49,31.45,29.83,30.18,30.18,479985920.0,BNB
2020-12-18,30.18,31.18,29.7,30.94,30.94,359055461.0,BNB
2020-12-19,30.94,34.17,30.94,33.3,33.3,534843838.0,BNB
2020-12-20,33.29,35.54,32.67,34.16,34.16,583559932.0,BNB
2020-12-21,34.2,35.56,31.64,32.27,32.27,583000547.0,BNB
2020-12-22,32.2,33.76,30.59,33.48,33.48,563925549.0,BNB
2020-12-23,33.48,34.38,30.07,31.1,31.1,582613805.0,BNB
2020-12-24,31.11,32.71,30.46,32.5,32.5,488263503.0,BNB
2020-12-25,32.49,33.44,31.86,33.16,33.16,421026462.0,BNB
2020-12-26,33.17,33.95,32.6,33.48,33.48,434464850.0,BNB
2020-12-27,33.48,34.85,32.09,33.51,33.51,567285548.0,BNB
2020-12-28,33.53,35.98,33.4,35.84,35.84,611476292.0,BNB
2020-12-29,35.85,39.48,35.34,38.95,38.95,938849532.0,BNB
2020-12-30,38.95,39.16,36.9,38.14,38.14,501223200.0,BNB
2020-12-31,38.12,38.16,36.74,37.38,37.38,404140895.0,BNB
2021-01-01,37.37,38.93,37.05,37.91,37.91,459165743.0,BNB
2021-01-02,37.92,38.84,36.93,38.24,38.24,521965394.0,BNB
2021-01-03,38.25,41.61,37.82,41.15,41.15,758008613.0,BNB
2021-01-04,41.2,43.13,38.14,40.93,40.93,807877170.0,BNB
2021-01-05,40.94,41.73,38.98,41.73,41.73,644270927.0,BNB
2021-01-06,41.78,42.19,40.59,42.17,42.17,641021601.0,BNB
2021-01-07,42.2,44.47,41.5,43.45,43.45,829964769.0,BNB
2021-01-08,43.57,43.59,40.53,42.4,42.4,650561499.0,BNB
2021-01-09,42.37,44.12,41.59,43.93,43.93,590039660.0,BNB
2021-01-10,43.94,45.16,40.59,42.45,42.45,701488831.0,BNB
2021-01-11,42.47,42.48,35.17,38.37,38.37,890728693.0,BNB
2021-01-12,38.28,39.93,37.19,38.11,38.11,567249584.0,BNB
2021-01-13,38.11,40.4,37.14,40.14,40.14,542384725.0,BNB
2021-01-14,40.12,41.87,39.66,41.79,41.79,534108764.0,BNB
2021-01-15,41.79,42.41,39.1,40.92,40.92,562019412.0,BNB
2021-01-16,40.92,43.92,40.73,43.17,43.17,604218251.0,BNB
2021-01-17,43.16,46.65,41.09,45.68,45.68,664875512.0,BNB
2021-01-18,45.77,46.8,44.16,45.35,45.35,586905636.0,BNB
2021-01-19,45.34,47.1,41.94,42.79,42.79,750638729.0,BNB
2021-01-20,42.66,42.75,40.31,42.61,42.61,684094132.0,BNB
2021-01-21,42.61,42.64,38.45,38.65,38.65,621983627.0,BNB
2021-01-22,38.64,41.41,36.95,40.86,40.86,561072899.0,BNB
2021-01-23,40.87,41.85,39.59,40.82,40.82,468609052.0,BNB
2021-01-24,40.86,42.19,40.5,41.88,41.88,450486065.0,BNB
2021-01-25,41.88,43.35,40.63,41.62,41.62,507172505.0,BNB
2021-01-26,41.66,42.48,40.01,41.69,41.69,546536514.0,BNB
2021-01-27,41.76,42.05,39.73,40.99,40.99,519618043.0,BNB
2021-01-28,40.99,42.71,40.51,42.55,42.55,525149091.0,BNB
2021-01-29,42.39,44.01,41.91,42.85,42.85,651771602.0,BNB
2021-01-30,42.85,44.99,42.68,44.77,44.77,533768579.0,BNB
2021-01-31,44.8,45.71,43.43,44.28,44.28,512545443.0,BNB
2021-02-01,44.31,52.14,43.52,51.61,51.61,1256933735.0,BNB
2021-02-02,51.55,52.91,49.39,51.06,51.06,1006694242.0,BNB
2021-02-03,51.05,52.68,49.96,52.24,52.24,714000887.0,BNB
2021-02-04,52.24,57.07,51.6,55.93,55.93,940905213.0,BNB
2021-02-05,56.01,68.46,56.01,67.85,67.85,1431595318.0,BNB
2021-02-06,67.85,75.4,62.21,72.73,72.73,2114553791.0,BNB
2021-02-07,72.87,74.61,64.5,68.59,68.59,1493688264.0,BNB
2021-02-08,68.53,79.83,67.86,79.83,79.83,2133574290.0,BNB
2021-02-09,79.81,115.13,78.45,107.9,107.9,4425849540.0,BNB
2021-02-10,107.71,148.07,107.71,129.74,129.74,7000323240.0,BNB
2021-02-11,129.31,131.54,119.1,124.43,124.43,2809765027.0,BNB
2021-02-12,124.16,140.24,121.73,136.95,136.95,2981627649.0,BNB
2021-02-13,136.93,138.47,125.73,133.45,133.45,2116751635.0,BNB
2021-02-14,133.47,138.76,128.73,136.43,136.43,2312597445.0,BNB
2021-02-15,136.28,139.22,119.73,129.57,129.57,2414986848.0,BNB
2021-02-16,129.74,133.28,126.8,130.06,130.06,1925775293.0,BNB
2021-02-17,130.08,175.12,127.09,164.67,164.67,5236224271.0,BNB
2021-02-18,165.02,199.46,163.27,195.93,195.93,6110987388.0,BNB
2021-02-19,195.99,342.88,195.39,332.62,332.62,17982945189.0,BNB
2021-02-20,332.92,334.46,227.91,255.95,255.95,9680520705.0,BNB
2021-02-21,254.54,307.59,250.54,293.92,293.92,8505963718.0,BNB
2021-02-22,294.61,295.48,223.02,267.51,267.51,7885768925.0,BNB
2021-02-23,267.36,268.54,190.41,230.99,230.99,8280752930.0,BNB
2021-02-24,231.12,280.09,214.52,254.36,254.36,7154121651.0,BNB
2021-02-25,254.47,264.71,233.89,233.89,233.89,4059853073.0,BNB
2021-02-26,235.27,238.76,210.31,221.68,221.68,4167145957.0,BNB
2021-02-27,221.98,237.18,220.1,225.25,225.25,2755271254.0,BNB
2021-02-28,225.45,228.17,195.85,209.57,209.57,3129699002.0,BNB
2021-03-01,209.95,259.49,209.95,254.63,254.63,5008256560.0,BNB
2021-03-02,254.95,264.17,228.64,239.52,239.52,5882262804.0,BNB
2021-03-03,239.69,254.25,236.91,241.09,241.09,5827707430.0,BNB
2021-03-04,241.05,249.47,226.08,229.95,229.95,5580339594.0,BNB
2021-03-05,229.84,230.37,216.27,226.37,226.37,4969642573.0,BNB
2021-03-06,226.2,232.1,220.08,226.67,226.67,4489684331.0,BNB
2021-03-07,226.67,243.34,225.55,240.18,240.18,5081569246.0,BNB
2021-03-08,240.18,242.69,229.44,240.32,240.32,5016770824.0,BNB
2021-03-09,240.4,296.66,236.05,293.46,293.46,8676266998.0,BNB
2021-03-10,293.42,295.07,268.58,279.36,279.36,4544623649.0,BNB
2021-03-11,278.51,313.11,273.38,289.79,289.79,4676132221.0,BNB
2021-03-12,290.0,290.03,253.95,263.69,263.69,3960814748.0,BNB
2021-03-13,263.59,283.01,256.19,276.1,276.1,2903774859.0,BNB
2021-03-14,276.19,276.37,264.64,264.64,264.64,2044273969.0,BNB
2021-03-15,264.06,267.23,250.61,254.66,254.66,2488528409.0,BNB
2021-03-16,254.45,258.88,242.18,258.1,258.1,2425543829.0,BNB
2021-03-17,258.39,270.96,249.93,269.85,269.85,2271426252.0,BNB
2021-03-18,269.64,277.77,258.73,261.7,261.7,2445995133.0,BNB
2021-03-19,261.63,269.23,256.27,264.06,264.06,1873443829.0,BNB
2021-03-20,264.09,274.87,262.97,264.74,264.74,2004752538.0,BNB
2021-03-21,264.96,268.88,257.52,264.89,264.89,1718563710.0,BNB
2021-03-22,265.07,276.97,255.21,255.9,255.9,2323911465.0,BNB
2021-03-23,255.95,263.15,253.01,255.69,255.69,2010488139.0,BNB
2021-03-24,255.89,268.62,243.23,249.85,249.85,2385752951.0,BNB
2021-03-25,249.47,250.14,227.29,234.89,234.89,2314734091.0,BNB
2021-03-26,234.79,255.1,234.79,255.1,255.1,2099285452.0,BNB
2021-03-27,255.12,275.59,250.49,269.1,269.1,2457659539.0,BNB
2021-03-28,269.31,280.99,262.29,269.19,269.19,2527142068.0,BNB
2021-03-29,268.97,277.48,265.37,275.21,275.21,2067448660.0,BNB
2021-03-30,275.24,311.43,271.58,311.43,311.43,4039620710.0,BNB
2021-03-31,311.55,316.49,289.01,302.06,302.06,3545493415.0,BNB
2021-04-01,302.25,339.21,301.59,335.21,335.21,3718677616.0,BNB
2021-04-02,335.09,356.78,329.75,339.01,339.01,3950524038.0,BNB
2021-04-03,338.91,349.63,319.19,323.13,323.13,2953164849.0,BNB
2021-04-04,323.35,353.43,319.85,351.62,351.62,3200674445.0,BNB
2021-04-05,351.24,381.03,339.46,367.77,367.77,4073047973.0,BNB
2021-04-06,368.1,412.26,364.13,403.59,403.59,5277448222.0,BNB
2021-04-07,403.7,414.36,358.74,374.66,374.66,5976362848.0,BNB
2021-04-08,376.27,422.47,372.52,418.04,418.04,4550316562.0,BNB
2021-04-09,418.05,453.7,405.44,453.18,453.18,4701175012.0,BNB
2021-04-10,454.34,487.28,451.36,472.56,472.56,6160670396.0,BNB
2021-04-11,471.65,529.65,459.59,525.39,525.39,5697422904.0,BNB
2021-04-12,526.7,637.44,516.28,598.72,598.72,14436315724.0,BNB
2021-04-13,596.99,602.3,532.96,549.59,549.59,9433830832.0,BNB
2021-04-14,550.4,590.42,526.53,549.59,549.59,7452346447.0,BNB
2021-04-15,550.41,556.83,536.08,542.63,542.63,4608061831.0,BNB
2021-04-16,542.57,548.89,493.01,510.22,510.22,6886285728.0,BNB
2021-04-17,509.58,548.6,509.05,520.42,520.42,5195399090.0,BNB
2021-04-18,520.59,526.06,429.05,481.03,481.03,6711806048.0,BNB
2021-04-19,481.4,539.71,469.15,505.09,505.09,7141301319.0,BNB
2021-04-20,503.8,588.06,475.59,587.03,587.03,9330924061.0,BNB
2021-04-21,586.9,612.69,537.35,546.02,546.02,8456300946.0,BNB
2021-04-22,544.01,582.04,481.26,506.01,506.01,8342960848.0,BNB
2021-04-23,505.86,530.07,452.44,526.57,526.57,8893557869.0,BNB
2021-04-24,526.76,527.44,483.96,496.42,496.42,4070234639.0,BNB
2021-04-25,496.26,517.08,478.89,505.08,505.08,3419309602.0,BNB
2021-04-26,504.75,549.97,502.31,534.58,534.58,4072866874.0,BNB
2021-04-27,535.43,578.62,525.77,568.47,568.47,4050720272.0,BNB
2021-04-28,568.75,578.89,539.07,562.63,562.63,3648784688.0,BNB
2021-04-29,562.87,614.82,554.28,599.71,599.71,6585918997.0,BNB
2021-04-30,599.99,627.78,586.21,624.08,624.08,5741358048.0,BNB
2021-05-01,622.47,641.86,611.3,619.35,619.35,4065705136.0,BNB
2021-05-02,619.97,628.62,595.86,622.1,622.1,3765184550.0,BNB
2021-05-03,621.9,679.82,621.9,675.68,675.68,5274868721.0,BNB
2021-05-04,676.32,676.92,606.27,611.2,611.2,5728175230.0,BNB
2021-05-05,609.33,656.24,605.17,651.66,651.66,4248449282.0,BNB
2021-05-06,651.05,653.41,621.07,633.28,633.28,3975000210.0,BNB
2021-05-07,634.01,644.12,612.16,624.56,624.56,3658116305.0,BNB
2021-05-08,624.39,657.54,618.84,646.1,646.1,3910931714.0,BNB
2021-05-09,646.31,678.23,631.47,662.23,662.23,4321052942.0,BNB
2021-05-10,661.45,690.93,596.17,631.35,631.35,5157435388.0,BNB
2021-05-11,631.24,672.46,623.25,672.33,672.33,4865455319.0,BNB
2021-05-12,671.78,684.14,588.19,588.19,588.19,4311561442.0,BNB
2021-05-13,592.95,632.97,530.24,571.43,571.43,7417114170.0,BNB
2021-05-14,570.96,614.49,567.03,603.13,603.13,3735474447.0,BNB
2021-05-15,602.55,610.51,561.17,563.04,563.04,3480395174.0,BNB
2021-05-16,562.65,606.0,535.06,562.83,562.83,4047395255.0,BNB
2021-05-17,564.45,564.45,486.0,511.96,511.96,5123430658.0,BNB
2021-05-18,511.39,534.18,496.98,508.02,508.02,3548216901.0,BNB
2021-05-19,508.86,515.72,283.45,339.03,339.03,8779943654.0,BNB
2021-05-20,335.56,424.29,286.09,393.61,393.61,7093839295.0,BNB
2021-05-21,391.54,415.71,275.39,326.3,326.3,6291181865.0,BNB
2021-05-22,326.8,335.73,285.35,299.5,299.5,3871242831.0,BNB
2021-05-23,300.04,313.53,213.52,262.95,262.95,5336233745.0,BNB
2021-05-24,261.12,350.27,258.62,345.31,345.31,6066277282.0,BNB
2021-05-25,345.49,374.6,307.73,344.11,344.11,5656677341.0,BNB
2021-05-26,343.53,387.77,337.06,379.85,379.85,4502557689.0,BNB
2021-05-27,379.69,387.49,340.89,367.66,367.66,3965850349.0,BNB
2021-05-28,369.84,373.31,313.72,329.88,329.88,4482824807.0,BNB
2021-05-29,328.99,346.92,296.57,305.05,305.05,3070017878.0,BNB
2021-05-30,305.04,337.74,292.85,325.78,325.78,3246314972.0,BNB
2021-05-31,325.81,355.98,307.94,354.33,354.33,3865691845.0,BNB
2021-06-01,353.78,364.32,340.47,362.79,362.79,3425775257.0,BNB
2021-06-02,362.36,418.67,350.96,401.26,401.26,4486850584.0,BNB
2021-06-03,401.76,432.31,392.03,427.81,427.81,4370188399.0,BNB
2021-06-04,428.19,428.44,366.27,391.4,391.4,4951450794.0,BNB
2021-06-05,390.96,425.9,375.07,390.43,390.43,3956143113.0,BNB
2021-06-06,390.24,400.04,382.34,393.82,393.82,2101917654.0,BNB
2021-06-07,393.65,407.38,355.98,357.31,357.31,2927240961.0,BNB
2021-06-08,358.17,365.92,320.24,354.0,354.0,4491122306.0,BNB
2021-06-09,352.77,378.74,334.42,375.73,375.73,3543408535.0,BNB
2021-06-10,375.67,376.95,345.52,352.18,352.18,2505012942.0,BNB
2021-06-11,352.08,365.3,341.48,345.93,345.93,2269923677.0,BNB
2021-06-12,345.9,348.88,325.82,343.74,343.74,2146761410.0,BNB
2021-06-13,344.04,369.06,331.11,366.65,366.65,2171880358.0,BNB
2021-06-14,365.75,377.02,355.31,368.79,368.79,2271215183.0,BNB
2021-06-15,372.74,379.66,363.93,373.57,373.57,2246535807.0,BNB
2021-06-16,366.82,366.82,343.65,347.03,347.03,1626149383.0,BNB
2021-06-17,347.21,362.26,346.04,352.74,352.74,1379161855.0,BNB
2021-06-18,353.01,357.07,328.05,336.81,336.81,1613940591.0,BNB
2021-06-19,337.55,345.46,332.1,335.71,335.71,1140833815.0,BNB
2021-06-20,334.65,340.79,310.78,340.07,340.07,1756674565.0,BNB
2021-06-21,339.33,341.8,269.43,270.98,270.98,2911962314.0,BNB
2021-06-22,270.79,291.02,226.3,261.82,261.82,4089344405.0,BNB
2021-06-23,262.06,309.13,252.2,294.49,294.49,3170293549.0,BNB
2021-06-24,296.26,316.19,281.98,308.4,308.4,2323626592.0,BNB
2021-06-25,308.58,313.98,275.84,281.62,281.62,2317971592.0,BNB
2021-06-26,281.13,289.95,264.6,279.44,279.44,1921847993.0,BNB
2021-06-27,279.87,291.15,270.29,290.57,290.57,1521388055.0,BNB
2021-06-28,290.82,298.72,283.95,289.53,289.53,1722578690.0,BNB
2021-06-29,289.92,315.44,289.22,300.21,300.21,1946428384.0,BNB
2021-06-30,300.96,304.8,281.78,303.3,303.3,1903538447.0,BNB
2021-07-01,303.53,303.53,281.58,288.22,288.22,1357794785.0,BNB
2021-07-02,287.75,290.62,277.35,287.42,287.42,1133632645.0,BNB
2021-07-03,287.22,302.61,283.43,298.24,298.24,1113777296.0,BNB
2021-07-04,298.11,314.71,292.79,307.73,307.73,1387395766.0,BNB
2021-07-05,307.68,307.68,293.52,302.38,302.38,1504869976.0,BNB
2021-07-06,302.2,321.52,302.2,320.93,320.93,2203265497.0,BNB
2021-07-07,320.19,339.17,318.53,327.52,327.52,2067233169.0,BNB
2021-07-08,327.96,327.96,305.08,310.43,310.43,1883785089.0,BNB
2021-07-09,310.01,319.44,301.83,316.48,316.48,1358583890.0,BNB
2021-07-10,317.0,320.94,310.89,316.14,316.14,1179686219.0,BNB
2021-07-11,316.06,326.75,312.64,322.03,322.03,1189805384.0,BNB
2021-07-12,322.03,334.28,309.14,316.33,316.33,1614469809.0,BNB
2021-07-13,316.27,318.3,305.49,308.81,308.81,1231759805.0,BNB
2021-07-14,308.95,313.22,290.66,309.41,309.41,1646743037.0,BNB
2021-07-15,309.5,323.89,301.66,315.24,315.24,2242114046.0,BNB
2021-07-16,315.69,323.0,301.93,302.99,302.99,1688212207.0,BNB
2021-07-17,302.93,306.53,295.39,300.5,300.5,1298507379.0,BNB
2021-07-18,300.6,309.11,299.97,302.48,302.48,1254819647.0,BNB
2021-07-19,302.27,303.83,279.71,280.02,280.02,1514754520.0,BNB
2021-07-20,280.56,283.21,255.85,264.78,264.78,1819454491.0,BNB
2021-07-21,264.49,298.79,261.23,292.53,292.53,1957623339.0,BNB
2021-07-21,264.49,298.79,261.23,292.53,292.53,1957623339.0,BNB
2021-07-22,293.14,298.4,287.73,293.64,293.64,1495118543.0,BNB
2021-07-23,293.6,300.99,281.7,299.28,299.28,1849700306.0,BNB
2021-07-24,299.05,307.84,296.11,302.07,302.07,1644709273.0,BNB
2021-07-25,301.85,304.06,292.89,302.44,302.44,1351522796.0,BNB
2021-07-26,302.73,327.64,301.1,304.48,304.48,2572081527.0,BNB
2021-07-27,304.12,318.37,298.48,313.6,313.6,1870220990.0,BNB
2021-07-28,314.06,318.44,308.22,313.43,313.43,1626648048.0,BNB
2021-07-29,313.62,319.76,309.14,316.75,316.75,1384576143.0,BNB
2021-07-30,317.06,325.25,307.01,322.91,322.91,1588918307.0,BNB
2021-07-31,322.54,338.03,317.69,333.55,333.55,1717984014.0,BNB
2021-08-01,332.29,347.42,329.34,333.48,333.48,1788390754.0,BNB
2021-08-02,332.92,338.04,326.42,331.1,331.1,1348495243.0,BNB
2021-08-03,330.87,334.63,318.06,322.75,322.75,1365471562.0,BNB
2021-08-04,323.51,336.97,320.04,334.92,334.92,1279262185.0,BNB
2021-08-05,334.91,340.05,323.9,337.87,337.87,1551187442.0,BNB
2021-08-06,337.95,347.04,331.66,342.14,342.14,1623970505.0,BNB
2021-08-07,342.38,359.75,340.59,355.74,355.74,1903003765.0,BNB
2021-08-08,356.27,359.74,337.25,342.06,342.06,1547133821.0,BNB
2021-08-09,341.92,357.4,333.67,354.97,354.97,1648422571.0,BNB
2021-08-10,354.45,375.72,349.31,371.95,371.95,2150475825.0,BNB
2021-08-11,372.09,408.59,371.22,391.76,391.76,2542670895.0,BNB
2021-08-12,391.41,406.09,372.22,385.82,385.82,2217067872.0,BNB
2021-08-13,386.04,411.17,383.22,410.94,410.94,1724229834.0,BNB
2021-08-14,410.78,418.92,400.75,409.03,409.03,2023364347.0,BNB
2021-08-15,408.98,414.93,396.87,414.6,414.6,1826134191.0,BNB
2021-08-16,414.36,436.62,411.12,417.47,417.47,2620571467.0,BNB
2021-08-17,416.07,435.72,399.75,401.91,401.91,2572609791.0,BNB
2021-08-18,401.88,412.31,387.82,398.25,398.25,2288117049.0,BNB
2021-08-19,396.49,431.26,391.5,430.99,430.99,2549215331.0,BNB
2021-08-20,430.98,457.6,422.08,454.94,454.94,2451578693.0,BNB
2021-08-21,455.13,460.26,444.98,448.92,448.92,2120660727.0,BNB
2021-08-22,449.23,458.4,439.17,449.05,449.05,1826865700.0,BNB
2021-08-23,449.11,509.34,447.67,499.89,499.89,3857489743.0,BNB
2021-08-24,500.22,504.1,461.76,471.6,471.6,2978438301.0,BNB
2021-08-25,472.2,506.3,470.64,502.79,502.79,3289398272.0,BNB
2021-08-26,503.55,518.76,472.03,479.01,479.01,3277913532.0,BNB
2021-08-27,478.63,495.01,467.9,494.5,494.5,2563319586.0,BNB
2021-08-28,494.67,496.89,483.32,486.2,486.2,1676741697.0,BNB
2021-08-29,486.21,495.68,477.2,480.28,480.28,1763538464.0,BNB
2021-08-30,480.29,481.13,458.15,459.49,459.49,2007036765.0,BNB
2021-08-31,460.62,477.28,452.49,464.42,464.42,2378049327.0,BNB
2021-09-01,464.27,490.07,455.76,490.07,490.07,2303587593.0,BNB
2021-09-02,489.86,504.54,480.04,483.92,483.92,2324361979.0,BNB
2021-09-03,483.76,494.4,475.23,488.6,488.6,2051522050.0,BNB
2021-09-04,488.41,510.06,485.86,498.08,498.08,2310249697.0,BNB
2021-09-05,497.7,505.12,489.47,504.62,504.62,1899639213.0,BNB
2021-09-06,504.7,508.82,488.68,495.93,495.93,2206397359.0,BNB
2021-09-07,496.04,504.6,372.3,417.51,417.51,4471687569.0,BNB
2021-09-08,417.92,425.49,384.23,415.11,415.11,2940929033.0,BNB
2021-09-09,405.58,435.72,404.52,421.27,421.27,2392139921.0,BNB
2021-09-10,421.27,438.92,394.06,401.62,401.62,2306735738.0,BNB
2021-09-11,401.26,415.36,400.3,405.53,405.53,1567255682.0,BNB
2021-09-12,405.4,421.21,398.03,416.68,416.68,1671909230.0,BNB
2021-09-13,416.8,419.28,385.38,399.06,399.06,2194763765.0,BNB
2021-09-14,399.21,414.32,396.42,414.24,414.24,1598465255.0,BNB
2021-09-15,414.49,436.42,410.45,431.42,431.42,1838828413.0,BNB
2021-09-16,431.29,433.19,416.18,424.65,424.65,1720989872.0,BNB
2021-09-17,424.4,425.77,401.84,406.63,406.63,1516642578.0,BNB
2021-09-18,406.46,420.0,401.78,410.81,410.81,1310349980.0,BNB
2021-09-19,410.6,419.18,403.72,408.47,408.47,1243314914.0,BNB
2021-09-20,408.51,409.64,357.27,361.97,361.97,2344102081.0,BNB
2021-09-21,364.05,375.67,339.01,344.53,344.53,2045164899.0,BNB
2021-09-22,343.67,380.01,342.68,379.44,379.44,1678913732.0,BNB
2021-09-23,379.16,384.78,369.65,383.82,383.82,1576382602.0,BNB
2021-09-24,383.81,385.32,335.51,355.32,355.32,2081157732.0,BNB
2021-09-25,355.41,360.63,344.19,349.88,349.88,1388464569.0,BNB
2021-09-26,349.88,352.7,320.37,344.18,344.18,1958526740.0,BNB
2021-09-27,344.65,357.29,335.79,336.19,336.19,1507056911.0,BNB
2021-09-28,335.81,344.28,330.07,333.03,333.03,1294330920.0,BNB
2021-09-29,333.4,375.01,331.45,367.99,367.99,2385693433.0,BNB
