2017-09-20,0.16,0.19,0.15,0.19,0.19,2718640.0,LINK
2017-09-21,0.19,0.21,0.16,0.17,0.17,2126270.0,LINK
2017-09-22,0.17,0.18,0.14,0.15,0.15,1423220.0,LINK
2017-09-23,0.15,0.16,0.13,0.13,0.13,1186670.0,LINK
2017-09-24,0.13,0.19,0.13,0.17,0.17,1025740.0,LINK
2017-09-25,0.17,0.18,0.16,0.18,0.18,1021370.0,LINK
2017-09-26,0.18,0.22,0.18,0.19,0.19,1319050.0,LINK
2017-09-27,0.19,0.21,0.19,0.19,0.19,1097010.0,LINK
2017-09-28,0.19,0.28,0.19,0.24,0.24,8113680.0,LINK
2017-09-29,0.25,0.33,0.21,0.31,0.31,8896430.0,LINK
2017-09-30,0.31,0.47,0.3,0.45,0.45,23440700.0,LINK
2017-10-01,0.45,0.45,0.38,0.44,0.44,10005100.0,LINK
2017-10-02,0.44,0.44,0.36,0.36,0.36,7101340.0,LINK
2017-10-03,0.37,0.37,0.3,0.35,0.35,8211990.0,LINK
2017-10-04,0.34,0.4,0.34,0.4,0.4,7604930.0,LINK
2017-10-05,0.4,0.42,0.38,0.41,0.41,6291110.0,LINK
2017-10-06,0.41,0.49,0.4,0.48,0.48,12167500.0,LINK
2017-10-07,0.47,0.48,0.42,0.46,0.46,7408570.0,LINK
2017-10-08,0.46,0.47,0.36,0.4,0.4,7203350.0,LINK
2017-10-09,0.4,0.44,0.36,0.38,0.38,6781680.0,LINK
2017-10-10,0.38,0.43,0.36,0.41,0.41,7138890.0,LINK
2017-10-11,0.42,0.45,0.41,0.45,0.45,5477860.0,LINK
2017-10-12,0.45,0.48,0.42,0.44,0.44,8959280.0,LINK
2017-10-13,0.44,0.47,0.41,0.43,0.43,7521630.0,LINK
2017-10-14,0.43,0.46,0.39,0.39,0.39,4219350.0,LINK
2017-10-15,0.39,0.42,0.37,0.41,0.41,5135330.0,LINK
2017-10-16,0.42,0.53,0.39,0.42,0.42,12123000.0,LINK
2017-10-17,0.42,0.42,0.36,0.4,0.4,6321060.0,LINK
2017-10-18,0.4,0.4,0.33,0.37,0.37,5336930.0,LINK
2017-10-19,0.37,0.38,0.29,0.3,0.3,5812480.0,LINK
2017-10-20,0.3,0.32,0.22,0.22,0.22,7715660.0,LINK
2017-10-21,0.22,0.27,0.2,0.25,0.25,5154740.0,LINK
2017-10-22,0.26,0.29,0.25,0.26,0.26,4038780.0,LINK
2017-10-23,0.26,0.28,0.23,0.25,0.25,2972470.0,LINK
2017-10-24,0.24,0.29,0.24,0.25,0.25,3665750.0,LINK
2017-10-25,0.26,0.26,0.24,0.25,0.25,2161880.0,LINK
2017-10-26,0.25,0.25,0.22,0.23,0.23,1681240.0,LINK
2017-10-27,0.23,0.24,0.22,0.22,0.22,1419580.0,LINK
2017-10-28,0.22,0.23,0.2,0.21,0.21,1522820.0,LINK
2017-10-29,0.21,0.22,0.18,0.2,0.2,2352990.0,LINK
2017-10-30,0.2,0.21,0.2,0.21,0.21,1492410.0,LINK
2017-10-31,0.21,0.22,0.18,0.19,0.19,2251570.0,LINK
2017-11-01,0.19,0.19,0.16,0.16,0.16,3130450.0,LINK
2017-11-02,0.16,0.19,0.14,0.17,0.17,3643740.0,LINK
2017-11-03,0.16,0.19,0.16,0.17,0.17,2411460.0,LINK
2017-11-04,0.17,0.19,0.16,0.18,0.18,1757130.0,LINK
2017-11-05,0.18,0.18,0.17,0.17,0.17,1080670.0,LINK
2017-11-06,0.17,0.17,0.16,0.17,0.17,1599470.0,LINK
2017-11-07,0.17,0.18,0.16,0.18,0.18,1267510.0,LINK
2017-11-08,0.18,0.26,0.17,0.21,0.21,5493180.0,LINK
2017-11-09,0.22,0.25,0.2,0.22,0.22,3347920.0,LINK
2017-11-10,0.22,0.23,0.18,0.19,0.19,2125460.0,LINK
2017-11-11,0.19,0.2,0.17,0.18,0.18,2238980.0,LINK
2017-11-12,0.18,0.2,0.15,0.17,0.17,5455200.0,LINK
2017-11-13,0.17,0.21,0.17,0.18,0.18,2992650.0,LINK
2017-11-14,0.18,0.2,0.17,0.19,0.19,2203410.0,LINK
2017-11-15,0.19,0.19,0.18,0.19,0.19,1689780.0,LINK
2017-11-16,0.19,0.19,0.16,0.17,0.17,1766160.0,LINK
2017-11-17,0.17,0.17,0.15,0.16,0.16,2547360.0,LINK
2017-11-18,0.16,0.18,0.15,0.17,0.17,1948470.0,LINK
2017-11-19,0.17,0.17,0.16,0.16,0.16,1646620.0,LINK
2017-11-20,0.16,0.17,0.16,0.16,0.16,1916880.0,LINK
2017-11-21,0.16,0.17,0.15,0.15,0.15,1952710.0,LINK
2017-11-22,0.16,0.17,0.15,0.17,0.17,2709660.0,LINK
2017-11-23,0.17,0.19,0.16,0.16,0.16,3325760.0,LINK
2017-11-24,0.17,0.19,0.16,0.19,0.19,3763260.0,LINK
2017-11-25,0.19,0.19,0.17,0.18,0.18,2292830.0,LINK
2017-11-26,0.18,0.19,0.17,0.18,0.18,1860700.0,LINK
2017-11-27,0.18,0.19,0.17,0.18,0.18,4242550.0,LINK
2017-11-28,0.19,0.19,0.18,0.18,0.18,5251760.0,LINK
2017-11-29,0.18,0.18,0.14,0.15,0.15,5052720.0,LINK
2017-11-30,0.15,0.18,0.14,0.17,0.17,4621870.0,LINK
2017-12-01,0.17,0.18,0.16,0.18,0.18,4352980.0,LINK
2017-12-02,0.18,0.22,0.17,0.21,0.21,7396790.0,LINK
2017-12-03,0.21,0.26,0.19,0.23,0.23,8765840.0,LINK
2017-12-04,0.23,0.25,0.21,0.23,0.23,6981590.0,LINK
2017-12-05,0.23,0.31,0.22,0.31,0.31,12459200.0,LINK
2017-12-06,0.31,0.35,0.27,0.29,0.29,12387900.0,LINK
2017-12-07,0.28,0.31,0.24,0.26,0.26,6697780.0,LINK
2017-12-08,0.26,0.27,0.21,0.25,0.25,4528570.0,LINK
2017-12-09,0.24,0.27,0.23,0.24,0.24,3173600.0,LINK
2017-12-10,0.24,0.27,0.22,0.25,0.25,3142570.0,LINK
2017-12-11,0.26,0.29,0.25,0.26,0.26,7534170.0,LINK
2017-12-12,0.25,0.27,0.21,0.23,0.23,10320200.0,LINK
2017-12-13,0.23,0.29,0.22,0.26,0.26,10439800.0,LINK
2017-12-14,0.26,0.37,0.25,0.31,0.31,16021700.0,LINK
2017-12-15,0.31,0.35,0.26,0.32,0.32,13211800.0,LINK
2017-12-16,0.32,0.35,0.29,0.34,0.34,13859700.0,LINK
2017-12-17,0.34,0.44,0.34,0.42,0.42,20035600.0,LINK
2017-12-18,0.42,0.43,0.36,0.43,0.43,18220400.0,LINK
2017-12-19,0.43,0.51,0.42,0.44,0.44,13254800.0,LINK
2017-12-20,0.44,0.44,0.35,0.37,0.37,10481200.0,LINK
2017-12-21,0.38,0.47,0.37,0.42,0.42,12030600.0,LINK
2017-12-22,0.43,0.46,0.28,0.43,0.43,14979800.0,LINK
2017-12-23,0.44,0.72,0.44,0.58,0.58,24055000.0,LINK
2017-12-24,0.58,0.6,0.44,0.54,0.54,15183200.0,LINK
2017-12-25,0.55,0.58,0.49,0.5,0.5,7740550.0,LINK
2017-12-26,0.51,0.55,0.44,0.52,0.52,10452900.0,LINK
2017-12-27,0.52,0.53,0.46,0.51,0.51,6065390.0,LINK
2017-12-28,0.5,0.51,0.44,0.51,0.51,5458410.0,LINK
2017-12-29,0.51,0.52,0.46,0.49,0.49,5757530.0,LINK
2017-12-30,0.49,0.59,0.43,0.59,0.59,9126190.0,LINK
2017-12-31,0.56,0.61,0.52,0.6,0.6,9962080.0,LINK
2018-01-01,0.6,0.74,0.57,0.73,0.73,11506300.0,LINK
2018-01-02,0.73,0.76,0.59,0.67,0.67,12671100.0,LINK
2018-01-03,0.67,0.7,0.63,0.68,0.68,8620400.0,LINK
2018-01-04,0.68,1.02,0.68,0.98,0.98,24679000.0,LINK
2018-01-05,0.96,1.26,0.85,0.91,0.91,23599300.0,LINK
2018-01-06,0.96,1.19,0.94,1.06,1.06,16319300.0,LINK
2018-01-07,1.09,1.32,1.01,1.27,1.27,23308800.0,LINK
2018-01-08,1.27,1.44,1.05,1.38,1.38,25545400.0,LINK
2018-01-09,1.38,1.42,1.18,1.23,1.23,14301200.0,LINK
2018-01-10,1.24,1.26,1.09,1.19,1.19,11260700.0,LINK
2018-01-11,1.18,1.29,0.97,1.01,1.01,10009300.0,LINK
2018-01-12,1.03,1.14,0.99,1.05,1.05,9231200.0,LINK
2018-01-13,1.05,1.28,1.05,1.1,1.1,12319900.0,LINK
2018-01-14,1.11,1.15,0.94,1.01,1.01,5844480.0,LINK
2018-01-15,1.01,1.04,0.85,0.88,0.88,8351260.0,LINK
2018-01-16,0.88,0.88,0.52,0.76,0.76,8988860.0,LINK
2018-01-17,0.75,0.77,0.48,0.7,0.7,7658770.0,LINK
2018-01-18,0.7,0.82,0.69,0.74,0.74,5953820.0,LINK
2018-01-19,0.74,0.91,0.7,0.81,0.81,7383730.0,LINK
2018-01-20,0.82,1.22,0.81,1.22,1.22,13848900.0,LINK
2018-01-21,1.2,1.2,0.84,0.89,0.89,22703900.0,LINK
2018-01-22,0.91,1.02,0.73,0.8,0.8,12408600.0,LINK
2018-01-23,0.8,0.86,0.72,0.8,0.8,7552930.0,LINK
2018-01-24,0.8,0.83,0.77,0.79,0.79,6451640.0,LINK
2018-01-25,0.8,0.83,0.72,0.76,0.76,6271900.0,LINK
2018-01-26,0.76,0.79,0.68,0.71,0.71,5618280.0,LINK
2018-01-27,0.71,0.85,0.69,0.78,0.78,14915400.0,LINK
2018-01-28,0.79,0.86,0.75,0.76,0.76,9034380.0,LINK
2018-01-29,0.76,0.76,0.69,0.7,0.7,5220320.0,LINK
2018-01-30,0.7,0.7,0.56,0.6,0.6,5598540.0,LINK
2018-01-31,0.6,0.62,0.57,0.62,0.62,6957010.0,LINK
2018-02-01,0.62,0.62,0.48,0.52,0.52,6605630.0,LINK
2018-02-02,0.52,0.52,0.35,0.49,0.49,7123780.0,LINK
2018-02-03,0.5,0.54,0.45,0.52,0.52,5826330.0,LINK
2018-02-04,0.52,0.53,0.4,0.43,0.43,5171480.0,LINK
2018-02-05,0.43,0.44,0.31,0.34,0.34,4347320.0,LINK
2018-02-06,0.34,0.44,0.27,0.43,0.43,6105750.0,LINK
2018-02-07,0.43,0.44,0.37,0.38,0.38,5201810.0,LINK
2018-02-08,0.38,0.43,0.38,0.41,0.41,5285960.0,LINK
2018-02-09,0.41,0.44,0.39,0.44,0.44,3047610.0,LINK
2018-02-10,0.44,0.48,0.4,0.42,0.42,3474900.0,LINK
2018-02-11,0.42,0.44,0.38,0.42,0.42,2544010.0,LINK
2018-02-12,0.42,0.52,0.41,0.49,0.49,7646360.0,LINK
2018-02-13,0.49,0.62,0.48,0.57,0.57,30283200.0,LINK
2018-02-14,0.56,0.59,0.53,0.57,0.57,11953100.0,LINK
2018-02-15,0.57,0.58,0.53,0.57,0.57,7288970.0,LINK
2018-02-16,0.56,0.67,0.56,0.64,0.64,9385160.0,LINK
2018-02-17,0.64,0.68,0.64,0.67,0.67,8038940.0,LINK
2018-02-18,0.68,0.78,0.59,0.76,0.76,15946800.0,LINK
2018-02-19,0.76,0.88,0.71,0.77,0.77,29965000.0,LINK
2018-02-20,0.77,0.82,0.7,0.7,0.7,11664800.0,LINK
2018-02-21,0.7,0.73,0.62,0.65,0.65,7049450.0,LINK
2018-02-22,0.65,0.71,0.58,0.6,0.6,5678200.0,LINK
2018-02-23,0.6,0.68,0.57,0.67,0.67,6902820.0,LINK
2018-02-24,0.68,0.72,0.62,0.65,0.65,5582380.0,LINK
2018-02-25,0.65,0.7,0.64,0.68,0.68,5793540.0,LINK
2018-02-26,0.67,0.7,0.64,0.69,0.69,4113690.0,LINK
2018-02-27,0.69,0.74,0.68,0.72,0.72,5426840.0,LINK
2018-02-28,0.72,0.74,0.66,0.66,0.66,4943770.0,LINK
2018-03-01,0.66,0.68,0.65,0.66,0.66,3992240.0,LINK
2018-03-02,0.66,0.67,0.65,0.65,0.65,3763040.0,LINK
2018-03-03,0.65,0.67,0.62,0.63,0.63,3547810.0,LINK
2018-03-04,0.63,0.64,0.57,0.59,0.59,4243320.0,LINK
2018-03-05,0.59,0.61,0.58,0.59,0.59,4530590.0,LINK
2018-03-06,0.58,0.58,0.53,0.53,0.53,3218950.0,LINK
2018-03-07,0.53,0.57,0.46,0.52,0.52,5364650.0,LINK
2018-03-08,0.52,0.52,0.46,0.49,0.49,3397200.0,LINK
2018-03-09,0.49,0.49,0.43,0.48,0.48,3412130.0,LINK
2018-03-10,0.48,0.51,0.47,0.47,0.47,2491710.0,LINK
2018-03-11,0.47,0.52,0.45,0.51,0.51,2527380.0,LINK
2018-03-12,0.51,0.56,0.5,0.51,0.51,5513180.0,LINK
2018-03-13,0.51,0.57,0.5,0.56,0.56,4227540.0,LINK
2018-03-14,0.57,0.58,0.43,0.44,0.44,5288160.0,LINK
2018-03-15,0.44,0.44,0.4,0.42,0.42,8460960.0,LINK
2018-03-16,0.42,0.44,0.42,0.42,0.42,10271100.0,LINK
2018-03-17,0.42,0.42,0.37,0.37,0.37,9340520.0,LINK
2018-03-18,0.37,0.38,0.28,0.37,0.37,9742300.0,LINK
2018-03-19,0.37,0.39,0.35,0.38,0.38,8994920.0,LINK
2018-03-20,0.39,0.4,0.36,0.39,0.39,8897510.0,LINK
2018-03-21,0.39,0.46,0.39,0.45,0.45,12823600.0,LINK
2018-03-22,0.44,0.46,0.39,0.42,0.42,10720800.0,LINK
2018-03-23,0.42,0.43,0.38,0.41,0.41,9846940.0,LINK
2018-03-24,0.41,0.43,0.4,0.42,0.42,8999810.0,LINK
2018-03-25,0.41,0.42,0.39,0.41,0.41,8585700.0,LINK
2018-03-26,0.41,0.41,0.35,0.37,0.37,9116330.0,LINK
2018-03-27,0.37,0.37,0.34,0.34,0.34,6654480.0,LINK
2018-03-28,0.34,0.36,0.34,0.35,0.35,8432800.0,LINK
2018-03-29,0.35,0.35,0.28,0.28,0.28,8848710.0,LINK
2018-03-30,0.28,0.31,0.27,0.29,0.29,7631570.0,LINK
2018-03-31,0.29,0.3,0.28,0.28,0.28,7349410.0,LINK
2018-04-01,0.28,0.28,0.24,0.26,0.26,7962260.0,LINK
2018-04-02,0.26,0.28,0.26,0.27,0.27,7697230.0,LINK
2018-04-03,0.27,0.3,0.27,0.3,0.3,8705370.0,LINK
2018-04-04,0.3,0.3,0.27,0.29,0.29,8929810.0,LINK
2018-04-05,0.29,0.31,0.27,0.29,0.29,9738160.0,LINK
2018-04-06,0.29,0.29,0.27,0.28,0.28,7671220.0,LINK
2018-04-07,0.28,0.31,0.28,0.3,0.3,8668510.0,LINK
2018-04-08,0.31,0.33,0.3,0.33,0.33,10058800.0,LINK
2018-04-09,0.33,0.34,0.3,0.31,0.31,9020550.0,LINK
2018-04-10,0.32,0.36,0.31,0.36,0.36,9540080.0,LINK
2018-04-11,0.36,0.38,0.35,0.36,0.36,10603500.0,LINK
2018-04-12,0.36,0.39,0.34,0.39,0.39,11536600.0,LINK
2018-04-13,0.39,0.42,0.37,0.38,0.38,11271600.0,LINK
2018-04-14,0.38,0.42,0.37,0.39,0.39,9167990.0,LINK
2018-04-15,0.39,0.43,0.39,0.42,0.42,10745200.0,LINK
2018-04-16,0.42,0.43,0.4,0.41,0.41,9864350.0,LINK
2018-04-17,0.41,0.44,0.41,0.42,0.42,11459000.0,LINK
2018-04-18,0.42,0.45,0.42,0.45,0.45,11779200.0,LINK
2018-04-19,0.45,0.48,0.45,0.48,0.48,12987800.0,LINK
2018-04-20,0.48,0.49,0.46,0.48,0.48,12657700.0,LINK
2018-04-21,0.48,0.49,0.44,0.49,0.49,13561900.0,LINK
2018-04-22,0.49,0.51,0.48,0.5,0.5,12728200.0,LINK
2018-04-23,0.5,0.51,0.49,0.49,0.49,13159300.0,LINK
2018-04-24,0.49,0.54,0.49,0.54,0.54,14352600.0,LINK
2018-04-25,0.53,0.53,0.42,0.43,0.43,11093000.0,LINK
2018-04-26,0.44,0.49,0.43,0.49,0.49,9472480.0,LINK
2018-04-27,0.49,0.49,0.45,0.45,0.45,9550110.0,LINK
2018-04-28,0.45,0.49,0.45,0.48,0.48,11109500.0,LINK
2018-04-29,0.48,0.52,0.48,0.52,0.52,13234600.0,LINK
2018-04-30,0.52,0.6,0.5,0.54,0.54,16614200.0,LINK
2018-05-01,0.55,0.56,0.51,0.55,0.55,11765500.0,LINK
2018-05-02,0.55,0.58,0.54,0.56,0.56,12012700.0,LINK
2018-05-03,0.57,0.58,0.55,0.57,0.57,12504300.0,LINK
2018-05-04,0.57,0.6,0.55,0.58,0.58,9514950.0,LINK
2018-05-05,0.58,0.61,0.57,0.57,0.57,8913690.0,LINK
2018-05-06,0.57,0.58,0.52,0.54,0.54,10221100.0,LINK
2018-05-07,0.54,0.58,0.52,0.57,0.57,11589100.0,LINK
2018-05-08,0.58,0.61,0.55,0.55,0.55,11448600.0,LINK
2018-05-09,0.55,0.57,0.52,0.54,0.54,8745840.0,LINK
2018-05-10,0.54,0.58,0.53,0.53,0.53,8782470.0,LINK
2018-05-11,0.53,0.54,0.46,0.47,0.47,7637640.0,LINK
2018-05-12,0.47,0.48,0.44,0.46,0.46,5915750.0,LINK
2018-05-13,0.46,0.51,0.46,0.5,0.5,7268850.0,LINK
2018-05-14,0.5,0.52,0.47,0.52,0.52,7448630.0,LINK
2018-05-15,0.52,0.54,0.5,0.5,0.5,4057270.0,LINK
2018-05-16,0.5,0.51,0.47,0.48,0.48,2304810.0,LINK
2018-05-17,0.48,0.49,0.44,0.44,0.44,1213040.0,LINK
2018-05-18,0.44,0.47,0.43,0.46,0.46,1238790.0,LINK
2018-05-19,0.46,0.47,0.45,0.45,0.45,1142290.0,LINK
2018-05-20,0.45,0.47,0.45,0.45,0.45,1025440.0,LINK
2018-05-21,0.45,0.46,0.42,0.42,0.42,1486740.0,LINK
2018-05-22,0.42,0.43,0.38,0.38,0.38,1350350.0,LINK
2018-05-23,0.38,0.38,0.33,0.35,0.35,1671040.0,LINK
2018-05-24,0.35,0.36,0.33,0.36,0.36,994366.0,LINK
2018-05-25,0.36,0.37,0.34,0.34,0.34,884160.0,LINK
2018-05-26,0.34,0.38,0.34,0.36,0.36,2132460.0,LINK
2018-05-27,0.36,0.36,0.34,0.35,0.35,1537460.0,LINK
2018-05-28,0.35,0.35,0.31,0.32,0.32,1893850.0,LINK
2018-05-29,0.32,0.35,0.31,0.35,0.35,2054720.0,LINK
2018-05-30,0.35,0.36,0.33,0.34,0.34,1887930.0,LINK
2018-05-31,0.34,0.35,0.33,0.34,0.34,1893860.0,LINK
2018-06-01,0.34,0.36,0.34,0.35,0.35,1749230.0,LINK
2018-06-02,0.35,0.37,0.35,0.37,0.37,1931240.0,LINK
2018-06-03,0.37,0.37,0.36,0.36,0.36,1784810.0,LINK
2018-06-04,0.36,0.36,0.33,0.34,0.34,1482450.0,LINK
2018-06-05,0.34,0.34,0.32,0.34,0.34,1150320.0,LINK
2018-06-06,0.34,0.34,0.32,0.33,0.33,958238.0,LINK
2018-06-07,0.33,0.33,0.3,0.31,0.31,1534880.0,LINK
2018-06-08,0.31,0.32,0.29,0.29,0.29,1653140.0,LINK
2018-06-09,0.3,0.31,0.29,0.3,0.3,980861.0,LINK
2018-06-10,0.3,0.3,0.24,0.24,0.24,1404290.0,LINK
2018-06-11,0.24,0.26,0.24,0.26,0.26,822274.0,LINK
2018-06-12,0.26,0.27,0.23,0.23,0.23,1093790.0,LINK
2018-06-13,0.23,0.23,0.2,0.21,0.21,1545500.0,LINK
2018-06-14,0.21,0.25,0.21,0.24,0.24,1224850.0,LINK
2018-06-15,0.24,0.24,0.22,0.22,0.22,420554.0,LINK
2018-06-16,0.22,0.23,0.21,0.22,0.22,491185.0,LINK
2018-06-17,0.22,0.23,0.21,0.21,0.21,659047.0,LINK
2018-06-18,0.21,0.22,0.2,0.21,0.21,649237.0,LINK
2018-06-19,0.21,0.22,0.21,0.22,0.22,636392.0,LINK
2018-06-20,0.22,0.24,0.21,0.23,0.23,1090550.0,LINK
2018-06-21,0.22,0.23,0.21,0.21,0.21,916385.0,LINK
2018-06-22,0.21,0.21,0.18,0.19,0.19,976667.0,LINK
2018-06-23,0.19,0.2,0.18,0.19,0.19,473507.0,LINK
2018-06-24,0.19,0.19,0.17,0.19,0.19,486218.0,LINK
2018-06-25,0.19,0.19,0.18,0.18,0.18,534090.0,LINK
2018-06-26,0.18,0.19,0.17,0.17,0.17,466123.0,LINK
2018-06-27,0.17,0.18,0.17,0.17,0.17,450340.0,LINK
2018-06-28,0.17,0.18,0.16,0.17,0.17,1015270.0,LINK
2018-06-29,0.17,0.18,0.16,0.18,0.18,435250.0,LINK
2018-06-30,0.18,0.23,0.18,0.23,0.23,1331670.0,LINK
2018-07-01,0.23,0.23,0.21,0.22,0.22,552528.0,LINK
2018-07-02,0.22,0.25,0.21,0.25,0.25,832198.0,LINK
2018-07-03,0.25,0.26,0.24,0.24,0.24,721174.0,LINK
2018-07-04,0.24,0.25,0.23,0.23,0.23,617233.0,LINK
2018-07-05,0.23,0.24,0.22,0.22,0.22,646977.0,LINK
2018-07-06,0.22,0.23,0.22,0.23,0.23,458131.0,LINK
2018-07-07,0.23,0.26,0.23,0.25,0.25,1712400.0,LINK
2018-07-08,0.25,0.25,0.24,0.25,0.25,497111.0,LINK
2018-07-09,0.25,0.25,0.23,0.24,0.24,575313.0,LINK
2018-07-10,0.24,0.24,0.21,0.21,0.21,584208.0,LINK
2018-07-11,0.21,0.22,0.2,0.21,0.21,531092.0,LINK
2018-07-12,0.21,0.21,0.19,0.2,0.2,598761.0,LINK
2018-07-13,0.2,0.22,0.2,0.2,0.2,776288.0,LINK
2018-07-14,0.2,0.2,0.19,0.19,0.19,499009.0,LINK
2018-07-15,0.2,0.2,0.19,0.2,0.2,398773.0,LINK
2018-07-16,0.2,0.22,0.19,0.22,0.22,696931.0,LINK
2018-07-17,0.22,0.25,0.22,0.25,0.25,849921.0,LINK
2018-07-18,0.25,0.26,0.23,0.24,0.24,913101.0,LINK
2018-07-19,0.24,0.24,0.23,0.23,0.23,684897.0,LINK
2018-07-20,0.23,0.24,0.21,0.22,0.22,583083.0,LINK
2018-07-21,0.22,0.22,0.2,0.22,0.22,987338.0,LINK
2018-07-22,0.22,0.22,0.2,0.2,0.2,877479.0,LINK
2018-07-23,0.2,0.21,0.2,0.2,0.2,751454.0,LINK
2018-07-24,0.2,0.21,0.18,0.2,0.2,1061290.0,LINK
2018-07-25,0.2,0.26,0.2,0.24,0.24,4145790.0,LINK
2018-07-26,0.25,0.28,0.24,0.25,0.25,2378590.0,LINK
2018-07-27,0.25,0.28,0.25,0.27,0.27,2030030.0,LINK
2018-07-28,0.27,0.29,0.25,0.28,0.28,1182800.0,LINK
2018-07-29,0.28,0.35,0.28,0.33,0.33,5325900.0,LINK
2018-07-30,0.33,0.36,0.29,0.32,0.32,3691130.0,LINK
2018-07-31,0.31,0.31,0.26,0.29,0.29,2272300.0,LINK
2018-08-01,0.3,0.31,0.27,0.29,0.29,1546730.0,LINK
2018-08-02,0.29,0.32,0.29,0.31,0.31,1954190.0,LINK
2018-08-03,0.31,0.31,0.27,0.28,0.28,1460180.0,LINK
2018-08-04,0.29,0.29,0.25,0.26,0.26,1284510.0,LINK
2018-08-05,0.26,0.26,0.24,0.25,0.25,866923.0,LINK
2018-08-06,0.25,0.26,0.23,0.24,0.24,723640.0,LINK
2018-08-07,0.23,0.26,0.23,0.23,0.23,1039530.0,LINK
2018-08-08,0.23,0.24,0.22,0.23,0.23,996081.0,LINK
2018-08-09,0.23,0.3,0.23,0.28,0.28,5960760.0,LINK
2018-08-10,0.28,0.31,0.27,0.27,0.27,4713140.0,LINK
2018-08-11,0.27,0.28,0.24,0.27,0.27,3237720.0,LINK
2018-08-12,0.27,0.29,0.26,0.28,0.28,2512980.0,LINK
2018-08-13,0.28,0.3,0.26,0.26,0.26,2741600.0,LINK
2018-08-14,0.26,0.27,0.23,0.27,0.27,3309590.0,LINK
2018-08-15,0.27,0.28,0.25,0.26,0.26,2353510.0,LINK
2018-08-16,0.26,0.28,0.25,0.27,0.27,1733710.0,LINK
2018-08-17,0.27,0.29,0.27,0.29,0.29,2160710.0,LINK
2018-08-18,0.29,0.3,0.26,0.27,0.27,1755680.0,LINK
2018-08-19,0.28,0.31,0.27,0.3,0.3,2567610.0,LINK
2018-08-20,0.3,0.31,0.29,0.29,0.29,1424350.0,LINK
2018-08-21,0.29,0.33,0.29,0.31,0.31,3836640.0,LINK
2018-08-22,0.31,0.35,0.3,0.31,0.31,2623480.0,LINK
2018-08-23,0.31,0.32,0.3,0.32,0.32,2108960.0,LINK
2018-08-24,0.32,0.34,0.31,0.34,0.34,1491040.0,LINK
2018-08-25,0.34,0.34,0.32,0.32,0.32,920084.0,LINK
2018-08-26,0.32,0.34,0.31,0.33,0.33,1134650.0,LINK
2018-08-27,0.33,0.34,0.32,0.34,0.34,643844.0,LINK
2018-08-28,0.34,0.34,0.33,0.34,0.34,1265750.0,LINK
2018-08-29,0.34,0.34,0.31,0.31,0.31,875125.0,LINK
2018-08-30,0.31,0.31,0.29,0.31,0.31,1329920.0,LINK
2018-08-31,0.31,0.33,0.3,0.33,0.33,1091390.0,LINK
2018-09-01,0.33,0.33,0.32,0.33,0.33,473642.0,LINK
2018-09-02,0.33,0.34,0.3,0.31,0.31,1355060.0,LINK
2018-09-03,0.31,0.31,0.29,0.3,0.3,697608.0,LINK
2018-09-04,0.31,0.31,0.29,0.3,0.3,1253120.0,LINK
2018-09-05,0.3,0.3,0.27,0.27,0.27,1648130.0,LINK
2018-09-06,0.27,0.28,0.25,0.27,0.27,1793980.0,LINK
2018-09-07,0.27,0.29,0.26,0.26,0.26,1305730.0,LINK
2018-09-08,0.26,0.28,0.24,0.24,0.24,554111.0,LINK
2018-09-09,0.24,0.26,0.23,0.24,0.24,438981.0,LINK
2018-09-10,0.24,0.25,0.24,0.25,0.25,608181.0,LINK
2018-09-11,0.25,0.27,0.24,0.26,0.26,919435.0,LINK
2018-09-12,0.26,0.27,0.25,0.25,0.25,902340.0,LINK
2018-09-13,0.25,0.28,0.25,0.27,0.27,780362.0,LINK
2018-09-14,0.27,0.27,0.26,0.27,0.27,727881.0,LINK
2018-09-15,0.27,0.28,0.27,0.27,0.27,430008.0,LINK
2018-09-16,0.27,0.28,0.26,0.27,0.27,699587.0,LINK
2018-09-17,0.27,0.28,0.26,0.27,0.27,644191.0,LINK
2018-09-18,0.27,0.31,0.27,0.29,0.29,1569640.0,LINK
2018-09-19,0.29,0.34,0.29,0.33,0.33,6164950.0,LINK
2018-09-20,0.33,0.42,0.33,0.36,0.36,26124800.0,LINK
2018-09-21,0.35,0.37,0.34,0.35,0.35,7925320.0,LINK
2018-09-22,0.35,0.35,0.32,0.34,0.34,2895180.0,LINK
2018-09-23,0.34,0.35,0.33,0.34,0.34,2458210.0,LINK
2018-09-24,0.34,0.35,0.33,0.33,0.33,1999280.0,LINK
2018-09-25,0.33,0.35,0.32,0.33,0.33,2487050.0,LINK
2018-09-26,0.33,0.38,0.32,0.35,0.35,4319900.0,LINK
2018-09-27,0.34,0.35,0.33,0.35,0.35,2188310.0,LINK
2018-09-28,0.35,0.35,0.33,0.33,0.33,1126520.0,LINK
2018-09-29,0.33,0.33,0.33,0.33,0.33,569884.0,LINK
2018-09-30,0.33,0.33,0.32,0.33,0.33,896424.0,LINK
2018-10-01,0.33,0.33,0.32,0.33,0.33,772346.0,LINK
2018-10-02,0.32,0.33,0.32,0.32,0.32,1133880.0,LINK
2018-10-03,0.32,0.32,0.31,0.31,0.31,1149830.0,LINK
2018-10-04,0.31,0.32,0.31,0.32,0.32,996871.0,LINK
2018-10-05,0.32,0.37,0.32,0.36,0.36,4114640.0,LINK
2018-10-06,0.36,0.38,0.33,0.34,0.34,4656480.0,LINK
2018-10-07,0.34,0.34,0.33,0.34,0.34,1286090.0,LINK
2018-10-08,0.34,0.35,0.33,0.34,0.34,1334080.0,LINK
2018-10-09,0.34,0.34,0.33,0.34,0.34,1409520.0,LINK
2018-10-10,0.34,0.36,0.33,0.35,0.35,2540720.0,LINK
2018-10-11,0.35,0.35,0.3,0.3,0.3,1584750.0,LINK
2018-10-12,0.3,0.31,0.3,0.31,0.31,1180340.0,LINK
2018-10-13,0.31,0.32,0.31,0.32,0.32,602792.0,LINK
2018-10-14,0.32,0.33,0.32,0.33,0.33,959805.0,LINK
2018-10-15,0.33,0.35,0.32,0.34,0.34,1787330.0,LINK
2018-10-16,0.34,0.37,0.34,0.36,0.36,2507920.0,LINK
2018-10-17,0.36,0.38,0.35,0.38,0.38,3231860.0,LINK
2018-10-18,0.38,0.4,0.37,0.38,0.38,1957950.0,LINK
2018-10-19,0.38,0.38,0.36,0.36,0.36,892791.0,LINK
2018-10-20,0.36,0.37,0.36,0.37,0.37,761786.0,LINK
2018-10-21,0.37,0.38,0.37,0.37,0.37,793981.0,LINK
2018-10-22,0.37,0.39,0.36,0.39,0.39,1903340.0,LINK
2018-10-23,0.39,0.48,0.39,0.44,0.44,10378700.0,LINK
2018-10-24,0.44,0.44,0.41,0.41,0.41,2378480.0,LINK
2018-10-25,0.41,0.44,0.4,0.44,0.44,1596200.0,LINK
2018-10-26,0.44,0.45,0.41,0.43,0.43,2274910.0,LINK
2018-10-27,0.43,0.46,0.42,0.44,0.44,1712840.0,LINK
2018-10-28,0.44,0.45,0.43,0.44,0.44,1171860.0,LINK
2018-10-29,0.44,0.44,0.4,0.42,0.42,1424720.0,LINK
2018-10-30,0.42,0.46,0.42,0.45,0.45,2879160.0,LINK
2018-10-31,0.45,0.53,0.44,0.51,0.51,7214500.0,LINK
2018-11-01,0.51,0.58,0.5,0.51,0.51,15507100.0,LINK
2018-11-02,0.52,0.52,0.5,0.5,0.5,2995750.0,LINK
2018-11-03,0.5,0.55,0.5,0.54,0.54,3484070.0,LINK
2018-11-04,0.54,0.54,0.49,0.5,0.5,2981540.0,LINK
2018-11-05,0.5,0.51,0.48,0.48,0.48,1623590.0,LINK
2018-11-06,0.48,0.49,0.46,0.48,0.48,1949590.0,LINK
2018-11-07,0.48,0.49,0.47,0.48,0.48,1232730.0,LINK
2018-11-08,0.48,0.52,0.48,0.5,0.5,3155890.0,LINK
2018-11-09,0.49,0.5,0.48,0.49,0.49,1271700.0,LINK
2018-11-10,0.49,0.53,0.49,0.52,0.52,2227350.0,LINK
2018-11-11,0.52,0.53,0.5,0.51,0.51,1026380.0,LINK
2018-11-12,0.51,0.57,0.5,0.56,0.56,3420880.0,LINK
2018-11-13,0.56,0.62,0.55,0.58,0.58,11449100.0,LINK
2018-11-14,0.58,0.61,0.49,0.55,0.55,9008150.0,LINK
2018-11-15,0.55,0.56,0.49,0.54,0.54,7177480.0,LINK
2018-11-16,0.54,0.54,0.51,0.51,0.51,4171370.0,LINK
2018-11-17,0.51,0.52,0.48,0.49,0.49,4137480.0,LINK
2018-11-18,0.49,0.53,0.48,0.52,0.52,3048070.0,LINK
2018-11-19,0.53,0.53,0.39,0.41,0.41,4749190.0,LINK
2018-11-20,0.41,0.42,0.32,0.34,0.34,4418950.0,LINK
2018-11-21,0.34,0.38,0.32,0.37,0.37,3028430.0,LINK
2018-11-22,0.37,0.38,0.34,0.34,0.34,2252920.0,LINK
2018-11-23,0.34,0.35,0.32,0.33,0.33,1661750.0,LINK
2018-11-24,0.33,0.34,0.26,0.28,0.28,1634890.0,LINK
2018-11-25,0.28,0.28,0.24,0.26,0.26,3812450.0,LINK
2018-11-26,0.26,0.28,0.24,0.28,0.28,2712730.0,LINK
2018-11-27,0.28,0.31,0.27,0.29,0.29,4308920.0,LINK
2018-11-28,0.29,0.35,0.29,0.33,0.33,3667720.0,LINK
2018-11-29,0.33,0.38,0.32,0.34,0.34,4077698.0,LINK
2018-11-30,0.34,0.39,0.31,0.32,0.32,4213313.0,LINK
2018-12-01,0.32,0.34,0.32,0.33,0.33,2359404.0,LINK
2018-12-02,0.33,0.34,0.32,0.32,0.32,1143867.0,LINK
2018-12-03,0.32,0.32,0.28,0.29,0.29,1617949.0,LINK
2018-12-04,0.29,0.31,0.28,0.29,0.29,1994609.0,LINK
2018-12-05,0.29,0.29,0.26,0.26,0.26,1554730.0,LINK
2018-12-06,0.26,0.27,0.22,0.22,0.22,2461189.0,LINK
2018-12-07,0.22,0.22,0.2,0.22,0.22,2270700.0,LINK
2018-12-08,0.22,0.24,0.21,0.23,0.23,2173230.0,LINK
2018-12-09,0.23,0.25,0.22,0.24,0.24,1430496.0,LINK
2018-12-10,0.24,0.24,0.22,0.22,0.22,815586.0,LINK
2018-12-11,0.22,0.23,0.21,0.22,0.22,923275.0,LINK
2018-12-12,0.22,0.24,0.22,0.23,0.23,1357029.0,LINK
2018-12-13,0.23,0.23,0.2,0.21,0.21,1188210.0,LINK
2018-12-14,0.21,0.21,0.2,0.2,0.2,1356091.0,LINK
2018-12-15,0.2,0.21,0.2,0.2,0.2,1292230.0,LINK
2018-12-16,0.2,0.22,0.2,0.21,0.21,1719297.0,LINK
2018-12-17,0.2,0.24,0.2,0.23,0.23,2037676.0,LINK
2018-12-18,0.23,0.27,0.23,0.27,0.27,3884846.0,LINK
2018-12-19,0.27,0.31,0.26,0.3,0.3,5660320.0,LINK
2018-12-20,0.3,0.35,0.29,0.34,0.34,9490875.0,LINK
2018-12-21,0.34,0.34,0.29,0.3,0.3,4301773.0,LINK
2018-12-22,0.3,0.31,0.29,0.31,0.31,3110686.0,LINK
2018-12-23,0.31,0.32,0.3,0.31,0.31,2828792.0,LINK
2018-12-24,0.31,0.33,0.3,0.31,0.31,3333646.0,LINK
2018-12-25,0.31,0.32,0.29,0.32,0.32,4949792.0,LINK
2018-12-26,0.32,0.32,0.3,0.31,0.31,4251937.0,LINK
2018-12-27,0.31,0.31,0.27,0.28,0.28,3696029.0,LINK
2018-12-28,0.28,0.3,0.26,0.3,0.3,3236125.0,LINK
2018-12-29,0.3,0.32,0.29,0.3,0.3,2630384.0,LINK
2018-12-30,0.3,0.31,0.3,0.3,0.3,1852487.0,LINK
2018-12-31,0.3,0.3,0.29,0.29,0.29,1427064.0,LINK
2019-01-01,0.29,0.3,0.29,0.3,0.3,1522528.0,LINK
2019-01-02,0.3,0.32,0.3,0.32,0.32,1637715.0,LINK
2019-01-03,0.32,0.37,0.32,0.37,0.37,10890273.0,LINK
2019-01-04,0.37,0.45,0.37,0.44,0.44,24652792.0,LINK
2019-01-05,0.44,0.44,0.39,0.4,0.4,13064911.0,LINK
2019-01-06,0.4,0.4,0.37,0.4,0.4,7628848.0,LINK
2019-01-07,0.4,0.41,0.37,0.38,0.38,5182374.0,LINK
2019-01-08,0.38,0.42,0.37,0.42,0.42,6481962.0,LINK
2019-01-09,0.43,0.44,0.4,0.4,0.4,8182734.0,LINK
2019-01-10,0.4,0.41,0.35,0.35,0.35,5524822.0,LINK
2019-01-11,0.35,0.46,0.35,0.44,0.44,14491940.0,LINK
2019-01-12,0.44,0.47,0.41,0.41,0.41,15375000.0,LINK
2019-01-13,0.41,0.45,0.38,0.44,0.44,9558625.0,LINK
2019-01-14,0.44,0.5,0.42,0.49,0.49,17594770.0,LINK
2019-01-15,0.49,0.56,0.47,0.52,0.52,26829916.0,LINK
2019-01-16,0.52,0.54,0.48,0.5,0.5,18011676.0,LINK
2019-01-17,0.5,0.5,0.47,0.48,0.48,11096120.0,LINK
2019-01-18,0.48,0.51,0.47,0.5,0.5,8659548.0,LINK
2019-01-19,0.5,0.5,0.48,0.49,0.49,7015260.0,LINK
2019-01-20,0.49,0.5,0.47,0.49,0.49,7018434.0,LINK
2019-01-21,0.49,0.52,0.48,0.5,0.5,9503122.0,LINK
2019-01-22,0.5,0.57,0.5,0.54,0.54,13998683.0,LINK
2019-01-23,0.54,0.55,0.51,0.51,0.51,10344545.0,LINK
2019-01-24,0.51,0.51,0.48,0.5,0.5,8538515.0,LINK
2019-01-25,0.51,0.52,0.48,0.48,0.48,8985719.0,LINK
2019-01-26,0.48,0.49,0.47,0.47,0.47,5982203.0,LINK
2019-01-27,0.47,0.47,0.43,0.43,0.43,10244607.0,LINK
2019-01-28,0.43,0.43,0.36,0.41,0.41,13461910.0,LINK
2019-01-29,0.41,0.46,0.41,0.46,0.46,18998439.0,LINK
2019-01-30,0.45,0.45,0.42,0.43,0.43,8965899.0,LINK
2019-01-31,0.43,0.44,0.39,0.39,0.39,7507124.0,LINK
2019-02-01,0.39,0.43,0.38,0.42,0.42,5696881.0,LINK
2019-02-02,0.42,0.43,0.4,0.41,0.41,4128146.0,LINK
2019-02-03,0.42,0.42,0.39,0.4,0.4,3856282.0,LINK
2019-02-04,0.4,0.41,0.39,0.39,0.39,4850155.0,LINK
2019-02-05,0.39,0.43,0.39,0.42,0.42,5865307.0,LINK
2019-02-06,0.42,0.42,0.39,0.4,0.4,5378906.0,LINK
2019-02-07,0.4,0.41,0.39,0.4,0.4,3171281.0,LINK
2019-02-08,0.4,0.44,0.4,0.44,0.44,6900023.0,LINK
2019-02-09,0.44,0.48,0.43,0.46,0.46,6382734.0,LINK
2019-02-10,0.46,0.48,0.44,0.45,0.45,7950325.0,LINK
2019-02-11,0.45,0.45,0.42,0.43,0.43,5928665.0,LINK
2019-02-12,0.43,0.43,0.42,0.43,0.43,4205374.0,LINK
2019-02-13,0.43,0.44,0.42,0.44,0.44,4517364.0,LINK
2019-02-14,0.44,0.45,0.42,0.43,0.43,3914369.0,LINK
2019-02-15,0.43,0.44,0.42,0.43,0.43,3006563.0,LINK
2019-02-16,0.43,0.44,0.43,0.44,0.44,2715140.0,LINK
2019-02-17,0.44,0.47,0.43,0.46,0.46,6623800.0,LINK
2019-02-18,0.46,0.48,0.45,0.47,0.47,6753507.0,LINK
2019-02-19,0.47,0.48,0.46,0.46,0.46,6259916.0,LINK
2019-02-20,0.46,0.47,0.45,0.47,0.47,6379429.0,LINK
2019-02-21,0.47,0.48,0.44,0.45,0.45,6437539.0,LINK
2019-02-22,0.44,0.46,0.44,0.45,0.45,4048572.0,LINK
2019-02-23,0.45,0.46,0.44,0.46,0.46,4318600.0,LINK
2019-02-24,0.46,0.46,0.4,0.41,0.41,6649844.0,LINK
2019-02-25,0.41,0.47,0.41,0.47,0.47,7817870.0,LINK
2019-02-26,0.47,0.48,0.44,0.44,0.44,6553450.0,LINK
2019-02-27,0.44,0.45,0.42,0.43,0.43,3696948.0,LINK
2019-02-28,0.43,0.45,0.42,0.43,0.43,3941978.0,LINK
2019-03-01,0.43,0.44,0.42,0.43,0.43,3667814.0,LINK
2019-03-02,0.43,0.44,0.42,0.43,0.43,2339648.0,LINK
2019-03-03,0.43,0.43,0.42,0.42,0.42,1849996.0,LINK
2019-03-04,0.42,0.43,0.4,0.41,0.41,3710144.0,LINK
2019-03-05,0.41,0.43,0.41,0.43,0.43,6561918.0,LINK
2019-03-06,0.43,0.44,0.42,0.43,0.43,4082792.0,LINK
2019-03-07,0.43,0.48,0.43,0.46,0.46,7330126.0,LINK
2019-03-08,0.46,0.51,0.46,0.47,0.47,14303157.0,LINK
2019-03-09,0.47,0.48,0.46,0.48,0.48,7457248.0,LINK
2019-03-10,0.48,0.55,0.47,0.5,0.5,14548536.0,LINK
2019-03-11,0.5,0.51,0.46,0.47,0.47,11191637.0,LINK
2019-03-12,0.47,0.51,0.46,0.49,0.49,9177232.0,LINK
2019-03-13,0.49,0.49,0.47,0.48,0.48,6203981.0,LINK
2019-03-14,0.48,0.5,0.48,0.49,0.49,10961574.0,LINK
2019-03-15,0.49,0.5,0.49,0.49,0.49,3912307.0,LINK
2019-03-16,0.49,0.5,0.48,0.49,0.49,7199554.0,LINK
2019-03-17,0.49,0.49,0.48,0.48,0.48,7196927.0,LINK
2019-03-18,0.48,0.49,0.47,0.48,0.48,3415763.0,LINK
2019-03-19,0.48,0.49,0.47,0.49,0.49,2894766.0,LINK
2019-03-20,0.49,0.49,0.48,0.49,0.49,3511170.0,LINK
2019-03-21,0.49,0.49,0.45,0.46,0.46,4652788.0,LINK
2019-03-22,0.46,0.47,0.45,0.47,0.47,3835633.0,LINK
2019-03-23,0.47,0.47,0.46,0.46,0.46,2494600.0,LINK
2019-03-24,0.46,0.46,0.45,0.46,0.46,3100039.0,LINK
2019-03-25,0.46,0.49,0.45,0.48,0.48,8467626.0,LINK
2019-03-26,0.48,0.48,0.45,0.46,0.46,6231819.0,LINK
2019-03-27,0.46,0.5,0.46,0.5,0.5,6237410.0,LINK
2019-03-28,0.5,0.52,0.49,0.5,0.5,6329644.0,LINK
2019-03-29,0.5,0.5,0.49,0.5,0.5,4239834.0,LINK
2019-03-30,0.5,0.52,0.48,0.49,0.49,3395827.0,LINK
2019-03-31,0.49,0.54,0.49,0.51,0.51,9259722.0,LINK
2019-04-01,0.51,0.56,0.5,0.56,0.56,11605650.0,LINK
2019-04-02,0.56,0.6,0.54,0.58,0.58,16414974.0,LINK
2019-04-03,0.58,0.61,0.55,0.57,0.57,13494095.0,LINK
2019-04-04,0.56,0.58,0.52,0.54,0.54,11153063.0,LINK
2019-04-05,0.54,0.58,0.54,0.58,0.58,7928035.0,LINK
2019-04-06,0.58,0.59,0.56,0.57,0.57,7641844.0,LINK
2019-04-07,0.57,0.59,0.57,0.58,0.58,6038856.0,LINK
2019-04-08,0.58,0.59,0.55,0.57,0.57,9889748.0,LINK
2019-04-09,0.57,0.57,0.53,0.53,0.53,7970929.0,LINK
2019-04-10,0.53,0.54,0.52,0.52,0.52,8226905.0,LINK
2019-04-11,0.52,0.52,0.46,0.49,0.49,7966597.0,LINK
2019-04-12,0.49,0.52,0.46,0.5,0.5,6616811.0,LINK
2019-04-13,0.5,0.54,0.49,0.54,0.54,7063056.0,LINK
2019-04-14,0.54,0.55,0.51,0.53,0.53,5680703.0,LINK
2019-04-15,0.53,0.53,0.49,0.49,0.49,6369017.0,LINK
2019-04-16,0.49,0.52,0.49,0.5,0.5,4307086.0,LINK
2019-04-17,0.5,0.51,0.49,0.5,0.5,4224360.0,LINK
2019-04-18,0.5,0.52,0.5,0.52,0.52,4816738.0,LINK
2019-04-19,0.52,0.54,0.51,0.51,0.51,5918320.0,LINK
2019-04-20,0.51,0.53,0.51,0.52,0.52,4637764.0,LINK
2019-04-21,0.52,0.52,0.48,0.5,0.5,5015659.0,LINK
2019-04-22,0.5,0.52,0.49,0.5,0.5,5966146.0,LINK
2019-04-23,0.5,0.5,0.48,0.48,0.48,6260079.0,LINK
2019-04-24,0.48,0.48,0.45,0.48,0.48,7281839.0,LINK
2019-04-25,0.48,0.5,0.44,0.45,0.45,6760468.0,LINK
2019-04-26,0.45,0.46,0.43,0.44,0.44,5505480.0,LINK
2019-04-27,0.44,0.46,0.43,0.44,0.44,3901156.0,LINK
2019-04-28,0.44,0.46,0.44,0.45,0.45,4170834.0,LINK
2019-04-29,0.45,0.45,0.43,0.43,0.43,5230685.0,LINK
2019-04-30,0.43,0.47,0.43,0.47,0.47,6117527.0,LINK
2019-05-01,0.47,0.49,0.47,0.48,0.48,4255127.0,LINK
2019-05-02,0.48,0.48,0.46,0.46,0.46,3212372.0,LINK
2019-05-03,0.46,0.52,0.46,0.51,0.51,6755513.0,LINK
2019-05-04,0.51,0.51,0.48,0.49,0.49,4501321.0,LINK
2019-05-05,0.5,0.52,0.49,0.51,0.51,4844367.0,LINK
2019-05-06,0.51,0.58,0.49,0.58,0.58,11999351.0,LINK
2019-05-07,0.58,0.61,0.54,0.54,0.54,16169094.0,LINK
2019-05-08,0.54,0.61,0.53,0.59,0.59,9757957.0,LINK
2019-05-09,0.59,0.7,0.59,0.64,0.64,23088642.0,LINK
2019-05-10,0.64,0.72,0.64,0.67,0.67,17084492.0,LINK
2019-05-11,0.67,0.73,0.65,0.68,0.68,17115294.0,LINK
2019-05-12,0.68,0.7,0.63,0.66,0.66,11180413.0,LINK
2019-05-13,0.66,0.68,0.64,0.65,0.65,10869526.0,LINK
2019-05-14,0.65,0.92,0.64,0.82,0.82,42446071.0,LINK
2019-05-15,0.83,0.88,0.79,0.85,0.85,20109176.0,LINK
2019-05-16,0.84,0.94,0.77,0.93,0.93,33573495.0,LINK
2019-05-17,0.93,0.98,0.82,0.89,0.89,39447831.0,LINK
2019-05-18,0.89,0.96,0.86,0.93,0.93,20589987.0,LINK
2019-05-19,0.94,1.04,0.93,0.99,0.99,39610667.0,LINK
2019-05-20,0.99,1.13,0.95,1.13,1.13,28566428.0,LINK
2019-05-21,1.12,1.23,1.07,1.19,1.19,98438799.0,LINK
2019-05-22,1.18,1.47,1.16,1.22,1.22,118738674.0,LINK
2019-05-23,1.22,1.36,1.17,1.34,1.34,62796580.0,LINK
2019-05-24,1.34,1.42,1.24,1.34,1.34,52112752.0,LINK
2019-05-25,1.34,1.34,1.11,1.13,1.13,52065174.0,LINK
2019-05-26,1.13,1.18,1.04,1.09,1.09,43379101.0,LINK
2019-05-27,1.09,1.27,1.09,1.21,1.21,58681257.0,LINK
2019-05-28,1.21,1.33,1.15,1.28,1.28,55908376.0,LINK
2019-05-29,1.28,1.28,1.16,1.18,1.18,41812374.0,LINK
2019-05-30,1.18,1.22,0.97,1.02,1.02,71072186.0,LINK
2019-05-31,1.02,1.05,0.96,1.02,1.02,48729261.0,LINK
2019-06-01,1.02,1.05,0.96,0.97,0.97,29166848.0,LINK
2019-06-02,0.97,1.04,0.95,1.01,1.01,23376401.0,LINK
2019-06-03,1.01,1.01,0.9,0.91,0.91,19415847.0,LINK
2019-06-04,0.91,0.93,0.86,0.88,0.88,25054879.0,LINK
2019-06-05,0.88,1.08,0.88,1.08,1.08,62912027.0,LINK
2019-06-06,1.08,1.24,1.06,1.12,1.12,74387222.0,LINK
2019-06-07,1.11,1.24,1.08,1.18,1.18,50396873.0,LINK
2019-06-08,1.18,1.2,1.14,1.15,1.15,18457927.0,LINK
2019-06-09,1.15,1.16,1.04,1.07,1.07,20498195.0,LINK
2019-06-10,1.07,1.19,1.06,1.19,1.19,25489176.0,LINK
2019-06-11,1.19,1.19,1.1,1.14,1.14,25861024.0,LINK
2019-06-12,1.14,1.16,1.11,1.14,1.14,27563661.0,LINK
2019-06-13,1.14,1.95,1.13,1.85,1.85,318719301.0,LINK
2019-06-14,1.85,1.88,1.47,1.68,1.68,344143608.0,LINK
2019-06-15,1.68,1.79,1.63,1.72,1.72,149453818.0,LINK
2019-06-16,1.72,1.78,1.62,1.67,1.67,119199288.0,LINK
2019-06-17,1.67,2.03,1.67,1.97,1.97,158900877.0,LINK
2019-06-18,1.97,2.02,1.77,1.82,1.82,117480215.0,LINK
2019-06-19,1.82,1.9,1.8,1.84,1.84,38209063.0,LINK
2019-06-20,1.84,1.88,1.69,1.77,1.77,40500785.0,LINK
2019-06-21,1.77,1.79,1.62,1.7,1.7,56871937.0,LINK
2019-06-22,1.69,1.93,1.69,1.84,1.84,65320898.0,LINK
2019-06-23,1.84,1.9,1.76,1.8,1.8,47203298.0,LINK
2019-06-24,1.8,1.88,1.79,1.86,1.86,30278024.0,LINK
2019-06-25,1.86,2.41,1.86,2.19,2.19,199041263.0,LINK
2019-06-26,2.19,2.42,2.01,2.26,2.26,179571544.0,LINK
2019-06-27,2.26,2.52,2.07,2.27,2.27,136956672.0,LINK
2019-06-28,2.27,2.98,2.17,2.96,2.96,229612906.0,LINK
2019-06-29,2.96,4.54,2.9,3.7,3.7,953804526.0,LINK
2019-06-30,3.71,4.09,3.39,3.45,3.45,434865871.0,LINK
2019-07-01,3.45,3.76,2.95,3.59,3.59,377055673.0,LINK
2019-07-02,3.59,3.82,3.23,3.65,3.65,424338055.0,LINK
2019-07-03,3.65,3.79,3.53,3.53,3.53,204354522.0,LINK
2019-07-04,3.53,3.62,3.31,3.48,3.48,178867440.0,LINK
2019-07-05,3.48,3.7,3.45,3.62,3.62,191209597.0,LINK
2019-07-06,3.63,3.63,3.46,3.48,3.48,100575086.0,LINK
2019-07-07,3.48,3.51,3.28,3.31,3.31,97053705.0,LINK
2019-07-08,3.31,3.55,3.27,3.34,3.34,111053367.0,LINK
2019-07-09,3.34,3.38,2.98,3.11,3.11,177238039.0,LINK
2019-07-10,3.11,3.22,2.88,3.12,3.12,172059405.0,LINK
2019-07-11,3.12,3.14,2.78,2.83,2.83,118728040.0,LINK
2019-07-12,2.83,3.27,2.67,3.17,3.17,162546196.0,LINK
2019-07-13,3.18,3.27,3.05,3.17,3.17,144234535.0,LINK
2019-07-14,3.17,3.24,2.78,2.79,2.79,95436163.0,LINK
2019-07-15,2.79,2.84,2.6,2.73,2.73,95812874.0,LINK
2019-07-16,2.73,2.77,2.18,2.2,2.2,82850035.0,LINK
2019-07-17,2.19,2.57,2.07,2.38,2.38,135564355.0,LINK
2019-07-18,2.38,2.79,2.35,2.68,2.68,142714502.0,LINK
2019-07-19,2.68,2.75,2.52,2.61,2.61,71363582.0,LINK
2019-07-20,2.61,2.72,2.6,2.64,2.64,67423557.0,LINK
2019-07-21,2.64,2.67,2.5,2.55,2.55,48335818.0,LINK
2019-07-22,2.55,2.59,2.4,2.43,2.43,48393920.0,LINK
2019-07-23,2.42,2.5,2.26,2.37,2.37,66520544.0,LINK
2019-07-24,2.37,2.46,2.3,2.41,2.41,78622999.0,LINK
2019-07-25,2.41,2.52,2.38,2.38,2.38,60195321.0,LINK
2019-07-26,2.38,2.43,2.35,2.4,2.4,38644891.0,LINK
2019-07-27,2.4,2.46,2.23,2.26,2.26,57981370.0,LINK
2019-07-28,2.26,2.29,2.13,2.22,2.22,37139641.0,LINK
2019-07-29,2.22,2.24,2.13,2.14,2.14,41163755.0,LINK
2019-07-30,2.14,2.18,2.01,2.09,2.09,63663045.0,LINK
2019-07-31,2.09,2.22,2.08,2.2,2.2,59937401.0,LINK
2019-08-01,2.2,2.23,2.12,2.18,2.18,46293195.0,LINK
2019-08-02,2.18,2.45,2.15,2.4,2.4,88993103.0,LINK
2019-08-03,2.4,2.72,2.34,2.43,2.43,158067999.0,LINK
2019-08-04,2.42,2.6,2.42,2.5,2.5,95419755.0,LINK
2019-08-05,2.5,2.63,2.48,2.48,2.48,87397910.0,LINK
2019-08-06,2.48,2.52,2.35,2.46,2.46,95016632.0,LINK
2019-08-07,2.46,2.49,2.37,2.39,2.39,69024403.0,LINK
2019-08-08,2.4,2.4,2.29,2.29,2.29,56631921.0,LINK
2019-08-09,2.29,2.3,2.17,2.18,2.18,49294449.0,LINK
2019-08-10,2.18,2.38,2.15,2.32,2.32,88304426.0,LINK
2019-08-11,2.32,2.47,2.28,2.4,2.4,75758083.0,LINK
2019-08-12,2.41,2.46,2.35,2.38,2.38,53991935.0,LINK
2019-08-13,2.38,2.44,2.32,2.41,2.41,61913128.0,LINK
2019-08-14,2.41,2.56,2.21,2.27,2.27,117748507.0,LINK
2019-08-15,2.28,2.43,2.22,2.41,2.41,78723315.0,LINK
2019-08-16,2.41,2.44,2.25,2.32,2.32,71099709.0,LINK
2019-08-17,2.32,2.4,2.31,2.39,2.39,45504193.0,LINK
2019-08-18,2.39,2.55,2.37,2.5,2.5,74479050.0,LINK
2019-08-19,2.5,2.59,2.45,2.51,2.51,81955471.0,LINK
2019-08-20,2.5,2.54,2.36,2.38,2.38,71968211.0,LINK
2019-08-21,2.38,2.39,2.17,2.22,2.22,94589328.0,LINK
2019-08-22,2.22,2.29,2.16,2.23,2.23,71961706.0,LINK
2019-08-23,2.23,2.31,2.19,2.25,2.25,85783320.0,LINK
2019-08-24,2.25,2.26,2.17,2.19,2.19,50546812.0,LINK
2019-08-25,2.18,2.19,2.04,2.09,2.09,59471444.0,LINK
2019-08-26,2.09,2.16,2.06,2.08,2.08,54292215.0,LINK
2019-08-27,2.08,2.16,2.03,2.11,2.11,62275880.0,LINK
2019-08-28,2.11,2.11,1.89,1.9,1.9,59193723.0,LINK
2019-08-29,1.9,1.9,1.75,1.78,1.78,83335306.0,LINK
2019-08-30,1.78,1.89,1.75,1.81,1.81,57285240.0,LINK
2019-08-31,1.8,1.85,1.75,1.79,1.79,51356762.0,LINK
2019-09-01,1.79,1.8,1.73,1.78,1.78,43571942.0,LINK
2019-09-02,1.77,1.89,1.74,1.83,1.83,63004422.0,LINK
2019-09-03,1.83,1.93,1.82,1.85,1.85,80326910.0,LINK
2019-09-04,1.85,1.86,1.75,1.79,1.79,70884788.0,LINK
2019-09-05,1.78,1.86,1.77,1.8,1.8,69409151.0,LINK
2019-09-06,1.8,1.82,1.71,1.73,1.73,72212079.0,LINK
2019-09-07,1.73,1.81,1.72,1.78,1.78,71006363.0,LINK
2019-09-08,1.78,1.9,1.78,1.83,1.83,88855920.0,LINK
2019-09-09,1.83,1.87,1.77,1.8,1.8,96518480.0,LINK
2019-09-10,1.79,1.83,1.79,1.8,1.8,66969745.0,LINK
2019-09-11,1.8,1.83,1.72,1.73,1.73,67247429.0,LINK
2019-09-12,1.74,1.75,1.68,1.71,1.71,61903495.0,LINK
2019-09-13,1.71,1.71,1.53,1.58,1.58,95116688.0,LINK
2019-09-14,1.58,1.64,1.54,1.57,1.57,82000174.0,LINK
2019-09-15,1.57,1.65,1.57,1.62,1.62,64455918.0,LINK
2019-09-16,1.62,1.64,1.55,1.58,1.58,62082506.0,LINK
2019-09-17,1.58,1.66,1.56,1.63,1.63,74897533.0,LINK
2019-09-18,1.63,1.85,1.63,1.81,1.81,112613411.0,LINK
2019-09-19,1.81,1.91,1.75,1.88,1.88,133273165.0,LINK
2019-09-20,1.88,1.88,1.77,1.83,1.83,75449475.0,LINK
2019-09-21,1.83,1.89,1.8,1.89,1.89,76844379.0,LINK
2019-09-22,1.89,1.89,1.78,1.82,1.82,63224058.0,LINK
2019-09-23,1.82,1.89,1.79,1.81,1.81,76114155.0,LINK
2019-09-24,1.81,2.06,1.59,1.74,1.74,218580527.0,LINK
2019-09-25,1.74,1.93,1.65,1.76,1.76,161634832.0,LINK
2019-09-26,1.76,1.76,1.56,1.66,1.66,112008340.0,LINK
2019-09-27,1.66,1.68,1.58,1.67,1.67,90213616.0,LINK
2019-09-28,1.67,1.71,1.66,1.69,1.69,71435513.0,LINK
2019-09-29,1.69,1.75,1.67,1.72,1.72,85120108.0,LINK
2019-09-30,1.72,1.77,1.65,1.76,1.76,84068854.0,LINK
2019-10-01,1.76,1.9,1.76,1.84,1.84,91602848.0,LINK
2019-10-02,1.84,2.02,1.83,2.02,2.02,102294409.0,LINK
2019-10-03,2.02,2.03,1.9,1.95,1.95,101098440.0,LINK
2019-10-04,1.95,2.0,1.91,1.98,1.98,77454028.0,LINK
2019-10-05,1.98,1.98,1.92,1.97,1.97,96574706.0,LINK
2019-10-06,1.97,2.27,1.96,2.19,2.19,126356581.0,LINK
2019-10-07,2.19,2.49,2.13,2.4,2.4,202190934.0,LINK
2019-10-08,2.4,2.63,2.28,2.58,2.58,224096109.0,LINK
2019-10-09,2.58,2.94,2.52,2.8,2.8,329507430.0,LINK
2019-10-10,2.81,2.81,2.5,2.64,2.64,249559325.0,LINK
2019-10-11,2.64,2.81,2.59,2.77,2.77,200123733.0,LINK
2019-10-12,2.78,2.78,2.57,2.61,2.61,120045685.0,LINK
2019-10-13,2.6,2.65,2.46,2.5,2.5,107136821.0,LINK
2019-10-14,2.5,2.67,2.47,2.54,2.54,116069815.0,LINK
2019-10-15,2.54,2.6,2.35,2.39,2.39,110301010.0,LINK
2019-10-16,2.4,2.42,2.2,2.39,2.39,158475685.0,LINK
2019-10-17,2.39,2.48,2.29,2.42,2.42,139155340.0,LINK
2019-10-18,2.42,2.51,2.34,2.36,2.36,105032862.0,LINK
2019-10-19,2.36,2.4,2.3,2.36,2.36,85270342.0,LINK
2019-10-20,2.36,2.44,2.3,2.44,2.44,86836833.0,LINK
2019-10-21,2.44,2.67,2.44,2.63,2.63,174716569.0,LINK
2019-10-22,2.63,2.82,2.58,2.61,2.61,172462583.0,LINK
2019-10-23,2.61,2.69,2.43,2.61,2.61,190350547.0,LINK
2019-10-24,2.62,2.79,2.61,2.75,2.75,175558916.0,LINK
2019-10-25,2.75,2.93,2.65,2.84,2.84,210307336.0,LINK
2019-10-26,2.84,2.99,2.67,2.75,2.75,231729602.0,LINK
2019-10-27,2.75,2.77,2.62,2.68,2.68,135864814.0,LINK
2019-10-28,2.68,2.89,2.67,2.67,2.67,157224839.0,LINK
2019-10-29,2.67,2.77,2.65,2.67,2.67,109381920.0,LINK
2019-10-30,2.67,2.68,2.53,2.62,2.62,101740209.0,LINK
2019-10-31,2.62,2.76,2.56,2.74,2.74,118140976.0,LINK
2019-11-01,2.74,2.8,2.66,2.72,2.72,118225225.0,LINK
2019-11-02,2.72,2.76,2.69,2.71,2.71,88544063.0,LINK
2019-11-03,2.71,2.72,2.65,2.67,2.67,106456374.0,LINK
2019-11-04,2.67,2.73,2.65,2.69,2.69,122384988.0,LINK
2019-11-05,2.68,2.7,2.64,2.68,2.68,119153855.0,LINK
2019-11-06,2.68,2.81,2.66,2.74,2.74,152746471.0,LINK
2019-11-07,2.74,2.75,2.63,2.69,2.69,139483617.0,LINK
2019-11-08,2.69,2.73,2.64,2.72,2.72,133302909.0,LINK
2019-11-09,2.72,2.86,2.71,2.8,2.8,152872881.0,LINK
2019-11-10,2.8,2.85,2.73,2.78,2.78,145643656.0,LINK
2019-11-11,2.78,2.78,2.69,2.75,2.75,94732321.0,LINK
2019-11-12,2.75,2.87,2.74,2.82,2.82,148585749.0,LINK
2019-11-13,2.81,3.08,2.79,3.02,3.02,209362104.0,LINK
2019-11-14,3.02,3.18,2.96,3.06,3.06,198792070.0,LINK
2019-11-15,3.06,3.08,2.86,3.04,3.04,157665192.0,LINK
2019-11-16,3.03,3.05,2.94,3.01,3.01,95813205.0,LINK
2019-11-17,3.01,3.01,2.9,2.93,2.93,99099080.0,LINK
2019-11-18,2.93,2.98,2.77,2.83,2.83,126598446.0,LINK
2019-11-19,2.82,2.86,2.61,2.76,2.76,174284232.0,LINK
2019-11-20,2.75,2.83,2.66,2.71,2.71,167970678.0,LINK
2019-11-21,2.71,2.71,2.48,2.55,2.55,167317923.0,LINK
2019-11-22,2.55,2.59,2.17,2.35,2.35,201718065.0,LINK
2019-11-23,2.35,2.46,2.27,2.45,2.45,149356393.0,LINK
2019-11-24,2.45,2.47,2.25,2.26,2.26,149929049.0,LINK
2019-11-25,2.26,2.38,2.06,2.28,2.28,170091780.0,LINK
2019-11-26,2.27,2.36,2.18,2.28,2.28,143568310.0,LINK
2019-11-27,2.26,2.29,2.14,2.23,2.23,149542925.0,LINK
2019-11-28,2.23,2.33,2.19,2.27,2.27,146006115.0,LINK
2019-11-29,2.28,2.36,2.27,2.34,2.34,160656952.0,LINK
2019-11-30,2.34,2.36,2.22,2.24,2.24,123021580.0,LINK
2019-12-01,2.24,2.24,2.14,2.17,2.17,136819693.0,LINK
2019-12-02,2.17,2.18,2.07,2.09,2.09,116492201.0,LINK
2019-12-03,2.09,2.2,2.05,2.13,2.13,109854018.0,LINK
2019-12-04,2.13,2.14,2.02,2.05,2.05,145162286.0,LINK
2019-12-05,2.05,2.11,1.97,2.03,2.03,126219926.0,LINK
2019-12-06,2.03,2.1,1.99,2.09,2.09,113399317.0,LINK
2019-12-07,2.09,2.11,2.05,2.06,2.06,88418201.0,LINK
2019-12-08,2.06,2.09,2.03,2.06,2.06,103114464.0,LINK
2019-12-09,2.06,2.09,2.02,2.09,2.09,147696805.0,LINK
2019-12-10,2.09,2.28,2.07,2.27,2.27,218763851.0,LINK
2019-12-11,2.27,2.3,2.15,2.18,2.18,138162558.0,LINK
2019-12-12,2.18,2.2,2.05,2.12,2.12,142758972.0,LINK
2019-12-13,2.12,2.13,2.07,2.08,2.08,117843000.0,LINK
2019-12-14,2.08,2.09,1.99,2.01,2.01,105295565.0,LINK
2019-12-15,2.01,2.12,1.98,2.09,2.09,114518248.0,LINK
2019-12-16,2.09,2.09,1.98,1.98,1.98,97454139.0,LINK
2019-12-17,1.98,2.01,1.72,1.76,1.76,172213180.0,LINK
2019-12-18,1.76,1.88,1.66,1.88,1.88,209932251.0,LINK
2019-12-19,1.88,1.89,1.75,1.82,1.82,150914458.0,LINK
2019-12-20,1.82,1.92,1.8,1.92,1.92,124354681.0,LINK
2019-12-21,1.92,1.93,1.87,1.87,1.87,88336766.0,LINK
2019-12-22,1.87,1.95,1.87,1.94,1.94,120076955.0,LINK
2019-12-23,1.94,1.96,1.86,1.88,1.88,130569407.0,LINK
2019-12-24,1.88,1.89,1.84,1.86,1.86,131772812.0,LINK
2019-12-25,1.86,1.86,1.79,1.8,1.8,86020951.0,LINK
2019-12-26,1.81,1.94,1.79,1.86,1.86,79180349.0,LINK
2019-12-27,1.86,1.95,1.85,1.89,1.89,74031488.0,LINK
2019-12-28,1.89,1.91,1.87,1.87,1.87,53567273.0,LINK
2019-12-29,1.87,1.92,1.86,1.9,1.9,53574998.0,LINK
2019-12-30,1.9,1.91,1.83,1.84,1.84,57136151.0,LINK
2019-12-31,1.84,1.84,1.76,1.77,1.77,58903187.0,LINK
2020-01-01,1.77,1.85,1.76,1.81,1.81,69723036.0,LINK
2020-01-02,1.81,1.82,1.72,1.74,1.74,52729126.0,LINK
2020-01-03,1.74,1.83,1.71,1.81,1.81,61298048.0,LINK
2020-01-04,1.81,1.85,1.79,1.84,1.84,49108149.0,LINK
2020-01-05,1.84,1.86,1.8,1.81,1.81,55235942.0,LINK
2020-01-06,1.81,1.94,1.81,1.94,1.94,80941179.0,LINK
2020-01-07,1.93,2.13,1.91,2.11,2.11,140921324.0,LINK
2020-01-08,2.11,2.33,2.11,2.18,2.18,192821111.0,LINK
2020-01-09,2.18,2.23,2.11,2.19,2.19,109938412.0,LINK
2020-01-10,2.19,2.26,2.16,2.22,2.22,109888553.0,LINK
2020-01-11,2.22,2.33,2.22,2.28,2.28,107902217.0,LINK
2020-01-12,2.28,2.31,2.23,2.25,2.25,87342007.0,LINK
2020-01-13,2.24,2.24,2.16,2.19,2.19,78803227.0,LINK
2020-01-14,2.19,2.45,2.18,2.39,2.39,135612258.0,LINK
2020-01-15,2.38,2.57,2.36,2.4,2.4,149371800.0,LINK
2020-01-16,2.41,2.5,2.3,2.48,2.48,143515775.0,LINK
2020-01-17,2.48,2.84,2.47,2.72,2.72,257924220.0,LINK
2020-01-18,2.72,2.79,2.6,2.77,2.77,167529444.0,LINK
2020-01-19,2.78,2.84,2.56,2.62,2.62,175287789.0,LINK
2020-01-20,2.62,2.74,2.55,2.7,2.7,149645625.0,LINK
2020-01-21,2.7,2.74,2.58,2.67,2.67,118493953.0,LINK
2020-01-22,2.68,2.69,2.63,2.65,2.65,97214235.0,LINK
2020-01-23,2.65,2.65,2.44,2.46,2.46,128284126.0,LINK
2020-01-24,2.47,2.53,2.37,2.5,2.5,121390826.0,LINK
2020-01-25,2.5,2.51,2.43,2.46,2.46,96793337.0,LINK
2020-01-26,2.46,2.57,2.44,2.57,2.57,101906614.0,LINK
2020-01-27,2.57,2.68,2.57,2.61,2.61,125100879.0,LINK
2020-01-28,2.61,2.67,2.6,2.66,2.66,130829515.0,LINK
2020-01-29,2.66,2.81,2.65,2.79,2.79,166469456.0,LINK
2020-01-30,2.78,2.94,2.72,2.91,2.91,189044588.0,LINK
2020-01-31,2.92,2.92,2.78,2.82,2.82,132881058.0,LINK
2020-02-01,2.82,2.87,2.76,2.84,2.84,121185567.0,LINK
2020-02-02,2.84,2.89,2.74,2.83,2.83,135278751.0,LINK
2020-02-03,2.83,2.86,2.76,2.77,2.77,128902317.0,LINK
2020-02-04,2.77,2.8,2.69,2.74,2.74,134721883.0,LINK
2020-02-05,2.74,2.87,2.73,2.85,2.85,157306879.0,LINK
2020-02-06,2.85,2.93,2.81,2.88,2.88,165611491.0,LINK
2020-02-07,2.88,3.35,2.88,3.31,3.31,380527539.0,LINK
2020-02-08,3.3,3.45,3.15,3.41,3.41,305697105.0,LINK
2020-02-09,3.41,3.48,3.27,3.48,3.48,227524199.0,LINK
2020-02-10,3.48,3.48,3.29,3.41,3.41,232733529.0,LINK
2020-02-11,3.41,3.98,3.36,3.98,3.98,388126745.0,LINK
2020-02-12,3.98,4.19,3.87,4.03,4.03,455111359.0,LINK
2020-02-13,4.02,4.09,3.77,3.87,3.87,336049071.0,LINK
2020-02-14,3.88,4.47,3.81,4.41,4.41,416798318.0,LINK
2020-02-15,4.41,4.61,4.11,4.3,4.3,498446605.0,LINK
2020-02-16,4.31,4.83,4.15,4.5,4.5,640799698.0,LINK
2020-02-17,4.49,4.55,3.88,4.3,4.3,529297130.0,LINK
2020-02-18,4.3,4.59,4.16,4.54,4.54,431990468.0,LINK
2020-02-19,4.55,4.82,4.36,4.4,4.4,415141905.0,LINK
2020-02-20,4.4,4.47,4.13,4.27,4.27,404800385.0,LINK
2020-02-21,4.27,4.48,4.21,4.29,4.29,339638604.0,LINK
2020-02-22,4.29,4.34,4.07,4.1,4.1,303556868.0,LINK
2020-02-23,4.11,4.36,4.09,4.24,4.24,299278625.0,LINK
2020-02-24,4.24,4.27,3.82,3.91,3.91,343314668.0,LINK
2020-02-25,3.91,3.95,3.51,3.51,3.51,340819808.0,LINK
2020-02-26,3.51,3.83,3.34,3.6,3.6,505501668.0,LINK
2020-02-27,3.6,4.11,3.46,3.95,3.95,492056386.0,LINK
2020-02-28,3.95,4.2,3.79,4.16,4.16,506674281.0,LINK
2020-02-29,4.16,4.35,4.11,4.11,4.11,452201070.0,LINK
2020-03-01,4.11,4.2,3.79,3.88,3.88,423505999.0,LINK
2020-03-02,3.88,4.31,3.83,4.22,4.22,437170132.0,LINK
2020-03-03,4.21,4.66,4.15,4.58,4.58,518469328.0,LINK
2020-03-04,4.58,4.95,4.56,4.64,4.64,662474676.0,LINK
2020-03-05,4.64,4.89,4.64,4.72,4.72,542142055.0,LINK
2020-03-06,4.72,4.75,4.57,4.68,4.68,384700765.0,LINK
2020-03-07,4.68,4.68,4.34,4.34,4.34,375742252.0,LINK
2020-03-08,4.35,4.43,3.9,4.09,4.09,554855517.0,LINK
2020-03-09,4.08,4.34,3.68,4.06,4.06,751627574.0,LINK
2020-03-10,4.09,4.2,3.95,4.08,4.08,531064759.0,LINK
2020-03-11,4.09,4.11,3.6,3.82,3.82,464691611.0,LINK
2020-03-12,3.82,3.83,1.97,2.06,2.06,678674594.0,LINK
2020-03-13,2.06,2.71,1.51,2.42,2.42,905688605.0,LINK
2020-03-14,2.43,2.5,2.1,2.14,2.14,448070725.0,LINK
2020-03-15,2.14,2.36,2.05,2.11,2.11,440244556.0,LINK
2020-03-16,2.11,2.11,1.6,1.78,1.78,539952973.0,LINK
2020-03-17,1.78,2.05,1.76,1.84,1.84,402042487.0,LINK
2020-03-18,1.84,1.91,1.78,1.89,1.89,304298998.0,LINK
2020-03-19,1.89,2.34,1.88,2.25,2.25,447725949.0,LINK
2020-03-20,2.25,2.6,2.09,2.25,2.25,526429075.0,LINK
2020-03-21,2.25,2.33,2.13,2.27,2.27,317973844.0,LINK
2020-03-22,2.27,2.31,1.96,1.99,1.99,295425227.0,LINK
2020-03-23,1.99,2.24,1.95,2.24,2.24,354551259.0,LINK
2020-03-24,2.23,2.36,2.2,2.31,2.31,321474266.0,LINK
2020-03-25,2.31,2.33,2.22,2.26,2.26,257497959.0,LINK
2020-03-26,2.26,2.3,2.23,2.3,2.3,209695287.0,LINK
2020-03-27,2.3,2.34,2.17,2.17,2.17,222982484.0,LINK
2020-03-28,2.18,2.18,2.07,2.14,2.14,234279602.0,LINK
2020-03-29,2.14,2.15,2.02,2.03,2.03,178728616.0,LINK
2020-03-30,2.02,2.18,2.02,2.15,2.15,220332928.0,LINK
2020-03-31,2.15,2.28,2.12,2.27,2.27,239526251.0,LINK
2020-04-01,2.27,2.3,2.16,2.28,2.28,289006167.0,LINK
2020-04-02,2.27,2.39,2.27,2.3,2.3,294353542.0,LINK
2020-04-03,2.3,2.38,2.29,2.31,2.31,226925451.0,LINK
2020-04-04,2.31,2.33,2.27,2.33,2.33,194260779.0,LINK
2020-04-05,2.33,2.33,2.26,2.28,2.28,161676430.0,LINK
2020-04-06,2.28,2.52,2.28,2.51,2.51,325590660.0,LINK
2020-04-07,2.52,2.87,2.52,2.72,2.72,577910419.0,LINK
2020-04-08,2.72,3.24,2.71,3.14,3.14,518682497.0,LINK
2020-04-09,3.14,3.45,3.13,3.32,3.32,734770971.0,LINK
2020-04-10,3.32,3.33,2.97,3.22,3.22,748426338.0,LINK
2020-04-11,3.22,3.42,3.09,3.28,3.28,653196770.0,LINK
2020-04-12,3.29,3.59,3.19,3.46,3.46,712633667.0,LINK
2020-04-13,3.47,3.47,3.31,3.37,3.37,663413130.0,LINK
2020-04-14,3.37,3.44,3.23,3.24,3.24,497025726.0,LINK
2020-04-15,3.24,3.31,3.13,3.13,3.13,425648502.0,LINK
2020-04-16,3.13,3.52,3.02,3.47,3.47,599436392.0,LINK
2020-04-17,3.47,3.53,3.41,3.48,3.48,431088440.0,LINK
2020-04-18,3.48,3.8,3.48,3.78,3.78,517130841.0,LINK
2020-04-19,3.78,3.81,3.59,3.64,3.64,497819795.0,LINK
2020-04-20,3.64,3.78,3.43,3.46,3.46,511701400.0,LINK
2020-04-21,3.45,3.58,3.43,3.48,3.48,386134896.0,LINK
2020-04-22,3.47,3.7,3.46,3.68,3.68,419768837.0,LINK
2020-04-23,3.68,3.82,3.63,3.73,3.73,458394827.0,LINK
2020-04-24,3.74,3.89,3.73,3.8,3.8,356971612.0,LINK
2020-04-25,3.8,3.89,3.78,3.8,3.8,326366095.0,LINK
2020-04-26,3.8,3.83,3.7,3.72,3.72,373262888.0,LINK
2020-04-27,3.72,3.74,3.5,3.64,3.64,418502739.0,LINK
2020-04-28,3.64,3.74,3.6,3.68,3.68,336584772.0,LINK
2020-04-29,3.68,3.96,3.65,3.91,3.91,479767865.0,LINK
2020-04-30,3.91,3.96,3.68,3.72,3.72,469432713.0,LINK
2020-05-01,3.72,3.91,3.72,3.78,3.78,387173587.0,LINK
2020-05-02,3.78,3.87,3.77,3.82,3.82,312851881.0,LINK
2020-05-03,3.82,3.87,3.67,3.72,3.72,332486848.0,LINK
2020-05-04,3.72,3.83,3.54,3.77,3.77,400808104.0,LINK
2020-05-05,3.77,3.8,3.68,3.69,3.69,307442156.0,LINK
2020-05-06,3.68,3.77,3.63,3.64,3.64,330568230.0,LINK
2020-05-07,3.64,3.83,3.58,3.75,3.75,415098618.0,LINK
2020-05-08,3.76,3.86,3.71,3.82,3.82,394360541.0,LINK
2020-05-09,3.82,4.18,3.8,4.04,4.04,596770801.0,LINK
2020-05-10,4.04,4.04,3.6,3.76,3.76,614483573.0,LINK
2020-05-11,3.76,3.82,3.41,3.59,3.59,465004956.0,LINK
2020-05-12,3.59,3.79,3.56,3.69,3.69,358470474.0,LINK
2020-05-13,3.69,3.8,3.67,3.76,3.76,319801650.0,LINK
2020-05-14,3.76,3.85,3.7,3.8,3.8,376043731.0,LINK
2020-05-15,3.8,3.84,3.65,3.67,3.67,326992724.0,LINK
2020-05-16,3.67,3.78,3.63,3.76,3.76,298753873.0,LINK
2020-05-17,3.76,3.84,3.76,3.78,3.78,324792191.0,LINK
2020-05-18,3.78,3.94,3.78,3.89,3.89,384696301.0,LINK
2020-05-19,3.88,3.92,3.79,3.92,3.92,342003353.0,LINK
2020-05-20,3.92,4.12,3.92,4.07,4.07,501477865.0,LINK
2020-05-21,4.07,4.15,3.77,3.85,3.85,475890242.0,LINK
2020-05-22,3.85,4.12,3.81,4.07,4.07,391293983.0,LINK
2020-05-23,4.07,4.1,3.93,3.96,3.96,350387118.0,LINK
2020-05-24,3.95,4.02,3.84,3.84,3.84,338608147.0,LINK
2020-05-25,3.83,3.9,3.8,3.87,3.87,319542426.0,LINK
2020-05-26,3.87,3.88,3.79,3.84,3.84,294932099.0,LINK
2020-05-27,3.84,3.92,3.82,3.86,3.86,303730713.0,LINK
2020-05-28,3.86,4.04,3.84,4.03,4.03,317138603.0,LINK
2020-05-29,4.03,4.11,3.96,3.99,3.99,328730887.0,LINK
2020-05-30,3.99,4.17,3.95,4.17,4.17,356995899.0,LINK
2020-05-31,4.17,4.26,4.06,4.13,4.13,378972617.0,LINK
2020-06-01,4.13,4.47,4.12,4.38,4.38,491355311.0,LINK
2020-06-02,4.38,4.61,4.22,4.39,4.39,447755930.0,LINK
2020-06-03,4.39,4.54,4.32,4.49,4.49,347465694.0,LINK
2020-06-04,4.49,4.51,4.32,4.43,4.43,318417019.0,LINK
2020-06-05,4.43,4.49,4.36,4.38,4.38,298753115.0,LINK
2020-06-06,4.38,4.41,4.33,4.34,4.34,270796645.0,LINK
2020-06-07,4.34,4.4,4.24,4.35,4.35,282338155.0,LINK
2020-06-08,4.35,4.46,4.33,4.46,4.46,283855462.0,LINK
2020-06-09,4.46,4.48,4.39,4.45,4.45,305409412.0,LINK
2020-06-10,4.45,4.45,4.34,4.42,4.42,294672252.0,LINK
2020-06-11,4.42,4.46,3.94,3.97,3.97,352495642.0,LINK
2020-06-12,3.98,4.18,3.89,4.09,4.09,327861604.0,LINK
2020-06-13,4.09,4.12,4.02,4.11,4.11,268974929.0,LINK
2020-06-14,4.11,4.12,3.96,3.96,3.96,259255315.0,LINK
2020-06-15,3.96,3.99,3.68,3.93,3.93,368088618.0,LINK
2020-06-16,3.93,4.08,3.9,4.05,4.05,300222403.0,LINK
2020-06-17,4.05,4.17,4.0,4.16,4.16,319675761.0,LINK
2020-06-18,4.16,4.23,4.12,4.17,4.17,299551097.0,LINK
2020-06-19,4.17,4.19,4.05,4.08,4.08,285917522.0,LINK
2020-06-20,4.08,4.21,4.05,4.17,4.17,300428191.0,LINK
2020-06-21,4.17,4.21,4.15,4.19,4.19,260111855.0,LINK
2020-06-22,4.19,4.47,4.19,4.47,4.47,354320997.0,LINK
2020-06-23,4.46,4.94,4.41,4.81,4.81,524401734.0,LINK
2020-06-24,4.81,4.93,4.55,4.72,4.72,477169365.0,LINK
2020-06-25,4.71,4.82,4.55,4.81,4.81,417488409.0,LINK
2020-06-26,4.81,4.86,4.66,4.68,4.68,366958108.0,LINK
2020-06-27,4.68,4.7,4.37,4.43,4.43,348981373.0,LINK
2020-06-28,4.43,4.63,4.38,4.56,4.56,329798147.0,LINK
2020-06-29,4.57,4.65,4.45,4.62,4.62,321184230.0,LINK
2020-06-30,4.61,4.67,4.55,4.57,4.57,287882847.0,LINK
2020-07-01,4.57,4.74,4.53,4.7,4.7,320994715.0,LINK
2020-07-02,4.71,4.91,4.67,4.85,4.85,429438117.0,LINK
2020-07-03,4.85,4.91,4.73,4.74,4.74,348151083.0,LINK
2020-07-04,4.74,4.85,4.72,4.8,4.8,312019710.0,LINK
2020-07-05,4.81,4.84,4.65,4.74,4.74,319512652.0,LINK
2020-07-06,4.74,5.39,4.74,5.37,5.37,579868603.0,LINK
2020-07-07,5.36,5.86,5.32,5.71,5.71,743372950.0,LINK
2020-07-08,5.71,6.51,5.63,6.48,6.48,942253862.0,LINK
2020-07-09,6.48,6.48,5.8,6.1,6.1,726623132.0,LINK
2020-07-10,6.1,6.18,5.75,6.14,6.14,594988188.0,LINK
2020-07-11,6.14,6.24,6.0,6.12,6.12,434708823.0,LINK
2020-07-12,6.11,7.32,6.11,7.31,7.31,949141174.0,LINK
2020-07-13,7.31,8.33,6.93,7.18,7.18,1478593080.0,LINK
2020-07-14,7.17,8.25,7.04,8.1,8.1,1180730235.0,LINK
2020-07-15,8.1,8.74,7.86,8.64,8.64,1162846199.0,LINK
2020-07-16,8.64,8.8,8.05,8.34,8.34,1096087197.0,LINK
2020-07-17,8.35,8.55,8.22,8.28,8.28,688997843.0,LINK
2020-07-18,8.27,8.27,7.79,7.96,7.96,733281754.0,LINK
2020-07-19,7.96,8.17,7.81,8.07,8.07,555719580.0,LINK
2020-07-20,8.07,8.11,7.24,7.27,7.27,674658005.0,LINK
2020-07-21,7.26,7.64,7.06,7.28,7.28,685213977.0,LINK
2020-07-22,7.28,7.59,7.09,7.47,7.47,641161938.0,LINK
2020-07-23,7.47,8.04,7.42,7.87,7.87,726843306.0,LINK
2020-07-24,7.87,7.9,7.41,7.43,7.43,560444025.0,LINK
2020-07-25,7.44,7.77,7.41,7.66,7.66,567102974.0,LINK
2020-07-26,7.66,7.9,7.33,7.5,7.5,693139971.0,LINK
2020-07-27,7.49,7.49,6.58,7.1,7.1,921616284.0,LINK
2020-07-28,7.09,7.39,6.92,7.22,7.22,592707770.0,LINK
2020-07-29,7.22,7.47,7.03,7.12,7.12,577077883.0,LINK
2020-07-30,7.11,7.56,7.05,7.42,7.42,605829267.0,LINK
2020-07-31,7.41,7.84,7.41,7.77,7.77,674556974.0,LINK
2020-08-01,7.77,8.39,7.65,8.3,8.3,757545560.0,LINK
2020-08-02,8.31,8.68,7.47,8.27,8.27,1281614848.0,LINK
2020-08-03,8.27,9.2,8.18,9.16,9.16,944680773.0,LINK
2020-08-04,9.16,9.93,9.1,9.82,9.82,1400412713.0,LINK
2020-08-05,9.83,9.85,9.42,9.56,9.56,961098081.0,LINK
2020-08-06,9.55,10.17,9.5,10.14,10.14,930966730.0,LINK
2020-08-07,10.15,10.19,9.4,10.06,10.06,1084341899.0,LINK
2020-08-08,10.08,13.7,9.99,12.69,12.69,2483258216.0,LINK
2020-08-09,12.71,14.36,12.13,13.85,13.85,2749237741.0,LINK
2020-08-10,13.84,13.94,12.88,13.44,13.44,1965617197.0,LINK
2020-08-11,13.46,13.5,12.34,13.11,13.11,1621590152.0,LINK
2020-08-12,13.1,16.75,12.68,16.62,16.62,2657494079.0,LINK
2020-08-13,16.64,18.43,16.21,17.33,17.33,3691726916.0,LINK
2020-08-14,17.35,17.79,16.49,16.93,16.93,1797902763.0,LINK
2020-08-15,16.92,19.58,16.62,19.1,19.1,2623596923.0,LINK
2020-08-16,19.11,19.85,18.68,18.8,18.8,1672318396.0,LINK
2020-08-17,18.8,19.6,16.42,16.71,16.71,1851120442.0,LINK
2020-08-18,16.78,17.66,15.18,16.24,16.24,3107415350.0,LINK
2020-08-19,16.21,17.19,15.11,16.24,16.24,2269980596.0,LINK
2020-08-20,16.22,16.73,15.85,16.09,16.09,1441868240.0,LINK
2020-08-21,16.09,16.11,13.17,13.8,13.8,2545002567.0,LINK
2020-08-22,13.83,16.24,13.83,15.96,15.96,1966563137.0,LINK
2020-08-23,15.91,15.96,14.8,15.17,15.17,1286304277.0,LINK
2020-08-24,15.16,15.81,14.79,15.18,15.18,1148602183.0,LINK
2020-08-25,15.13,15.44,13.76,14.22,14.22,1396339666.0,LINK
2020-08-26,14.23,15.59,14.15,15.25,15.25,1323937547.0,LINK
2020-08-27,15.23,15.49,14.15,14.5,14.5,1285283437.0,LINK
2020-08-28,14.5,15.44,14.31,15.16,15.16,975535520.0,LINK
2020-08-29,15.17,16.91,15.02,16.57,16.57,1982820767.0,LINK
2020-08-30,16.53,17.66,16.44,16.47,16.47,1833942060.0,LINK
2020-08-31,16.5,16.92,15.71,15.71,15.71,1431004361.0,LINK
2020-09-01,15.67,16.48,15.34,16.12,16.12,1602445973.0,LINK
2020-09-02,16.12,16.39,14.27,14.9,14.9,1440207729.0,LINK
2020-09-03,14.96,14.98,11.68,12.02,12.02,1702199858.0,LINK
2020-09-04,12.01,12.92,11.27,12.49,12.49,1796655504.0,LINK
2020-09-05,12.51,12.77,9.52,10.61,10.61,1906501660.0,LINK
2020-09-06,10.61,13.17,9.94,12.91,12.91,1953997882.0,LINK
2020-09-07,12.89,13.19,11.42,12.43,12.43,1891052111.0,LINK
2020-09-08,12.44,12.72,11.27,11.79,11.79,1393552853.0,LINK
2020-09-09,11.79,12.62,11.51,12.38,12.38,1212963345.0,LINK
2020-09-10,12.38,13.2,12.3,12.55,12.55,4019748248.0,LINK
2020-09-11,12.55,12.72,12.06,12.5,12.5,3397578038.0,LINK
2020-09-12,12.5,12.77,12.12,12.77,12.77,3524744647.0,LINK
2020-09-13,12.77,13.18,11.85,11.99,11.99,3644243870.0,LINK
2020-09-14,11.97,12.43,11.73,12.12,12.12,1249919308.0,LINK
2020-09-15,12.11,12.21,10.83,10.98,10.98,1195560378.0,LINK
2020-09-16,10.98,11.29,10.57,10.76,10.76,1153746184.0,LINK
2020-09-17,10.76,11.61,10.54,10.99,10.99,1259649198.0,LINK
2020-09-18,10.99,11.15,9.9,10.08,10.08,1114418785.0,LINK
2020-09-19,10.07,10.49,9.96,10.15,10.15,873109762.0,LINK
2020-09-20,10.14,10.58,9.6,9.77,9.77,951116671.0,LINK
2020-09-21,9.76,9.9,8.62,8.76,8.76,1586349747.0,LINK
2020-09-22,8.75,9.08,8.67,8.76,8.76,959332860.0,LINK
2020-09-23,8.77,8.82,7.47,7.69,7.69,1372140031.0,LINK
2020-09-24,7.68,10.33,7.57,9.83,9.83,2186508478.0,LINK
2020-09-25,9.83,11.15,9.47,10.72,10.72,2078331373.0,LINK
2020-09-26,10.72,11.04,10.06,10.34,10.34,1538966512.0,LINK
2020-09-27,10.34,10.93,10.02,10.77,10.77,1318565700.0,LINK
2020-09-28,10.77,11.01,10.3,10.32,10.32,1301773479.0,LINK
2020-09-29,10.31,10.33,9.5,10.11,10.11,1580153992.0,LINK
2020-09-30,10.11,10.17,9.65,9.86,9.86,1232672627.0,LINK
2020-10-01,9.87,10.38,9.49,9.65,9.65,1301204838.0,LINK
2020-10-02,9.65,9.78,8.89,9.23,9.23,1439495989.0,LINK
2020-10-03,9.23,9.54,9.15,9.31,9.31,746459913.0,LINK
2020-10-04,9.31,9.46,9.19,9.42,9.42,753626156.0,LINK
2020-10-05,9.42,9.7,9.34,9.65,9.65,1028857966.0,LINK
2020-10-06,9.64,9.65,8.69,8.78,8.78,1012162070.0,LINK
2020-10-07,8.78,9.0,8.48,8.98,8.98,919803687.0,LINK
2020-10-08,8.99,9.67,8.52,9.55,9.55,1312255514.0,LINK
2020-10-09,9.54,10.48,9.42,10.39,10.39,1520648851.0,LINK
2020-10-10,10.39,10.81,10.39,10.52,10.52,1370779935.0,LINK
2020-10-11,10.52,10.97,10.21,10.85,10.85,1339565193.0,LINK
2020-10-12,10.84,11.75,10.71,11.45,11.45,1864848582.0,LINK
2020-10-13,11.43,11.53,10.72,11.0,11.0,1460104539.0,LINK
2020-10-14,10.99,11.29,10.65,10.95,10.95,1280567850.0,LINK
2020-10-15,10.92,10.92,10.52,10.74,10.74,1148852513.0,LINK
2020-10-16,10.75,10.86,10.32,10.62,10.62,1066918482.0,LINK
2020-10-17,10.61,10.71,10.46,10.65,10.65,735511418.0,LINK
2020-10-18,10.64,10.95,10.57,10.88,10.88,762577601.0,LINK
2020-10-19,10.89,11.13,10.64,10.89,10.89,910617049.0,LINK
2020-10-20,10.88,10.9,9.86,9.88,9.88,1241598369.0,LINK
2020-10-21,9.88,11.06,9.87,10.8,10.8,1238425755.0,LINK
2020-10-22,10.79,12.32,10.74,11.94,11.94,1543967731.0,LINK
2020-10-23,11.96,12.24,11.61,12.16,12.16,1480801396.0,LINK
2020-10-24,12.16,12.92,11.99,12.73,12.73,1474195506.0,LINK
2020-10-25,12.73,12.84,12.01,12.16,12.16,1292633532.0,LINK
2020-10-26,12.16,12.43,11.35,11.75,11.75,1465017713.0,LINK
2020-10-27,11.75,12.43,11.54,11.97,11.97,1345673430.0,LINK
2020-10-28,11.97,12.12,11.2,11.46,11.46,1236406880.0,LINK
2020-10-29,11.46,11.77,11.12,11.27,11.27,1476177870.0,LINK
2020-10-30,11.27,11.42,10.79,11.1,11.1,1653652915.0,LINK
2020-10-31,11.1,11.38,10.94,11.22,11.22,1447587815.0,LINK
2020-11-01,11.22,11.57,11.04,11.54,11.54,1319631443.0,LINK
2020-11-02,11.54,11.64,10.79,10.8,10.8,1527825757.0,LINK
2020-11-03,10.8,10.8,10.13,10.39,10.39,1696479710.0,LINK
2020-11-04,10.39,10.63,9.8,10.47,10.47,1678488769.0,LINK
2020-11-05,10.47,11.2,10.11,10.99,10.99,1360783362.0,LINK
2020-11-06,10.99,12.21,10.92,12.12,12.12,1475069579.0,LINK
2020-11-07,12.12,13.38,11.54,11.76,11.76,2566987251.0,LINK
2020-11-08,11.76,13.0,11.53,12.66,12.66,1647580701.0,LINK
2020-11-09,12.66,12.95,12.11,12.52,12.52,1644324040.0,LINK
2020-11-10,12.52,13.24,12.35,13.0,13.0,1724813657.0,LINK
2020-11-11,13.0,13.39,12.79,12.81,12.81,1517819145.0,LINK
2020-11-12,12.81,13.08,12.31,12.42,12.42,1400960179.0,LINK
2020-11-13,12.42,12.99,12.34,12.89,12.89,1306004086.0,LINK
2020-11-14,12.89,12.91,12.39,12.58,12.58,997198275.0,LINK
2020-11-15,12.58,12.63,11.84,12.12,12.12,967748061.0,LINK
2020-11-16,12.12,12.79,12.03,12.59,12.59,1052161970.0,LINK
2020-11-17,12.8,13.31,12.55,13.24,13.24,1527160119.0,LINK
2020-11-18,13.24,14.2,12.92,13.59,13.59,2364966937.0,LINK
2020-11-19,13.59,13.97,13.07,13.62,13.62,1523595573.0,LINK
2020-11-20,13.62,14.4,13.51,14.08,14.08,1733532245.0,LINK
2020-11-21,14.08,15.4,13.77,15.36,15.36,2190837254.0,LINK
2020-11-22,15.36,15.62,13.91,14.44,14.44,2199639007.0,LINK
2020-11-23,14.44,15.37,14.25,15.27,15.27,2108675135.0,LINK
2020-11-24,15.27,16.25,15.01,15.62,15.62,2650363423.0,LINK
2020-11-25,15.62,15.77,13.93,14.26,14.26,1779310502.0,LINK
2020-11-26,14.26,14.45,11.36,12.58,12.58,3181022660.0,LINK
2020-11-27,12.59,12.95,12.04,12.49,12.49,1705568925.0,LINK
2020-11-28,12.49,13.41,12.39,13.08,13.08,1408628665.0,LINK
2020-11-29,13.08,13.4,12.87,13.37,13.37,1244611321.0,LINK
2020-11-30,13.37,14.38,13.37,14.23,14.23,1808384177.0,LINK
2020-12-01,14.23,14.8,13.25,13.39,13.39,1850007076.0,LINK
2020-12-02,13.39,14.13,13.14,13.99,13.99,1369209188.0,LINK
2020-12-03,13.99,14.19,13.67,13.97,13.97,1118049762.0,LINK
2020-12-04,13.97,14.03,12.61,12.74,12.74,1281415263.0,LINK
2020-12-05,12.74,13.33,12.59,13.17,13.17,1048597570.0,LINK
2020-12-06,13.17,13.52,12.81,13.49,13.49,1019945502.0,LINK
2020-12-07,13.49,13.52,12.91,13.08,13.08,894451650.0,LINK
2020-12-08,13.08,13.18,12.03,12.15,12.15,1057784369.0,LINK
2020-12-09,12.14,12.79,11.63,12.63,12.63,1305647085.0,LINK
2020-12-10,12.63,12.65,11.88,11.92,11.92,911441755.0,LINK
2020-12-11,11.92,11.94,11.45,11.66,11.66,1028197389.0,LINK
2020-12-12,11.66,12.33,11.64,12.21,12.21,855257538.0,LINK
2020-12-13,12.21,13.21,12.05,12.93,12.93,1038194829.0,LINK
2020-12-14,12.94,12.97,12.36,12.83,12.83,925077262.0,LINK
2020-12-15,12.83,12.99,12.49,12.71,12.71,810207084.0,LINK
2020-12-16,12.7,13.46,12.35,13.45,13.45,1223226479.0,LINK
2020-12-17,13.45,14.44,13.17,13.47,13.47,1827482310.0,LINK
2020-12-18,13.47,13.99,13.22,13.51,13.51,1304911674.0,LINK
2020-12-19,13.51,13.97,13.32,13.49,13.49,1149858505.0,LINK
2020-12-20,13.49,13.74,12.8,13.07,13.07,1142006159.0,LINK
2020-12-21,13.07,13.25,12.17,12.34,12.34,1245762389.0,LINK
2020-12-22,12.34,12.81,11.86,12.79,12.79,1298374630.0,LINK
2020-12-23,12.79,12.85,8.51,10.83,10.83,1924391287.0,LINK
2020-12-24,10.87,11.66,9.97,11.58,11.58,1894113775.0,LINK
2020-12-25,11.57,11.86,11.08,11.55,11.55,1400082282.0,LINK
2020-12-26,11.55,11.78,10.68,10.96,10.96,1419511858.0,LINK
2020-12-27,10.96,13.04,10.24,12.13,12.13,2199716490.0,LINK
2020-12-28,12.15,12.89,12.04,12.63,12.63,1696784036.0,LINK
2020-12-29,12.62,12.98,10.84,11.77,11.77,2021247540.0,LINK
2020-12-30,11.77,11.93,11.1,11.25,11.25,1497541827.0,LINK
2020-12-31,11.25,11.72,11.0,11.27,11.27,1206737629.0,LINK
2021-01-01,11.27,12.39,11.12,11.87,11.87,1376173840.0,LINK
2021-01-02,11.87,12.36,11.52,12.22,12.22,1562557417.0,LINK
2021-01-03,12.22,13.98,11.88,13.65,13.65,2298964833.0,LINK
2021-01-04,13.67,15.58,12.6,13.57,13.57,2926793268.0,LINK
2021-01-05,13.57,14.9,13.17,14.54,14.54,2435517089.0,LINK
2021-01-06,14.55,17.22,14.18,17.16,17.16,3654880010.0,LINK
2021-01-07,17.16,17.35,15.23,16.03,16.03,2848054680.0,LINK
2021-01-08,16.02,16.15,14.26,15.29,15.29,2749568571.0,LINK
2021-01-09,15.28,17.9,15.06,17.61,17.61,2622916177.0,LINK
2021-01-10,17.6,18.45,15.62,16.25,16.25,3058197027.0,LINK
2021-01-11,16.25,16.25,12.57,14.56,14.56,3428738380.0,LINK
2021-01-12,14.55,15.44,13.75,13.92,13.92,2198321176.0,LINK
2021-01-13,13.9,16.21,13.43,15.93,15.93,2265358357.0,LINK
2021-01-14,15.93,17.83,15.43,17.83,17.83,2758638858.0,LINK
2021-01-15,17.87,21.19,17.57,20.71,20.71,6831687993.0,LINK
2021-01-16,20.71,22.69,19.72,20.22,20.22,5499569396.0,LINK
2021-01-17,20.22,23.61,19.46,23.17,23.17,5027606263.0,LINK
2021-01-18,23.2,23.53,21.21,22.04,22.04,3602422029.0,LINK
2021-01-19,22.04,22.8,20.58,20.75,20.75,3077697741.0,LINK
2021-01-20,20.72,21.93,19.19,21.85,21.85,3432961301.0,LINK
2021-01-21,21.85,21.94,18.16,18.42,18.42,3407990167.0,LINK
2021-01-22,18.41,22.43,17.38,21.63,21.63,4292258677.0,LINK
2021-01-23,21.61,25.45,21.25,24.76,24.76,5098945532.0,LINK
2021-01-24,24.77,24.87,23.38,24.7,24.7,3727726939.0,LINK
2021-01-25,24.7,25.65,22.74,23.54,23.54,3740983054.0,LINK
2021-01-26,23.52,23.95,21.77,23.03,23.03,3117612363.0,LINK
2021-01-27,23.03,23.11,20.38,21.07,21.07,3092662314.0,LINK
2021-01-28,21.06,23.76,20.63,23.66,23.66,3754210031.0,LINK
2021-01-29,23.3,24.18,22.11,22.77,22.77,3788470512.0,LINK
2021-01-30,22.77,23.95,22.23,23.59,23.59,2685935166.0,LINK
2021-01-31,23.6,24.53,22.17,22.6,22.6,2692563296.0,LINK
2021-02-01,22.6,23.15,21.7,22.84,22.84,2422414492.0,LINK
2021-02-02,22.84,24.11,22.79,23.71,23.71,2604058585.0,LINK
2021-02-03,23.71,25.44,23.57,25.07,25.07,3147392512.0,LINK
2021-02-04,25.08,25.97,22.99,24.5,24.5,3344787680.0,LINK
2021-02-05,24.5,26.9,24.5,26.36,26.36,3936072393.0,LINK
2021-02-06,26.35,26.72,24.47,25.05,25.05,3146238666.0,LINK
2021-02-07,25.05,25.28,23.09,24.79,24.79,2772921168.0,LINK
2021-02-08,24.78,25.94,24.06,25.46,25.46,3063771707.0,LINK
2021-02-09,25.46,27.9,25.0,27.59,27.59,3700778075.0,LINK
2021-02-10,27.59,28.6,25.69,26.86,26.86,4118325808.0,LINK
2021-02-11,26.86,28.45,26.31,27.87,27.87,3098066260.0,LINK
2021-02-12,27.86,31.38,26.83,30.64,30.64,4140041013.0,LINK
2021-02-13,30.65,34.54,29.29,34.1,34.1,5124433886.0,LINK
2021-02-14,34.12,35.58,32.46,33.29,33.29,4767351610.0,LINK
2021-02-15,33.27,34.82,28.31,32.58,32.58,4824452129.0,LINK
2021-02-16,32.53,33.23,30.97,31.97,31.97,3794728330.0,LINK
2021-02-17,31.98,32.59,30.05,32.26,32.26,3072709793.0,LINK
2021-02-18,32.25,33.53,31.9,32.44,32.44,1726602702.0,LINK
2021-02-19,32.46,35.41,31.58,34.72,34.72,2518517790.0,LINK
2021-02-20,34.71,36.83,32.64,34.11,34.11,3095945275.0,LINK
2021-02-21,34.07,35.23,33.43,34.15,34.15,1768919687.0,LINK
2021-02-22,34.15,34.16,25.66,31.53,31.53,3577738646.0,LINK
2021-02-23,31.52,31.55,21.2,25.8,25.8,5101235732.0,LINK
2021-02-24,25.83,29.18,24.65,28.09,28.09,3087989665.0,LINK
2021-02-25,28.07,28.56,24.6,24.67,24.67,2016768740.0,LINK
2021-02-26,24.73,26.95,23.76,25.19,25.19,170549323809.0,LINK
2021-02-27,25.2,27.39,24.91,26.24,26.24,1874410773.0,LINK
2021-02-28,26.23,26.75,23.08,24.66,24.66,2019851812.0,LINK
2021-03-01,24.67,27.65,24.67,27.61,27.61,2279573086.0,LINK
2021-03-02,27.61,30.45,27.21,28.51,28.51,2745094103.0,LINK
2021-03-03,28.51,31.38,28.25,29.99,29.99,1999664566.0,LINK
2021-03-04,29.96,30.53,27.36,27.72,27.72,1935423706.0,LINK
2021-03-05,27.71,28.16,25.73,27.88,27.88,1739847947.0,LINK
2021-03-06,27.86,28.33,26.41,28.17,28.17,1130900770.0,LINK
2021-03-07,28.17,29.02,27.47,28.55,28.55,1305530074.0,LINK
2021-03-08,28.56,31.7,28.38,31.7,31.7,2212810141.0,LINK
2021-03-09,31.7,31.93,30.45,31.5,31.5,1630964651.0,LINK
2021-03-10,31.49,31.74,29.52,29.95,29.95,1606531492.0,LINK
2021-03-11,29.91,30.37,28.73,30.08,30.08,1537882620.0,LINK
2021-03-12,30.08,30.36,27.86,28.46,28.46,1435032009.0,LINK
2021-03-13,28.46,30.53,27.11,29.78,29.78,1739486182.0,LINK
2021-03-14,29.77,30.14,28.6,28.79,28.79,1062176148.0,LINK
2021-03-15,28.77,29.38,26.9,27.49,27.49,1557817114.0,LINK
2021-03-16,27.49,28.14,26.5,27.92,27.92,1213205842.0,LINK
2021-03-17,27.92,31.21,27.43,31.01,31.01,2339727784.0,LINK
2021-03-18,31.0,31.29,29.18,29.5,29.5,1427732613.0,LINK
2021-03-19,29.49,30.52,28.88,29.91,29.91,1116478172.0,LINK
2021-03-20,29.9,31.48,29.68,29.68,29.68,1199973272.0,LINK
2021-03-21,29.68,30.14,28.73,29.27,29.27,969809465.0,LINK
2021-03-22,29.28,29.43,27.39,27.4,27.4,1083074169.0,LINK
2021-03-23,27.39,27.99,26.76,26.92,26.92,1124961035.0,LINK
2021-03-24,26.91,27.9,24.26,25.05,25.05,1401912784.0,LINK
2021-03-25,25.03,26.63,24.62,25.7,25.7,1351900683.0,LINK
2021-03-26,25.69,27.46,25.46,27.4,27.4,1139989327.0,LINK
2021-03-27,27.4,27.51,26.08,26.88,26.88,783605885.0,LINK
2021-03-28,26.88,27.68,26.23,26.7,26.7,804341768.0,LINK
2021-03-29,26.7,28.52,26.48,28.05,28.05,1122700330.0,LINK
2021-03-30,28.05,28.57,27.68,27.9,27.9,923736996.0,LINK
2021-03-31,27.9,29.35,26.69,29.35,29.35,1419202876.0,LINK
2021-04-01,29.38,31.19,29.38,30.23,30.23,1814724170.0,LINK
2021-04-02,30.22,32.68,29.73,32.53,32.53,1564647602.0,LINK
2021-04-03,32.53,33.22,29.49,29.53,29.53,1713670579.0,LINK
2021-04-04,29.53,31.59,29.26,30.96,30.96,1148273070.0,LINK
2021-04-05,30.96,32.63,30.01,32.4,32.4,1463086927.0,LINK
2021-04-06,32.42,34.95,31.4,34.8,34.8,2839348208.0,LINK
2021-04-07,34.79,35.11,30.29,31.18,31.18,2513971688.0,LINK
2021-04-08,31.2,32.87,31.05,32.74,32.74,1227213106.0,LINK
2021-04-09,32.74,33.28,31.3,31.63,31.63,1021522189.0,LINK
2021-04-10,31.63,33.03,31.05,31.9,31.9,1054977270.0,LINK
2021-04-11,31.91,34.42,31.77,33.92,33.92,1365984050.0,LINK
2021-04-12,33.94,34.16,31.94,33.11,33.11,1169762436.0,LINK
2021-04-13,33.09,35.87,32.43,35.46,35.46,1775182126.0,LINK
2021-04-14,35.49,42.03,35.12,41.42,41.42,3821675577.0,LINK
2021-04-15,41.34,44.4,39.81,42.75,42.75,3655212066.0,LINK
2021-04-16,42.62,43.19,38.76,42.1,42.1,3017897774.0,LINK
2021-04-17,42.08,44.07,40.31,40.37,40.37,2183873341.0,LINK
2021-04-18,40.4,40.75,30.28,39.07,39.07,4447232523.0,LINK
2021-04-19,39.12,41.92,34.96,35.88,35.88,3408804481.0,LINK
2021-04-20,35.71,39.31,33.39,38.95,38.95,3207615682.0,LINK
2021-04-21,39.0,39.45,35.98,36.44,36.44,2055648963.0,LINK
2021-04-22,36.27,40.74,33.95,35.23,35.23,3244017655.0,LINK
2021-04-23,35.2,35.9,30.32,35.06,35.06,3600828195.0,LINK
2021-04-24,35.15,35.26,31.06,31.13,31.13,1642552575.0,LINK
2021-04-25,31.22,33.4,30.01,31.54,31.54,1348819867.0,LINK
2021-04-26,31.66,35.26,31.42,35.14,35.14,1676434078.0,LINK
2021-04-27,35.14,37.6,34.52,36.81,36.81,1599200378.0,LINK
2021-04-28,36.79,37.75,34.98,36.22,36.22,1471169508.0,LINK
2021-04-29,36.24,37.36,35.06,36.45,36.45,1371222858.0,LINK
2021-04-30,36.45,38.74,35.85,38.13,38.13,1478967958.0,LINK
2021-05-01,38.12,41.21,37.59,41.12,41.12,1635368352.0,LINK
2021-05-02,41.24,41.42,38.74,39.5,39.5,1469982885.0,LINK
2021-05-03,39.47,42.67,39.29,42.06,42.06,1842337157.0,LINK
2021-05-04,42.05,48.52,38.96,45.69,45.69,5428570250.0,LINK
2021-05-05,45.51,51.17,44.95,49.43,49.43,4918560956.0,LINK
2021-05-06,49.55,49.78,45.56,47.13,47.13,2972637925.0,LINK
2021-05-07,47.14,51.91,45.77,49.31,49.31,3471006688.0,LINK
2021-05-08,49.16,50.22,46.73,48.61,48.61,2167384860.0,LINK
2021-05-09,48.62,52.34,46.26,52.2,52.2,3032923001.0,LINK
2021-05-10,52.25,52.88,41.22,46.47,46.47,3626979218.0,LINK
2021-05-11,46.32,48.83,44.7,48.75,48.75,2581226881.0,LINK
2021-05-12,48.84,49.79,41.03,41.03,41.03,2464290550.0,LINK
2021-05-13,41.68,44.92,39.62,43.09,43.09,3419085325.0,LINK
2021-05-14,43.23,47.72,42.98,46.55,46.55,2249865291.0,LINK
2021-05-15,46.55,47.79,41.1,41.5,41.5,2721945963.0,LINK
2021-05-16,41.42,44.61,37.96,40.74,40.74,2323419857.0,LINK
2021-05-17,40.7,40.7,35.24,37.19,37.19,2528181081.0,LINK
2021-05-18,37.1,44.69,36.8,42.55,42.55,2918047922.0,LINK
2021-05-19,42.64,43.5,21.27,26.7,26.7,5200872150.0,LINK
2021-05-20,26.33,33.01,22.65,30.78,30.78,3689669181.0,LINK
2021-05-21,30.68,31.99,22.12,25.58,25.58,2821780834.0,LINK
2021-05-22,25.6,26.21,22.4,23.29,23.29,2086100617.0,LINK
2021-05-23,23.33,24.39,15.09,20.01,20.01,3660888534.0,LINK
2021-05-24,19.87,26.42,19.79,26.36,26.36,3012097212.0,LINK
2021-05-25,26.37,27.63,23.78,27.63,27.63,2430723622.0,LINK
2021-05-26,27.55,34.2,26.9,33.98,33.98,3238551221.0,LINK
2021-05-27,33.98,35.34,30.16,31.51,31.51,3009160090.0,LINK
2021-05-28,31.66,32.17,26.94,27.95,27.95,3119953263.0,LINK
2021-05-29,27.91,29.61,24.16,25.4,25.4,2160750313.0,LINK
2021-05-30,25.36,29.06,23.84,26.87,26.87,2131449890.0,LINK
2021-05-31,26.83,32.09,25.61,32.09,32.09,2610739303.0,LINK
2021-06-01,32.12,32.63,29.16,30.7,30.7,1987644783.0,LINK
2021-06-02,30.72,32.11,29.69,30.66,30.66,1436895950.0,LINK
2021-06-03,30.69,32.87,30.13,32.19,32.19,1438073373.0,LINK
2021-06-04,32.2,32.2,27.32,28.88,28.88,2066403596.0,LINK
2021-06-05,28.85,30.15,26.12,27.13,27.13,1471383888.0,LINK
2021-06-06,27.13,28.14,26.85,27.55,27.55,844390913.0,LINK
2021-06-07,27.54,28.69,24.34,24.53,24.53,1350784356.0,LINK
2021-06-08,24.59,25.09,21.45,24.17,24.17,1934263190.0,LINK
2021-06-09,24.11,25.64,22.52,25.57,25.57,1648653604.0,LINK
2021-06-10,25.59,25.74,22.81,23.1,23.1,1193159732.0,LINK
2021-06-11,23.12,23.37,21.04,21.48,21.48,1088965648.0,LINK
2021-06-12,21.48,22.29,20.05,21.69,21.69,1247246126.0,LINK
2021-06-13,21.7,23.85,20.46,23.34,23.34,1327698302.0,LINK
2021-06-14,23.32,25.21,22.93,23.86,23.86,1329108017.0,LINK
2021-06-15,25.47,26.44,24.46,26.08,26.08,1606249957.0,LINK
2021-06-16,24.5,24.63,22.93,23.02,23.02,1151075162.0,LINK
2021-06-17,23.03,24.43,22.86,23.36,23.36,863470684.0,LINK
2021-06-18,23.39,23.39,20.62,21.21,21.21,1115868665.0,LINK
2021-06-19,21.25,21.94,20.29,20.42,20.42,800704737.0,LINK
2021-06-20,20.33,22.06,19.15,21.74,21.74,1081292351.0,LINK
2021-06-21,21.67,21.85,17.01,17.42,17.42,1950854618.0,LINK
2021-06-22,17.38,18.76,15.03,16.81,16.81,2148014387.0,LINK
2021-06-23,16.84,19.15,16.21,18.39,18.39,1526785667.0,LINK
2021-06-24,18.39,19.5,17.39,19.04,19.04,905107227.0,LINK
2021-06-25,19.05,19.47,16.84,16.93,16.93,1099374748.0,LINK
2021-06-26,16.9,17.49,15.96,16.96,16.96,956999857.0,LINK
2021-06-27,16.97,18.37,16.63,18.34,18.34,805522371.0,LINK
2021-06-28,18.38,19.41,17.93,18.77,18.77,925374429.0,LINK
2021-06-29,18.81,20.53,18.76,19.46,19.46,957886998.0,LINK
2021-06-30,19.52,19.76,18.18,19.5,19.5,941628359.0,LINK
2021-07-01,19.5,19.5,17.64,18.27,18.27,779093195.0,LINK
2021-07-02,18.22,18.52,17.31,18.28,18.28,686541946.0,LINK
2021-07-03,18.29,18.89,17.9,18.54,18.54,509076296.0,LINK
2021-07-04,18.55,19.89,18.03,19.26,19.26,680268075.0,LINK
2021-07-05,19.25,19.25,17.81,18.37,18.37,698619085.0,LINK
2021-07-06,18.35,20.24,18.35,20.08,20.08,1156986405.0,LINK
2021-07-07,20.09,21.23,19.64,19.76,19.76,1110848445.0,LINK
2021-07-08,19.81,19.87,18.17,18.42,18.42,1058203545.0,LINK
2021-07-09,18.36,18.86,17.64,18.63,18.63,816330236.0,LINK
2021-07-10,18.65,18.96,17.78,18.21,18.21,661114023.0,LINK
2021-07-11,18.21,18.57,17.88,18.36,18.36,497212243.0,LINK
2021-07-12,18.37,18.6,17.17,17.55,17.55,594714862.0,LINK
2021-07-13,17.54,17.76,16.69,16.87,16.87,538263707.0,LINK
2021-07-14,16.87,17.41,16.04,16.95,16.95,681837333.0,LINK
2021-07-15,16.94,17.23,15.54,15.68,15.68,740493635.0,LINK
2021-07-16,15.75,16.32,15.17,15.26,15.26,680392108.0,LINK
2021-07-17,15.24,15.64,15.05,15.36,15.36,677124646.0,LINK
2021-07-18,15.36,16.06,15.2,15.5,15.5,574546104.0,LINK
2021-07-19,15.49,15.6,14.43,14.51,14.51,670510019.0,LINK
2021-07-20,14.53,14.75,13.42,13.78,13.78,800914402.0,LINK
2021-07-21,13.75,15.77,13.47,15.27,15.27,918763868.0,LINK
2021-07-21,13.75,15.77,13.47,15.27,15.27,918763868.0,LINK
2021-07-22,15.29,16.14,15.01,16.09,16.09,754697838.0,LINK
2021-07-23,16.09,16.56,15.27,16.51,16.51,681005826.0,LINK
2021-07-24,16.5,17.13,16.34,16.71,16.71,727986313.0,LINK
2021-07-25,16.7,17.05,16.19,16.76,16.76,662123046.0,LINK
2021-07-26,16.76,19.95,16.69,18.09,18.09,1715187653.0,LINK
2021-07-27,18.05,19.58,17.63,19.5,19.5,1093556431.0,LINK
2021-07-28,19.52,19.99,18.64,19.03,19.03,1052448399.0,LINK
2021-07-29,19.08,19.46,18.64,19.35,19.35,683047915.0,LINK
2021-07-30,19.38,22.65,18.87,22.32,22.32,1784301053.0,LINK
2021-07-31,22.26,23.33,21.29,22.75,22.75,1206821084.0,LINK
2021-08-01,22.68,23.92,21.83,22.13,22.13,1289766472.0,LINK
2021-08-02,22.09,23.96,21.42,23.48,23.48,1205839585.0,LINK
2021-08-03,23.49,24.36,22.16,23.88,23.88,1505866473.0,LINK
2021-08-04,23.94,24.97,22.9,24.19,24.19,1301126744.0,LINK
2021-08-05,24.2,24.33,22.56,24.05,24.05,1221315371.0,LINK
2021-08-06,24.06,24.37,23.11,23.86,23.86,1229062846.0,LINK
2021-08-07,23.88,25.1,23.64,24.63,24.63,1160693888.0,LINK
2021-08-08,24.68,24.91,22.61,23.05,23.05,1001659429.0,LINK
2021-08-09,23.04,24.66,22.09,24.29,24.29,1065311841.0,LINK
2021-08-10,24.22,25.48,23.79,24.57,24.57,1130326992.0,LINK
2021-08-11,24.55,27.32,24.47,25.95,25.95,1497841555.0,LINK
2021-08-12,25.94,26.89,24.15,24.92,24.92,1230756533.0,LINK
2021-08-13,24.97,27.76,24.73,27.73,27.73,1144930390.0,LINK
2021-08-14,27.74,27.93,26.5,27.16,27.16,1130955981.0,LINK
2021-08-15,27.16,27.97,25.95,27.9,27.9,1030808400.0,LINK
2021-08-16,27.92,30.48,27.7,28.08,28.08,1983160446.0,LINK
2021-08-17,27.97,30.26,25.95,26.16,26.16,1914250030.0,LINK
2021-08-18,26.15,26.89,25.01,25.51,25.51,1595189412.0,LINK
2021-08-19,25.37,27.06,24.53,27.06,27.06,1598899266.0,LINK
2021-08-20,27.06,28.98,26.71,28.7,28.7,1751490160.0,LINK
2021-08-21,28.7,29.16,27.67,27.86,27.86,1455243796.0,LINK
2021-08-22,27.87,28.64,26.9,28.02,28.02,1408718303.0,LINK
2021-08-23,28.01,29.3,27.83,28.55,28.55,1598569816.0,LINK
2021-08-24,28.6,28.92,25.74,25.75,25.75,1613899031.0,LINK
2021-08-25,25.76,26.84,25.38,26.52,26.52,1415094739.0,LINK
2021-08-26,26.63,26.94,24.04,24.43,24.43,1311934435.0,LINK
2021-08-27,24.42,26.12,24.03,26.02,26.02,1210853844.0,LINK
2021-08-28,26.06,26.18,25.4,25.73,25.73,723391379.0,LINK
2021-08-29,25.74,26.57,25.22,25.81,25.81,806571294.0,LINK
2021-08-30,25.8,26.49,24.41,24.98,24.98,1007561615.0,LINK
2021-08-31,25.03,27.48,24.74,26.75,26.75,1589683012.0,LINK
2021-09-01,26.74,29.74,26.13,29.74,29.74,1847068364.0,LINK
2021-09-02,29.75,30.87,28.79,29.99,29.99,1639033323.0,LINK
2021-09-03,29.97,31.67,29.07,30.78,30.78,1643428629.0,LINK
2021-09-04,30.76,31.17,29.47,29.9,29.9,1159289898.0,LINK
2021-09-05,29.9,33.5,29.58,33.5,33.5,1590082788.0,LINK
2021-09-06,33.56,36.28,32.82,34.78,34.78,2570028655.0,LINK
2021-09-07,34.8,35.34,24.15,28.11,28.11,4040870039.0,LINK
2021-09-08,28.14,29.15,25.28,27.15,27.15,2585516284.0,LINK
2021-09-09,26.65,30.08,26.53,27.98,27.98,2031066692.0,LINK
2021-09-10,28.0,29.51,25.74,26.39,26.39,1946136766.0,LINK
2021-09-11,26.37,27.65,26.32,27.04,27.04,1166180450.0,LINK
2021-09-12,27.04,29.69,26.44,29.38,29.38,1462168958.0,LINK
2021-09-13,29.46,29.9,25.27,26.92,26.92,2255860308.0,LINK
2021-09-14,26.96,30.75,26.78,30.75,30.75,2022844879.0,LINK
2021-09-15,30.82,31.44,29.69,30.78,30.78,1966187056.0,LINK
2021-09-16,30.69,32.08,29.09,29.83,29.83,1803464603.0,LINK
2021-09-17,29.82,30.11,27.42,27.69,27.69,1433695397.0,LINK
2021-09-18,27.7,29.45,27.42,28.39,28.39,1042938776.0,LINK
2021-09-19,28.37,28.73,26.98,27.4,27.4,879401513.0,LINK
2021-09-20,27.42,27.42,23.17,23.43,23.43,1886071778.0,LINK
2021-09-21,23.56,24.33,20.98,21.43,21.43,1778536991.0,LINK
2021-09-22,21.4,24.49,21.06,24.49,24.49,1389451521.0,LINK
2021-09-23,24.47,25.49,23.43,25.45,25.45,1217369813.0,LINK
2021-09-24,25.43,25.51,21.48,23.28,23.28,1642781331.0,LINK
2021-09-25,23.27,24.72,22.12,24.52,24.52,1343113784.0,LINK
2021-09-26,24.54,25.39,22.43,24.6,24.6,1923140692.0,LINK
2021-09-27,24.66,25.44,23.01,23.07,23.07,1068472472.0,LINK
2021-09-28,23.03,23.74,22.02,22.1,22.1,1022623443.0,LINK
2021-09-29,22.13,23.89,22.04,22.88,22.88,1000762987.0,LINK
